request_id,request_date,connector,connector_type,connector_reachable,edge_type,target_entity,target_entity_title,target_entity_company,same_title_family,source_file,relationship_date,recency_days_at_request,availability,confidence,limitations
R1001,2026-04-14,Marcus Aldridge,Advisor,True,export_colleague_at_target_account,Sabine Dellinger,Chief Data Officer,Vantage Ridge Utilities,False,connections_aldridge.csv,2022-12-23,1208.0,time_aware_available,low,"Connection is to a colleague at the target account, not the requested person; onward reachability inside the account is unknown."
R1001,2026-04-14,Tomás Beckett,Internal,True,export_colleague_at_target_account,Sabine Dellinger,Chief Data Officer,Vantage Ridge Utilities,False,connections_beckett.csv,2024-11-09,521.0,time_aware_available,low,"Connection is to a colleague at the target account, not the requested person; onward reachability inside the account is unknown."
R1001,2026-04-14,Ravi Underhill-Halloran,Investor/Advisor (not on roster or in exports),False,investor_portfolio,Vantage Ridge Utilities,,Vantage Ridge Utilities,False,investor_network.csv,,,snapshot_only_historical_unknown,low,Candidate path visible in supplied current snapshot; historical availability unknown. Connector is not on the roster and appears in no export: reachability unproven.
R1002,2025-09-14,Curtis Sandoval-Glückstein,Investor/Advisor (not on roster or in exports),False,investor_portfolio_board_seat,Volney Industrial Systems,,Volney Industrial Systems,False,investor_network.csv,,,snapshot_only_historical_unknown,medium,Candidate path visible in supplied current snapshot; historical availability unknown. Board seat implies direct access to leadership. Connector is not on the roster and appears in no export: reachability unproven.
R1002,2025-09-14,Priya Dobrescu-Prendergast,Investor/Advisor (not on roster or in exports),False,investor_portfolio,Volney Industrial Systems,,Volney Industrial Systems,False,investor_network.csv,,,snapshot_only_historical_unknown,low,Candidate path visible in supplied current snapshot; historical availability unknown. Connector is not on the roster and appears in no export: reachability unproven.
R1002,2025-09-14,Bertrand Achterberg-Quillane,Investor/Advisor (not on roster or in exports),False,investor_portfolio,Volney Industrial Systems,,Volney Industrial Systems,False,investor_network.csv,,,snapshot_only_historical_unknown,low,Candidate path visible in supplied current snapshot; historical availability unknown. Connector is not on the roster and appears in no export: reachability unproven.
R1002,2025-09-14,Freya Oldfield-Ibarra,Investor/Advisor (not on roster or in exports),False,investor_portfolio,Volney Industrial Systems,,Volney Industrial Systems,False,investor_network.csv,,,snapshot_only_historical_unknown,low,Candidate path visible in supplied current snapshot; historical availability unknown. Connector is not on the roster and appears in no export: reachability unproven.
R1003,2026-03-03,Marcus Aldridge,Advisor,True,export_colleague_at_target_account,Niall Grimsby,Chief Data Officer,Redtree Foods,False,connections_aldridge.csv,2020-02-25,2198.0,time_aware_available,low,"Connection is to a colleague at the target account, not the requested person; onward reachability inside the account is unknown."
R1003,2026-03-03,Priya Raghunathan,Investor,True,export_colleague_at_target_account,Coretta Bellinger,VP Data & Analytics,Redtree Foods,False,connections_raghunathan.csv,2014-07-03,4261.0,time_aware_available,low,"Connection is to a colleague at the target account, not the requested person; onward reachability inside the account is unknown."
R1003,2026-03-03,Owen Trask,Investor,True,export_colleague_at_target_account,Niall Grimsby,Chief Data Officer,Redtree Foods,False,connections_trask.csv,2017-11-17,3028.0,time_aware_available,low,"Connection is to a colleague at the target account, not the requested person; onward reachability inside the account is unknown."
R1003,2026-03-03,Priya Raghunathan,Investor/Advisor,True,investor_portfolio,Redtree Foods,,Redtree Foods,False,investor_network.csv,,,snapshot_only_historical_unknown,low,Candidate path visible in supplied current snapshot; historical availability unknown.
R1003,2026-03-03,Renata Halloran-Quillane,Investor/Advisor (not on roster or in exports),False,investor_portfolio,Redtree Foods,,Redtree Foods,False,investor_network.csv,,,snapshot_only_historical_unknown,low,Candidate path visible in supplied current snapshot; historical availability unknown. Connector is not on the roster and appears in no export: reachability unproven.
R1003,2026-03-03,Niall Grimsby,Investor/Advisor (not on roster or in exports),False,investor_alumni_prior_employer,Redtree Foods,,Redtree Foods,False,investor_network.csv,2013-01-01,,time_aware_available,low,Alumni relationship inferred from prior employment (year-only dates); whether live contacts remain inside the account is unknown.
R1003,2026-03-03,Coretta Bellinger,Investor/Advisor (not on roster or in exports),False,investor_alumni_prior_employer,Redtree Foods,,Redtree Foods,False,investor_network.csv,2012-01-01,,time_aware_available,low,Alumni relationship inferred from prior employment (year-only dates); whether live contacts remain inside the account is unknown.
R1004,2026-07-06,Marcus Aldridge,Advisor,True,export_colleague_at_target_account,Kofi Jarrold,Chief Information Officer,Marchford Clinics,False,connections_aldridge.csv,2023-09-18,1022.0,time_aware_available,low,"Connection is to a colleague at the target account, not the requested person; onward reachability inside the account is unknown."
R1004,2026-07-06,Priya Raghunathan,Investor,True,export_colleague_at_target_account,Teodor Zubkov,Program Manager,Marchford Clinics,False,connections_raghunathan.csv,2020-12-24,2020.0,time_aware_available,low,"Connection is to a colleague at the target account, not the requested person; onward reachability inside the account is unknown."
R1004,2026-07-06,Owen Trask,Investor,True,export_colleague_at_target_account,Teodor Zubkov,Program Manager,Marchford Clinics,False,connections_trask.csv,2020-05-24,2234.0,time_aware_available,low,"Connection is to a colleague at the target account, not the requested person; onward reachability inside the account is unknown."
R1006,2026-06-07,Tomás Beckett,Internal,True,export_colleague_at_target_account,Kofi Mkhize,VP Engineering,Kingsmere Retail Group,True,connections_beckett.csv,2016-03-26,3725.0,time_aware_available,medium,"Connection is to a colleague at the target account, not the requested person; onward reachability inside the account is unknown."
R1006,2026-06-07,Priya Raghunathan,Investor,True,export_colleague_at_target_account,Saoirse Quillane,VP Data & Analytics,Kingsmere Retail Group,False,connections_raghunathan.csv,2021-10-27,1684.0,time_aware_available,low,"Connection is to a colleague at the target account, not the requested person; onward reachability inside the account is unknown."
R1006,2026-06-07,Owen Trask,Investor,True,export_colleague_at_target_account,Kofi Mkhize,VP Engineering,Kingsmere Retail Group,True,connections_trask.csv,2016-05-20,3670.0,time_aware_available,medium,"Connection is to a colleague at the target account, not the requested person; onward reachability inside the account is unknown."
R1006,2026-06-07,Dana Whitfield,Internal,True,export_colleague_at_target_account,Saoirse Quillane,VP Data & Analytics,Kingsmere Retail Group,False,connections_whitfield.csv,2023-12-11,909.0,time_aware_available,low,"Connection is to a colleague at the target account, not the requested person; onward reachability inside the account is unknown."
R1006,2026-06-07,Kofi Mkhize,Investor/Advisor (not on roster or in exports),False,investor_alumni_prior_employer,Kingsmere Retail Group,,Kingsmere Retail Group,False,investor_network.csv,2012-01-01,,time_aware_available,low,Alumni relationship inferred from prior employment (year-only dates); whether live contacts remain inside the account is unknown.
R1008,2026-01-07,Owen Trask,Investor,True,export_colleague_at_target_account,Elena Rushworth,Head of Automation,Silverbrook Paper,False,connections_trask.csv,2019-11-27,2233.0,time_aware_available,low,"Connection is to a colleague at the target account, not the requested person; onward reachability inside the account is unknown."
R1009,2026-04-15,Marcus Aldridge,Advisor,True,export_colleague_at_target_account,Kofi Jarrold,Chief Information Officer,Marchford Clinics,False,connections_aldridge.csv,2023-09-18,940.0,time_aware_available,low,"Connection is to a colleague at the target account, not the requested person; onward reachability inside the account is unknown."
R1009,2026-04-15,Priya Raghunathan,Investor,True,export_colleague_at_target_account,Teodor Zubkov,Program Manager,Marchford Clinics,False,connections_raghunathan.csv,2020-12-24,1938.0,time_aware_available,low,"Connection is to a colleague at the target account, not the requested person; onward reachability inside the account is unknown."
R1009,2026-04-15,Owen Trask,Investor,True,export_colleague_at_target_account,Teodor Zubkov,Program Manager,Marchford Clinics,False,connections_trask.csv,2020-05-24,2152.0,time_aware_available,low,"Connection is to a colleague at the target account, not the requested person; onward reachability inside the account is unknown."
R1013,2026-05-10,Marcus Aldridge,Advisor,True,export_colleague_at_target_account,Anouk Kirkbride,Head of Developer Productivity,Nortonbury Logistics,False,connections_aldridge.csv,2026-07-07,-58.0,post_dates_request,low,"Connection is to a colleague at the target account, not the requested person; onward reachability inside the account is unknown."
R1013,2026-05-10,Elena Duvall,Advisor,True,export_colleague_at_target_account,Nadia Ferreira,Program Manager,Nortonbury Logistics,False,connections_duvall.csv,2025-07-30,284.0,time_aware_available,low,"Connection is to a colleague at the target account, not the requested person; onward reachability inside the account is unknown."
R1013,2026-05-10,Priya Raghunathan,Investor,True,export_colleague_at_target_account,Zaid Fontaine,Chief Operating Officer,Nortonbury Logistics,True,connections_raghunathan.csv,2024-11-24,532.0,time_aware_available,medium,"Connection is to a colleague at the target account, not the requested person; onward reachability inside the account is unknown."
R1013,2026-05-10,Owen Trask,Investor,True,export_colleague_at_target_account,Anouk Kirkbride,Head of Developer Productivity,Nortonbury Logistics,False,connections_trask.csv,2026-09-17,-130.0,post_dates_request,low,"Connection is to a colleague at the target account, not the requested person; onward reachability inside the account is unknown."
R1013,2026-05-10,Owen Trask,Investor,True,export_colleague_at_target_account,Nadia Ferreira,Program Manager,Nortonbury Logistics,False,connections_trask.csv,2024-03-25,776.0,time_aware_available,low,"Connection is to a colleague at the target account, not the requested person; onward reachability inside the account is unknown."
R1013,2026-05-10,Dana Whitfield,Internal,True,export_colleague_at_target_account,Zaid Fontaine,Chief Operating Officer,Nortonbury Logistics,True,connections_whitfield.csv,2026-10-19,-162.0,post_dates_request,medium,"Connection is to a colleague at the target account, not the requested person; onward reachability inside the account is unknown."
R1013,2026-05-10,Priya Raghunathan,Investor/Advisor,True,investor_portfolio,Nortonbury Logistics,,Nortonbury Logistics,False,investor_network.csv,,,snapshot_only_historical_unknown,low,Candidate path visible in supplied current snapshot; historical availability unknown.
R1013,2026-05-10,Amara Brenneman-Fairweather,Investor/Advisor (not on roster or in exports),False,investor_portfolio_board_seat,Nortonbury Logistics,,Nortonbury Logistics,False,investor_network.csv,,,snapshot_only_historical_unknown,medium,Candidate path visible in supplied current snapshot; historical availability unknown. Board seat implies direct access to leadership. Connector is not on the roster and appears in no export: reachability unproven.
R1013,2026-05-10,Renata Halloran-Quillane,Investor/Advisor (not on roster or in exports),False,investor_portfolio,Nortonbury Logistics,,Nortonbury Logistics,False,investor_network.csv,,,snapshot_only_historical_unknown,low,Candidate path visible in supplied current snapshot; historical availability unknown. Connector is not on the roster and appears in no export: reachability unproven.
R1013,2026-05-10,Perrine Brenneman-Wexford,Investor/Advisor (not on roster or in exports),False,investor_portfolio,Nortonbury Logistics,,Nortonbury Logistics,False,investor_network.csv,,,snapshot_only_historical_unknown,low,Candidate path visible in supplied current snapshot; historical availability unknown. Connector is not on the roster and appears in no export: reachability unproven.
R1015,2026-06-23,Marcus Aldridge,Advisor,True,export_colleague_at_target_account,Bo Marchetti,Platform Lead,Cindermill Mining,False,connections_aldridge.csv,2019-08-23,2496.0,time_aware_available,low,"Connection is to a colleague at the target account, not the requested person; onward reachability inside the account is unknown."
R1015,2026-06-23,Tomás Beckett,Internal,True,export_colleague_at_target_account,Bo Marchetti,Platform Lead,Cindermill Mining,False,connections_beckett.csv,2022-02-02,1602.0,time_aware_available,low,"Connection is to a colleague at the target account, not the requested person; onward reachability inside the account is unknown."
R1015,2026-06-23,Tomás Beckett,Internal,True,export_colleague_at_target_account,Leandro Brenneman,Director of Software Engineering,Cindermill Mining,False,connections_beckett.csv,2021-08-25,1763.0,time_aware_available,low,"Connection is to a colleague at the target account, not the requested person; onward reachability inside the account is unknown."
R1015,2026-06-23,Elena Duvall,Advisor,True,export_colleague_at_target_account,Bertrand Glückstein,Chief Data Officer,Cindermill Mining,False,connections_duvall.csv,2015-08-26,3954.0,time_aware_available,low,"Connection is to a colleague at the target account, not the requested person; onward reachability inside the account is unknown."
R1015,2026-06-23,Owen Trask,Investor,True,export_colleague_at_target_account,Leandro Brenneman,Director of Software Engineering,Cindermill Mining,False,connections_trask.csv,2023-10-26,971.0,time_aware_available,low,"Connection is to a colleague at the target account, not the requested person; onward reachability inside the account is unknown."
R1015,2026-06-23,Owen Trask,Investor,True,export_colleague_at_target_account,Bertrand Glückstein,Chief Data Officer,Cindermill Mining,False,connections_trask.csv,2015-05-17,4055.0,time_aware_available,low,"Connection is to a colleague at the target account, not the requested person; onward reachability inside the account is unknown."
R1015,2026-06-23,Camille Merriweather-Balogun,Investor/Advisor (not on roster or in exports),False,investor_portfolio,Cindermill Mining,,Cindermill Mining,False,investor_network.csv,,,snapshot_only_historical_unknown,low,Candidate path visible in supplied current snapshot; historical availability unknown. Connector is not on the roster and appears in no export: reachability unproven.
R1015,2026-06-23,Bertrand Glückstein,Investor/Advisor (not on roster or in exports),False,investor_alumni_prior_employer,Cindermill Mining,,Cindermill Mining,False,investor_network.csv,2011-01-01,,time_aware_available,low,Alumni relationship inferred from prior employment (year-only dates); whether live contacts remain inside the account is unknown.
R1016,2026-03-30,Marcus Aldridge,Advisor,True,export_colleague_at_target_account,Anouk Kirkbride,Head of Developer Productivity,Nortonbury Logistics,False,connections_aldridge.csv,2026-07-07,-99.0,post_dates_request,low,"Connection is to a colleague at the target account, not the requested person; onward reachability inside the account is unknown."
R1016,2026-03-30,Elena Duvall,Advisor,True,export_colleague_at_target_account,Nadia Ferreira,Program Manager,Nortonbury Logistics,False,connections_duvall.csv,2025-07-30,243.0,time_aware_available,low,"Connection is to a colleague at the target account, not the requested person; onward reachability inside the account is unknown."
R1016,2026-03-30,Priya Raghunathan,Investor,True,export_colleague_at_target_account,Zaid Fontaine,Chief Operating Officer,Nortonbury Logistics,True,connections_raghunathan.csv,2024-11-24,491.0,time_aware_available,medium,"Connection is to a colleague at the target account, not the requested person; onward reachability inside the account is unknown."
R1016,2026-03-30,Owen Trask,Investor,True,export_colleague_at_target_account,Anouk Kirkbride,Head of Developer Productivity,Nortonbury Logistics,False,connections_trask.csv,2026-09-17,-171.0,post_dates_request,low,"Connection is to a colleague at the target account, not the requested person; onward reachability inside the account is unknown."
R1016,2026-03-30,Owen Trask,Investor,True,export_colleague_at_target_account,Nadia Ferreira,Program Manager,Nortonbury Logistics,False,connections_trask.csv,2024-03-25,735.0,time_aware_available,low,"Connection is to a colleague at the target account, not the requested person; onward reachability inside the account is unknown."
R1016,2026-03-30,Dana Whitfield,Internal,True,export_colleague_at_target_account,Zaid Fontaine,Chief Operating Officer,Nortonbury Logistics,True,connections_whitfield.csv,2026-10-19,-203.0,post_dates_request,medium,"Connection is to a colleague at the target account, not the requested person; onward reachability inside the account is unknown."
R1016,2026-03-30,Priya Raghunathan,Investor/Advisor,True,investor_portfolio,Nortonbury Logistics,,Nortonbury Logistics,False,investor_network.csv,,,snapshot_only_historical_unknown,low,Candidate path visible in supplied current snapshot; historical availability unknown.
R1016,2026-03-30,Amara Brenneman-Fairweather,Investor/Advisor (not on roster or in exports),False,investor_portfolio_board_seat,Nortonbury Logistics,,Nortonbury Logistics,False,investor_network.csv,,,snapshot_only_historical_unknown,medium,Candidate path visible in supplied current snapshot; historical availability unknown. Board seat implies direct access to leadership. Connector is not on the roster and appears in no export: reachability unproven.
R1016,2026-03-30,Renata Halloran-Quillane,Investor/Advisor (not on roster or in exports),False,investor_portfolio,Nortonbury Logistics,,Nortonbury Logistics,False,investor_network.csv,,,snapshot_only_historical_unknown,low,Candidate path visible in supplied current snapshot; historical availability unknown. Connector is not on the roster and appears in no export: reachability unproven.
R1016,2026-03-30,Perrine Brenneman-Wexford,Investor/Advisor (not on roster or in exports),False,investor_portfolio,Nortonbury Logistics,,Nortonbury Logistics,False,investor_network.csv,,,snapshot_only_historical_unknown,low,Candidate path visible in supplied current snapshot; historical availability unknown. Connector is not on the roster and appears in no export: reachability unproven.
R1017,2025-11-06,Marcus Aldridge,Advisor,True,export_colleague_at_target_account,Arjun Cathcart,Head of Developer Productivity,Vireo Systems,True,connections_aldridge.csv,2025-10-27,10.0,time_aware_available,medium,"Connection is to a colleague at the target account, not the requested person; onward reachability inside the account is unknown."
R1017,2025-11-06,Elena Duvall,Advisor,True,export_colleague_at_target_account,Arjun Cathcart,Head of Developer Productivity,Vireo Systems,True,connections_duvall.csv,2026-01-23,-78.0,post_dates_request,medium,"Connection is to a colleague at the target account, not the requested person; onward reachability inside the account is unknown."
R1017,2025-11-06,Priya Raghunathan,Investor/Advisor,True,investor_portfolio_board_seat,Vireo Systems,,Vireo Systems,False,investor_network.csv,,,snapshot_only_historical_unknown,medium,Candidate path visible in supplied current snapshot; historical availability unknown. Board seat implies direct access to leadership.
R1017,2025-11-06,Amara Brenneman-Fairweather,Investor/Advisor (not on roster or in exports),False,investor_portfolio,Vireo Systems,,Vireo Systems,False,investor_network.csv,,,snapshot_only_historical_unknown,low,Candidate path visible in supplied current snapshot; historical availability unknown. Connector is not on the roster and appears in no export: reachability unproven.
R1018,2026-05-31,Priya Raghunathan,Investor,True,export_colleague_at_target_account,Saoirse Prendergast,Head of Platform Engineering,Wrenfield Robotics,False,connections_raghunathan.csv,2014-01-26,4508.0,time_aware_available,low,"Connection is to a colleague at the target account, not the requested person; onward reachability inside the account is unknown."
R1018,2026-05-31,Matteo Ferreira-Yarrow,Investor/Advisor (not on roster or in exports),False,investor_portfolio,Wrenfield Robotics,,Wrenfield Robotics,False,investor_network.csv,,,snapshot_only_historical_unknown,low,Candidate path visible in supplied current snapshot; historical availability unknown. Connector is not on the roster and appears in no export: reachability unproven.
R1018,2026-05-31,Saoirse Prendergast,Investor/Advisor (not on roster or in exports),False,investor_alumni_prior_employer,Wrenfield Robotics,,Wrenfield Robotics,False,investor_network.csv,2012-01-01,,time_aware_available,low,Alumni relationship inferred from prior employment (year-only dates); whether live contacts remain inside the account is unknown.
R1022,2026-06-11,Marcus Aldridge,Advisor,True,export_colleague_at_target_account,Bram Quillane,Head of Developer Productivity,Blackwood Industrial,False,connections_aldridge.csv,2026-11-10,-152.0,post_dates_request,low,"Connection is to a colleague at the target account, not the requested person; onward reachability inside the account is unknown."
R1022,2026-06-11,Tomás Beckett,Internal,True,export_colleague_at_target_account,Marcus Højgaard,Chief Technology Officer,Blackwood Industrial,True,connections_beckett.csv,2015-01-02,4178.0,time_aware_available,medium,"Connection is to a colleague at the target account, not the requested person; onward reachability inside the account is unknown."
R1022,2026-06-11,Elena Duvall,Advisor,True,export_colleague_at_target_account,Bram Quillane,Head of Developer Productivity,Blackwood Industrial,False,connections_duvall.csv,2028-06-16,-736.0,post_dates_request,low,"Connection is to a colleague at the target account, not the requested person; onward reachability inside the account is unknown."
R1022,2026-06-11,Elena Duvall,Advisor,True,export_colleague_at_target_account,Saoirse Yarrow,Head of Innovation,Blackwood Industrial,False,connections_duvall.csv,2019-02-04,2684.0,time_aware_available,low,"Connection is to a colleague at the target account, not the requested person; onward reachability inside the account is unknown."
R1022,2026-06-11,Owen Trask,Investor,True,export_colleague_at_target_account,Marcus Højgaard,Chief Technology Officer,Blackwood Industrial,True,connections_trask.csv,2017-04-20,3339.0,time_aware_available,medium,"Connection is to a colleague at the target account, not the requested person; onward reachability inside the account is unknown."
R1022,2026-06-11,Otto Cathcart-Brenneman,Investor/Advisor (not on roster or in exports),False,investor_portfolio_board_seat,Blackwood Industrial,,Blackwood Industrial,False,investor_network.csv,,,snapshot_only_historical_unknown,medium,Candidate path visible in supplied current snapshot; historical availability unknown. Board seat implies direct access to leadership. Connector is not on the roster and appears in no export: reachability unproven.
R1022,2026-06-11,Marcus Højgaard,Investor/Advisor (not on roster or in exports),False,investor_alumni_prior_employer,Blackwood Industrial,,Blackwood Industrial,False,investor_network.csv,2014-01-01,,time_aware_available,low,Alumni relationship inferred from prior employment (year-only dates); whether live contacts remain inside the account is unknown.
R1024,2026-07-04,Marcus Aldridge,Advisor,True,export_colleague_at_target_account,Astrid Salcedo,VP Data & Analytics,Apex Logistics Group,False,connections_aldridge.csv,2023-11-25,952.0,time_aware_available,low,"Connection is to a colleague at the target account, not the requested person; onward reachability inside the account is unknown."
R1024,2026-07-04,Marcus Aldridge,Advisor,True,export_colleague_at_target_account,Curtis Prendergast,SVP Digital,Apex Logistics,False,connections_aldridge.csv,2019-08-28,2502.0,time_aware_available,low,"Connection is to a colleague at the target account, not the requested person; onward reachability inside the account is unknown."
R1024,2026-07-04,Elena Duvall,Advisor,True,export_colleague_at_target_account,Curtis Prendergast,SVP Digital,Apex Logistics,False,connections_duvall.csv,2022-02-04,1611.0,time_aware_available,low,"Connection is to a colleague at the target account, not the requested person; onward reachability inside the account is unknown."
R1024,2026-07-04,Espen Rushworth-Oyelaran,Investor/Advisor (not on roster or in exports),False,investor_portfolio,Apex Logistics Group,,Apex Logistics Group,False,investor_network.csv,,,snapshot_only_historical_unknown,low,Candidate path visible in supplied current snapshot; historical availability unknown. Connector is not on the roster and appears in no export: reachability unproven.
R1025,2026-02-25,Marcus Aldridge,Advisor,True,export_colleague_at_target_account,Sunniva Oldfield,Chief Operating Officer,Glasspoint Health,False,connections_aldridge.csv,2026-09-15,-202.0,post_dates_request,low,"Connection is to a colleague at the target account, not the requested person; onward reachability inside the account is unknown."
R1025,2026-02-25,Elena Duvall,Advisor,True,export_colleague_at_target_account,Sunniva Oldfield,Chief Operating Officer,Glasspoint Health,False,connections_duvall.csv,2027-08-22,-543.0,post_dates_request,low,"Connection is to a colleague at the target account, not the requested person; onward reachability inside the account is unknown."
R1025,2026-02-25,Priya Crowther-Kirkbride,Investor/Advisor (not on roster or in exports),False,investor_portfolio,Glasspoint Health,,Glasspoint Health,False,investor_network.csv,,,snapshot_only_historical_unknown,low,Candidate path visible in supplied current snapshot; historical availability unknown. Connector is not on the roster and appears in no export: reachability unproven.
R1025,2026-02-25,Espen Rushworth-Oyelaran,Investor/Advisor (not on roster or in exports),False,investor_portfolio_board_seat,Glasspoint Health,,Glasspoint Health,False,investor_network.csv,,,snapshot_only_historical_unknown,medium,Candidate path visible in supplied current snapshot; historical availability unknown. Board seat implies direct access to leadership. Connector is not on the roster and appears in no export: reachability unproven.
R1026,2025-12-12,Priya Raghunathan,Investor,True,export_colleague_at_target_account,Mei Dobrescu,Engineering Manager,Tessellate Payments,False,connections_raghunathan.csv,2021-04-17,1700.0,time_aware_available,low,"Connection is to a colleague at the target account, not the requested person; onward reachability inside the account is unknown."
R1026,2025-12-12,Priya Raghunathan,Investor,True,export_colleague_at_target_account,Ilse Mkhize,VP Data & Analytics,Tessellate Payments,True,connections_raghunathan.csv,2016-10-11,3349.0,time_aware_available,medium,"Connection is to a colleague at the target account, not the requested person; onward reachability inside the account is unknown."
R1026,2025-12-12,Owen Trask,Investor,True,export_colleague_at_target_account,Ilse Mkhize,VP Data & Analytics,Tessellate Payments,True,connections_trask.csv,2016-08-13,3408.0,time_aware_available,medium,"Connection is to a colleague at the target account, not the requested person; onward reachability inside the account is unknown."
R1026,2025-12-12,Owen Trask,Investor,True,export_colleague_at_target_account,Mei Dobrescu,Engineering Manager,Tessellate Payments,False,connections_trask.csv,2022-01-05,1437.0,time_aware_available,low,"Connection is to a colleague at the target account, not the requested person; onward reachability inside the account is unknown."
R1026,2025-12-12,Ilse Mkhize,Investor/Advisor (not on roster or in exports),False,investor_alumni_prior_employer,Tessellate Payments,,Tessellate Payments,False,investor_network.csv,2012-01-01,,time_aware_available,low,Alumni relationship inferred from prior employment (year-only dates); whether live contacts remain inside the account is unknown.
R1027,2026-07-05,Marcus Aldridge,Advisor,True,export_colleague_at_target_account,Tomás Dobrescu,VP Engineering,Strathmore Rail,False,connections_aldridge.csv,2018-12-16,2758.0,time_aware_available,low,"Connection is to a colleague at the target account, not the requested person; onward reachability inside the account is unknown."
R1027,2026-07-05,Marcus Aldridge,Advisor,True,export_colleague_at_target_account,Yusuf Vasquez,Director of Software Engineering,Strathmore Rail,True,connections_aldridge.csv,2015-08-28,3964.0,time_aware_available,medium,"Connection is to a colleague at the target account, not the requested person; onward reachability inside the account is unknown."
R1027,2026-07-05,Tomás Beckett,Internal,True,export_colleague_at_target_account,Tomás Dobrescu,VP Engineering,Strathmore Rail,False,connections_beckett.csv,2017-12-20,3119.0,time_aware_available,low,"Connection is to a colleague at the target account, not the requested person; onward reachability inside the account is unknown."
R1027,2026-07-05,Tomás Beckett,Internal,True,export_colleague_at_target_account,Bertrand Lomsadze,Chief Digital Officer,Strathmore Rail,False,connections_beckett.csv,2015-09-22,3939.0,time_aware_available,low,"Connection is to a colleague at the target account, not the requested person; onward reachability inside the account is unknown."
R1027,2026-07-05,Elena Duvall,Advisor,True,export_colleague_at_target_account,Yusuf Vasquez,Director of Software Engineering,Strathmore Rail,True,connections_duvall.csv,2015-02-06,4167.0,time_aware_available,medium,"Connection is to a colleague at the target account, not the requested person; onward reachability inside the account is unknown."
R1027,2026-07-05,Elena Duvall,Advisor,True,export_colleague_at_target_account,Bertrand Lomsadze,Chief Digital Officer,Strathmore Rail,False,connections_duvall.csv,2017-03-25,3389.0,time_aware_available,low,"Connection is to a colleague at the target account, not the requested person; onward reachability inside the account is unknown."
R1027,2026-07-05,Freya Oldfield-Ibarra,Investor/Advisor (not on roster or in exports),False,investor_portfolio,Strathmore Rail,,Strathmore Rail,False,investor_network.csv,,,snapshot_only_historical_unknown,low,Candidate path visible in supplied current snapshot; historical availability unknown. Connector is not on the roster and appears in no export: reachability unproven.
R1027,2026-07-05,Yusuf Vasquez,Investor/Advisor (not on roster or in exports),False,investor_alumni_prior_employer,Strathmore Rail,,Strathmore Rail,False,investor_network.csv,2014-01-01,,time_aware_available,low,Alumni relationship inferred from prior employment (year-only dates); whether live contacts remain inside the account is unknown.
R1027,2026-07-05,Bertrand Lomsadze,Investor/Advisor (not on roster or in exports),False,investor_alumni_prior_employer,Strathmore Rail,,Strathmore Rail,False,investor_network.csv,2013-01-01,,time_aware_available,low,Alumni relationship inferred from prior employment (year-only dates); whether live contacts remain inside the account is unknown.
R1027,2026-07-05,Tomás Dobrescu,Investor/Advisor (not on roster or in exports),False,investor_alumni_prior_employer,Strathmore Rail,,Strathmore Rail,False,investor_network.csv,2013-01-01,,time_aware_available,low,Alumni relationship inferred from prior employment (year-only dates); whether live contacts remain inside the account is unknown.
R1031,2025-11-26,Marcus Aldridge,Advisor,True,export_colleague_at_target_account,Tomás Ferreira,VP Enterprise Architecture,Ironvale Steel,False,connections_aldridge.csv,2018-11-19,2564.0,time_aware_available,low,"Connection is to a colleague at the target account, not the requested person; onward reachability inside the account is unknown."
R1031,2025-11-26,Marcus Aldridge,Advisor,True,export_colleague_at_target_account,Tanvi Eastcott,Chief Data Officer,Ironvale Steel,True,connections_aldridge.csv,2026-07-05,-221.0,post_dates_request,medium,"Connection is to a colleague at the target account, not the requested person; onward reachability inside the account is unknown."
R1031,2025-11-26,Priya Raghunathan,Investor,True,export_colleague_at_target_account,Tanvi Eastcott,Chief Data Officer,Ironvale Steel,True,connections_raghunathan.csv,2027-07-04,-585.0,post_dates_request,medium,"Connection is to a colleague at the target account, not the requested person; onward reachability inside the account is unknown."
R1031,2025-11-26,Priya Raghunathan,Investor,True,export_colleague_at_target_account,Tomás Ferreira,VP Enterprise Architecture,Ironvale Steel,False,connections_raghunathan.csv,2017-06-21,3080.0,time_aware_available,low,"Connection is to a colleague at the target account, not the requested person; onward reachability inside the account is unknown."
R1031,2025-11-26,Callum Oldfield-Fairweather,Investor/Advisor (not on roster or in exports),False,investor_portfolio_board_seat,Ironvale Steel,,Ironvale Steel,False,investor_network.csv,,,snapshot_only_historical_unknown,medium,Candidate path visible in supplied current snapshot; historical availability unknown. Board seat implies direct access to leadership. Connector is not on the roster and appears in no export: reachability unproven.
R1031,2025-11-26,Matteo Falkenrath-Merriweather,Investor/Advisor (not on roster or in exports),False,investor_portfolio,Ironvale Steel,,Ironvale Steel,False,investor_network.csv,,,snapshot_only_historical_unknown,low,Candidate path visible in supplied current snapshot; historical availability unknown. Connector is not on the roster and appears in no export: reachability unproven.
R1031,2025-11-26,Tomás Ferreira,Investor/Advisor (not on roster or in exports),False,investor_alumni_prior_employer,Ironvale Steel,,Ironvale Steel,False,investor_network.csv,2015-01-01,,time_aware_available,low,Alumni relationship inferred from prior employment (year-only dates); whether live contacts remain inside the account is unknown.
R1032,2025-09-11,Priya Raghunathan,Investor/Advisor,True,investor_portfolio_board_seat,Duncastle Hotels,,Duncastle Hotels,False,investor_network.csv,,,snapshot_only_historical_unknown,medium,Candidate path visible in supplied current snapshot; historical availability unknown. Board seat implies direct access to leadership.
R1032,2025-09-11,Amara Brenneman-Fairweather,Investor/Advisor (not on roster or in exports),False,investor_portfolio_board_seat,Duncastle Hotels,,Duncastle Hotels,False,investor_network.csv,,,snapshot_only_historical_unknown,medium,Candidate path visible in supplied current snapshot; historical availability unknown. Board seat implies direct access to leadership. Connector is not on the roster and appears in no export: reachability unproven.
R1032,2025-09-11,Renata Halloran-Quillane,Investor/Advisor (not on roster or in exports),False,investor_portfolio_board_seat,Duncastle Hotels,,Duncastle Hotels,False,investor_network.csv,,,snapshot_only_historical_unknown,medium,Candidate path visible in supplied current snapshot; historical availability unknown. Board seat implies direct access to leadership. Connector is not on the roster and appears in no export: reachability unproven.
R1032,2025-09-11,Matteo Ferreira-Yarrow,Investor/Advisor (not on roster or in exports),False,investor_portfolio,Duncastle Hotels,,Duncastle Hotels,False,investor_network.csv,,,snapshot_only_historical_unknown,low,Candidate path visible in supplied current snapshot; historical availability unknown. Connector is not on the roster and appears in no export: reachability unproven.
R1032,2025-09-11,Matteo Falkenrath-Merriweather,Investor/Advisor (not on roster or in exports),False,investor_portfolio_board_seat,Duncastle Hotels,,Duncastle Hotels,False,investor_network.csv,,,snapshot_only_historical_unknown,medium,Candidate path visible in supplied current snapshot; historical availability unknown. Board seat implies direct access to leadership. Connector is not on the roster and appears in no export: reachability unproven.
R1033,2026-06-02,Marcus Aldridge,Advisor,True,export_colleague_at_target_account,Margot Havercamp,Director of Software Engineering,Priorwood Chemicals,False,connections_aldridge.csv,2014-03-11,4466.0,time_aware_available,low,"Connection is to a colleague at the target account, not the requested person; onward reachability inside the account is unknown."
R1033,2026-06-02,Tomás Beckett,Internal,True,export_colleague_at_target_account,Curtis Marchetti,VP Enterprise Architecture,Priorwood Chemicals,False,connections_beckett.csv,2014-07-13,4342.0,time_aware_available,low,"Connection is to a colleague at the target account, not the requested person; onward reachability inside the account is unknown."
R1033,2026-06-02,Tomás Beckett,Internal,True,export_colleague_at_target_account,Margot Havercamp,Director of Software Engineering,Priorwood Chemicals,False,connections_beckett.csv,2015-01-12,4159.0,time_aware_available,low,"Connection is to a colleague at the target account, not the requested person; onward reachability inside the account is unknown."
R1033,2026-06-02,Elena Duvall,Advisor,True,export_colleague_at_target_account,Curtis Marchetti,VP Enterprise Architecture,Priorwood Chemicals,False,connections_duvall.csv,2014-02-22,4483.0,time_aware_available,low,"Connection is to a colleague at the target account, not the requested person; onward reachability inside the account is unknown."
R1033,2026-06-02,Otto Cathcart-Brenneman,Investor/Advisor (not on roster or in exports),False,investor_portfolio_board_seat,Priorwood Chemicals,,Priorwood Chemicals,False,investor_network.csv,,,snapshot_only_historical_unknown,medium,Candidate path visible in supplied current snapshot; historical availability unknown. Board seat implies direct access to leadership. Connector is not on the roster and appears in no export: reachability unproven.
R1033,2026-06-02,Margot Havercamp,Investor/Advisor (not on roster or in exports),False,investor_alumni_prior_employer,Priorwood Chemicals,,Priorwood Chemicals,False,investor_network.csv,2011-01-01,,time_aware_available,low,Alumni relationship inferred from prior employment (year-only dates); whether live contacts remain inside the account is unknown.
R1033,2026-06-02,Curtis Marchetti,Investor/Advisor (not on roster or in exports),False,investor_alumni_prior_employer,Priorwood Chemicals,,Priorwood Chemicals,False,investor_network.csv,2010-01-01,,time_aware_available,low,Alumni relationship inferred from prior employment (year-only dates); whether live contacts remain inside the account is unknown.
R1040,2026-06-29,Marcus Aldridge,Advisor,True,export_colleague_at_target_account,Tomás Ferreira,VP Enterprise Architecture,Ironvale Steel,False,connections_aldridge.csv,2018-11-19,2779.0,time_aware_available,low,"Connection is to a colleague at the target account, not the requested person; onward reachability inside the account is unknown."
R1040,2026-06-29,Marcus Aldridge,Advisor,True,export_colleague_at_target_account,Tanvi Eastcott,Chief Data Officer,Ironvale Steel,False,connections_aldridge.csv,2026-07-05,-6.0,post_dates_request,low,"Connection is to a colleague at the target account, not the requested person; onward reachability inside the account is unknown."
R1040,2026-06-29,Priya Raghunathan,Investor,True,export_colleague_at_target_account,Tanvi Eastcott,Chief Data Officer,Ironvale Steel,False,connections_raghunathan.csv,2027-07-04,-370.0,post_dates_request,low,"Connection is to a colleague at the target account, not the requested person; onward reachability inside the account is unknown."
R1040,2026-06-29,Priya Raghunathan,Investor,True,export_colleague_at_target_account,Tomás Ferreira,VP Enterprise Architecture,Ironvale Steel,False,connections_raghunathan.csv,2017-06-21,3295.0,time_aware_available,low,"Connection is to a colleague at the target account, not the requested person; onward reachability inside the account is unknown."
R1040,2026-06-29,Callum Oldfield-Fairweather,Investor/Advisor (not on roster or in exports),False,investor_portfolio_board_seat,Ironvale Steel,,Ironvale Steel,False,investor_network.csv,,,snapshot_only_historical_unknown,medium,Candidate path visible in supplied current snapshot; historical availability unknown. Board seat implies direct access to leadership. Connector is not on the roster and appears in no export: reachability unproven.
R1040,2026-06-29,Matteo Falkenrath-Merriweather,Investor/Advisor (not on roster or in exports),False,investor_portfolio,Ironvale Steel,,Ironvale Steel,False,investor_network.csv,,,snapshot_only_historical_unknown,low,Candidate path visible in supplied current snapshot; historical availability unknown. Connector is not on the roster and appears in no export: reachability unproven.
R1040,2026-06-29,Tomás Ferreira,Investor/Advisor (not on roster or in exports),False,investor_alumni_prior_employer,Ironvale Steel,,Ironvale Steel,False,investor_network.csv,2015-01-01,,time_aware_available,low,Alumni relationship inferred from prior employment (year-only dates); whether live contacts remain inside the account is unknown.
R1041,2025-12-02,Marcus Aldridge,Advisor,True,export_colleague_at_target_account,Astrid Salcedo,VP Data & Analytics,Apex Logistics Group,False,connections_aldridge.csv,2023-11-25,738.0,time_aware_available,low,"Connection is to a colleague at the target account, not the requested person; onward reachability inside the account is unknown."
R1041,2025-12-02,Marcus Aldridge,Advisor,True,export_colleague_at_target_account,Curtis Prendergast,SVP Digital,Apex Logistics,True,connections_aldridge.csv,2019-08-28,2288.0,time_aware_available,medium,"Connection is to a colleague at the target account, not the requested person; onward reachability inside the account is unknown."
R1041,2025-12-02,Elena Duvall,Advisor,True,export_colleague_at_target_account,Curtis Prendergast,SVP Digital,Apex Logistics,True,connections_duvall.csv,2022-02-04,1397.0,time_aware_available,medium,"Connection is to a colleague at the target account, not the requested person; onward reachability inside the account is unknown."
R1041,2025-12-02,Espen Rushworth-Oyelaran,Investor/Advisor (not on roster or in exports),False,investor_portfolio,Apex Logistics Group,,Apex Logistics Group,False,investor_network.csv,,,snapshot_only_historical_unknown,low,Candidate path visible in supplied current snapshot; historical availability unknown. Connector is not on the roster and appears in no export: reachability unproven.
R1045,2025-09-06,Marcus Aldridge,Advisor,True,export_colleague_at_target_account,Marcus Merriweather,Chief Data Officer,Marlowe Freight Systems,False,connections_aldridge.csv,2021-01-07,1703.0,time_aware_available,low,"Connection is to a colleague at the target account, not the requested person; onward reachability inside the account is unknown."
R1045,2025-09-06,Matteo Falkenrath-Merriweather,Investor/Advisor (not on roster or in exports),False,investor_portfolio,Marlowe Freight Systems,,Marlowe Freight Systems,False,investor_network.csv,,,snapshot_only_historical_unknown,low,Candidate path visible in supplied current snapshot; historical availability unknown. Connector is not on the roster and appears in no export: reachability unproven.
R1045,2025-09-06,Otto Højgaard-Ferreira,Investor/Advisor (not on roster or in exports),False,investor_portfolio,Marlowe Freight Systems,,Marlowe Freight Systems,False,investor_network.csv,,,snapshot_only_historical_unknown,low,Candidate path visible in supplied current snapshot; historical availability unknown. Connector is not on the roster and appears in no export: reachability unproven.
R1048,2026-04-14,Marcus Aldridge,Advisor,True,export_colleague_at_target_account,Sabine Nakashima,Chief Data Officer,Bexley Bioworks,True,connections_aldridge.csv,2019-05-20,2521.0,time_aware_available,medium,"Connection is to a colleague at the target account, not the requested person; onward reachability inside the account is unknown."
R1048,2026-04-14,Tomás Beckett,Internal,True,export_colleague_at_target_account,Yusuf Wolstenholme,Chief Information Officer,Bexley Bioworks,False,connections_beckett.csv,2026-11-16,-216.0,post_dates_request,low,"Connection is to a colleague at the target account, not the requested person; onward reachability inside the account is unknown."
R1048,2026-04-14,Tomás Beckett,Internal,True,export_colleague_at_target_account,Malik Egerton,Chief Digital Officer,Bexley Bioworks,False,connections_beckett.csv,2019-09-28,2390.0,time_aware_available,low,"Connection is to a colleague at the target account, not the requested person; onward reachability inside the account is unknown."
R1048,2026-04-14,Elena Duvall,Advisor,True,export_colleague_at_target_account,Kwame Achterberg,Head of Platform Engineering,Bexley Bioworks,False,connections_duvall.csv,2020-09-15,2037.0,time_aware_available,low,"Connection is to a colleague at the target account, not the requested person; onward reachability inside the account is unknown."
R1048,2026-04-14,Priya Raghunathan,Investor,True,export_colleague_at_target_account,Yusuf Wolstenholme,Chief Information Officer,Bexley Bioworks,False,connections_raghunathan.csv,2026-07-07,-84.0,post_dates_request,low,"Connection is to a colleague at the target account, not the requested person; onward reachability inside the account is unknown."
R1048,2026-04-14,Priya Raghunathan,Investor,True,export_colleague_at_target_account,Malik Egerton,Chief Digital Officer,Bexley Bioworks,False,connections_raghunathan.csv,2021-07-21,1728.0,time_aware_available,low,"Connection is to a colleague at the target account, not the requested person; onward reachability inside the account is unknown."
R1048,2026-04-14,Dana Whitfield,Internal,True,export_colleague_at_target_account,Sabine Nakashima,Chief Data Officer,Bexley Bioworks,True,connections_whitfield.csv,2020-05-27,2148.0,time_aware_available,medium,"Connection is to a colleague at the target account, not the requested person; onward reachability inside the account is unknown."
R1048,2026-04-14,Priya Raghunathan,Investor/Advisor,True,investor_portfolio_board_seat,Bexley Bioworks,,Bexley Bioworks,False,investor_network.csv,,,snapshot_only_historical_unknown,medium,Candidate path visible in supplied current snapshot; historical availability unknown. Board seat implies direct access to leadership.
R1052,2025-08-19,Marcus Aldridge,Advisor,True,export_colleague_at_target_account,Margot Havercamp,Director of Software Engineering,Priorwood Chemicals,False,connections_aldridge.csv,2014-03-11,4179.0,time_aware_available,low,"Connection is to a colleague at the target account, not the requested person; onward reachability inside the account is unknown."
R1052,2025-08-19,Tomás Beckett,Internal,True,export_colleague_at_target_account,Curtis Marchetti,VP Enterprise Architecture,Priorwood Chemicals,False,connections_beckett.csv,2014-07-13,4055.0,time_aware_available,low,"Connection is to a colleague at the target account, not the requested person; onward reachability inside the account is unknown."
R1052,2025-08-19,Tomás Beckett,Internal,True,export_colleague_at_target_account,Margot Havercamp,Director of Software Engineering,Priorwood Chemicals,False,connections_beckett.csv,2015-01-12,3872.0,time_aware_available,low,"Connection is to a colleague at the target account, not the requested person; onward reachability inside the account is unknown."
R1052,2025-08-19,Elena Duvall,Advisor,True,export_colleague_at_target_account,Curtis Marchetti,VP Enterprise Architecture,Priorwood Chemicals,False,connections_duvall.csv,2014-02-22,4196.0,time_aware_available,low,"Connection is to a colleague at the target account, not the requested person; onward reachability inside the account is unknown."
R1052,2025-08-19,Otto Cathcart-Brenneman,Investor/Advisor (not on roster or in exports),False,investor_portfolio_board_seat,Priorwood Chemicals,,Priorwood Chemicals,False,investor_network.csv,,,snapshot_only_historical_unknown,medium,Candidate path visible in supplied current snapshot; historical availability unknown. Board seat implies direct access to leadership. Connector is not on the roster and appears in no export: reachability unproven.
R1052,2025-08-19,Margot Havercamp,Investor/Advisor (not on roster or in exports),False,investor_alumni_prior_employer,Priorwood Chemicals,,Priorwood Chemicals,False,investor_network.csv,2011-01-01,,time_aware_available,low,Alumni relationship inferred from prior employment (year-only dates); whether live contacts remain inside the account is unknown.
R1052,2025-08-19,Curtis Marchetti,Investor/Advisor (not on roster or in exports),False,investor_alumni_prior_employer,Priorwood Chemicals,,Priorwood Chemicals,False,investor_network.csv,2010-01-01,,time_aware_available,low,Alumni relationship inferred from prior employment (year-only dates); whether live contacts remain inside the account is unknown.
R1053,2026-06-16,Marcus Aldridge,Advisor,True,export_colleague_at_target_account,Tomás Dobrescu,VP Engineering,Strathmore Rail,False,connections_aldridge.csv,2018-12-16,2739.0,time_aware_available,low,"Connection is to a colleague at the target account, not the requested person; onward reachability inside the account is unknown."
R1053,2026-06-16,Marcus Aldridge,Advisor,True,export_colleague_at_target_account,Yusuf Vasquez,Director of Software Engineering,Strathmore Rail,False,connections_aldridge.csv,2015-08-28,3945.0,time_aware_available,low,"Connection is to a colleague at the target account, not the requested person; onward reachability inside the account is unknown."
R1053,2026-06-16,Tomás Beckett,Internal,True,export_colleague_at_target_account,Tomás Dobrescu,VP Engineering,Strathmore Rail,False,connections_beckett.csv,2017-12-20,3100.0,time_aware_available,low,"Connection is to a colleague at the target account, not the requested person; onward reachability inside the account is unknown."
R1053,2026-06-16,Tomás Beckett,Internal,True,export_colleague_at_target_account,Bertrand Lomsadze,Chief Digital Officer,Strathmore Rail,False,connections_beckett.csv,2015-09-22,3920.0,time_aware_available,low,"Connection is to a colleague at the target account, not the requested person; onward reachability inside the account is unknown."
R1053,2026-06-16,Elena Duvall,Advisor,True,export_colleague_at_target_account,Yusuf Vasquez,Director of Software Engineering,Strathmore Rail,False,connections_duvall.csv,2015-02-06,4148.0,time_aware_available,low,"Connection is to a colleague at the target account, not the requested person; onward reachability inside the account is unknown."
R1053,2026-06-16,Elena Duvall,Advisor,True,export_colleague_at_target_account,Bertrand Lomsadze,Chief Digital Officer,Strathmore Rail,False,connections_duvall.csv,2017-03-25,3370.0,time_aware_available,low,"Connection is to a colleague at the target account, not the requested person; onward reachability inside the account is unknown."
R1053,2026-06-16,Freya Oldfield-Ibarra,Investor/Advisor (not on roster or in exports),False,investor_portfolio,Strathmore Rail,,Strathmore Rail,False,investor_network.csv,,,snapshot_only_historical_unknown,low,Candidate path visible in supplied current snapshot; historical availability unknown. Connector is not on the roster and appears in no export: reachability unproven.
R1053,2026-06-16,Yusuf Vasquez,Investor/Advisor (not on roster or in exports),False,investor_alumni_prior_employer,Strathmore Rail,,Strathmore Rail,False,investor_network.csv,2014-01-01,,time_aware_available,low,Alumni relationship inferred from prior employment (year-only dates); whether live contacts remain inside the account is unknown.
R1053,2026-06-16,Bertrand Lomsadze,Investor/Advisor (not on roster or in exports),False,investor_alumni_prior_employer,Strathmore Rail,,Strathmore Rail,False,investor_network.csv,2013-01-01,,time_aware_available,low,Alumni relationship inferred from prior employment (year-only dates); whether live contacts remain inside the account is unknown.
R1053,2026-06-16,Tomás Dobrescu,Investor/Advisor (not on roster or in exports),False,investor_alumni_prior_employer,Strathmore Rail,,Strathmore Rail,False,investor_network.csv,2013-01-01,,time_aware_available,low,Alumni relationship inferred from prior employment (year-only dates); whether live contacts remain inside the account is unknown.
R1054,2026-01-10,Wren Petrossian-Norrington,Investor/Advisor (not on roster or in exports),False,investor_portfolio_board_seat,Kestrel Airlines,,Kestrel Airlines,False,investor_network.csv,,,snapshot_only_historical_unknown,medium,Candidate path visible in supplied current snapshot; historical availability unknown. Board seat implies direct access to leadership. Connector is not on the roster and appears in no export: reachability unproven.
R1054,2026-01-10,Espen Rushworth-Oyelaran,Investor/Advisor (not on roster or in exports),False,investor_portfolio_board_seat,Kestrel Airlines,,Kestrel Airlines,False,investor_network.csv,,,snapshot_only_historical_unknown,medium,Candidate path visible in supplied current snapshot; historical availability unknown. Board seat implies direct access to leadership. Connector is not on the roster and appears in no export: reachability unproven.
R1057,2026-06-16,Marcus Aldridge,Advisor,True,export_colleague_at_target_account,Marcus Salcedo,Director of Software Engineering,Harrowgate Health,False,connections_aldridge.csv,2024-04-17,790.0,time_aware_available,low,"Connection is to a colleague at the target account, not the requested person; onward reachability inside the account is unknown."
R1057,2026-06-16,Tomás Beckett,Internal,True,export_colleague_at_target_account,Marcus Salcedo,Director of Software Engineering,Harrowgate Health,False,connections_beckett.csv,2026-03-16,92.0,time_aware_available,low,"Connection is to a colleague at the target account, not the requested person; onward reachability inside the account is unknown."
R1057,2026-06-16,Priya Raghunathan,Investor,True,export_colleague_at_target_account,Amara Thackeray,Chief Operating Officer,Harrowgate Health,False,connections_raghunathan.csv,2018-10-25,2791.0,time_aware_available,low,"Connection is to a colleague at the target account, not the requested person; onward reachability inside the account is unknown."
R1057,2026-06-16,Owen Trask,Investor,True,export_colleague_at_target_account,Ingrid Marchetti,Head of Developer Productivity,Harrowgate Health,False,connections_trask.csv,2016-01-02,3818.0,time_aware_available,low,"Connection is to a colleague at the target account, not the requested person; onward reachability inside the account is unknown."
R1057,2026-06-16,Dana Whitfield,Internal,True,export_colleague_at_target_account,Amara Thackeray,Chief Operating Officer,Harrowgate Health,False,connections_whitfield.csv,2016-11-21,3494.0,time_aware_available,low,"Connection is to a colleague at the target account, not the requested person; onward reachability inside the account is unknown."
R1057,2026-06-16,Dana Whitfield,Internal,True,export_colleague_at_target_account,Ingrid Marchetti,Head of Developer Productivity,Harrowgate Health,False,connections_whitfield.csv,2017-10-05,3176.0,time_aware_available,low,"Connection is to a colleague at the target account, not the requested person; onward reachability inside the account is unknown."
R1057,2026-06-16,Amara Thackeray,Investor/Advisor (not on roster or in exports),False,investor_alumni_prior_employer,Harrowgate Health,,Harrowgate Health,False,investor_network.csv,2012-01-01,,time_aware_available,low,Alumni relationship inferred from prior employment (year-only dates); whether live contacts remain inside the account is unknown.
R1057,2026-06-16,Ingrid Marchetti,Investor/Advisor (not on roster or in exports),False,investor_alumni_prior_employer,Harrowgate Health,,Harrowgate Health,False,investor_network.csv,2015-01-01,,time_aware_available,low,Alumni relationship inferred from prior employment (year-only dates); whether live contacts remain inside the account is unknown.
R1058,2026-01-01,Elena Duvall,Advisor,True,export_colleague_at_target_account,Priya Fairweather,Head of Platform Engineering,Gravenhurst Motors,False,connections_duvall.csv,2018-07-13,2729.0,time_aware_available,low,"Connection is to a colleague at the target account, not the requested person; onward reachability inside the account is unknown."
R1058,2026-01-01,Priya Raghunathan,Investor,True,export_colleague_at_target_account,Priya Fairweather,Head of Platform Engineering,Gravenhurst Motors,False,connections_raghunathan.csv,2016-11-20,3329.0,time_aware_available,low,"Connection is to a colleague at the target account, not the requested person; onward reachability inside the account is unknown."
R1058,2026-01-01,Priya Raghunathan,Investor/Advisor,True,investor_portfolio,Gravenhurst Motors,,Gravenhurst Motors,False,investor_network.csv,,,snapshot_only_historical_unknown,low,Candidate path visible in supplied current snapshot; historical availability unknown.
R1058,2026-01-01,Amara Brenneman-Fairweather,Investor/Advisor (not on roster or in exports),False,investor_portfolio,Gravenhurst Motors,,Gravenhurst Motors,False,investor_network.csv,,,snapshot_only_historical_unknown,low,Candidate path visible in supplied current snapshot; historical availability unknown. Connector is not on the roster and appears in no export: reachability unproven.
R1058,2026-01-01,Priya Fairweather,Investor/Advisor (not on roster or in exports),False,investor_alumni_prior_employer,Gravenhurst Motors,,Gravenhurst Motors,False,investor_network.csv,2014-01-01,,time_aware_available,low,Alumni relationship inferred from prior employment (year-only dates); whether live contacts remain inside the account is unknown.
R1060,2025-08-15,Marcus Aldridge,Advisor,True,export_colleague_at_target_account,Arjun Cathcart,Head of Developer Productivity,Vireo Systems,False,connections_aldridge.csv,2025-10-27,-73.0,post_dates_request,low,"Connection is to a colleague at the target account, not the requested person; onward reachability inside the account is unknown."
R1060,2025-08-15,Elena Duvall,Advisor,True,export_colleague_at_target_account,Arjun Cathcart,Head of Developer Productivity,Vireo Systems,False,connections_duvall.csv,2026-01-23,-161.0,post_dates_request,low,"Connection is to a colleague at the target account, not the requested person; onward reachability inside the account is unknown."
R1060,2025-08-15,Priya Raghunathan,Investor/Advisor,True,investor_portfolio_board_seat,Vireo Systems,,Vireo Systems,False,investor_network.csv,,,snapshot_only_historical_unknown,medium,Candidate path visible in supplied current snapshot; historical availability unknown. Board seat implies direct access to leadership.
R1060,2025-08-15,Amara Brenneman-Fairweather,Investor/Advisor (not on roster or in exports),False,investor_portfolio,Vireo Systems,,Vireo Systems,False,investor_network.csv,,,snapshot_only_historical_unknown,low,Candidate path visible in supplied current snapshot; historical availability unknown. Connector is not on the roster and appears in no export: reachability unproven.
R1063,2025-11-06,Owen Trask,Investor,True,export_colleague_at_target_account,Elena Rushworth,Head of Automation,Silverbrook Paper,False,connections_trask.csv,2019-11-27,2171.0,time_aware_available,low,"Connection is to a colleague at the target account, not the requested person; onward reachability inside the account is unknown."
R1066,2026-06-25,Tomás Beckett,Internal,True,export_colleague_at_target_account,Kofi Mkhize,VP Engineering,Kingsmere Retail Group,False,connections_beckett.csv,2016-03-26,3743.0,time_aware_available,low,"Connection is to a colleague at the target account, not the requested person; onward reachability inside the account is unknown."
R1066,2026-06-25,Priya Raghunathan,Investor,True,export_colleague_at_target_account,Saoirse Quillane,VP Data & Analytics,Kingsmere Retail Group,False,connections_raghunathan.csv,2021-10-27,1702.0,time_aware_available,low,"Connection is to a colleague at the target account, not the requested person; onward reachability inside the account is unknown."
R1066,2026-06-25,Owen Trask,Investor,True,export_colleague_at_target_account,Kofi Mkhize,VP Engineering,Kingsmere Retail Group,False,connections_trask.csv,2016-05-20,3688.0,time_aware_available,low,"Connection is to a colleague at the target account, not the requested person; onward reachability inside the account is unknown."
R1066,2026-06-25,Dana Whitfield,Internal,True,export_colleague_at_target_account,Saoirse Quillane,VP Data & Analytics,Kingsmere Retail Group,False,connections_whitfield.csv,2023-12-11,927.0,time_aware_available,low,"Connection is to a colleague at the target account, not the requested person; onward reachability inside the account is unknown."
R1066,2026-06-25,Kofi Mkhize,Investor/Advisor (not on roster or in exports),False,investor_alumni_prior_employer,Kingsmere Retail Group,,Kingsmere Retail Group,False,investor_network.csv,2012-01-01,,time_aware_available,low,Alumni relationship inferred from prior employment (year-only dates); whether live contacts remain inside the account is unknown.
R1067,2025-10-22,Marcus Aldridge,Advisor,True,export_colleague_at_target_account,Niall Grimsby,Chief Data Officer,Redtree Foods,False,connections_aldridge.csv,2020-02-25,2066.0,time_aware_available,low,"Connection is to a colleague at the target account, not the requested person; onward reachability inside the account is unknown."
R1067,2025-10-22,Priya Raghunathan,Investor,True,export_colleague_at_target_account,Coretta Bellinger,VP Data & Analytics,Redtree Foods,False,connections_raghunathan.csv,2014-07-03,4129.0,time_aware_available,low,"Connection is to a colleague at the target account, not the requested person; onward reachability inside the account is unknown."
R1067,2025-10-22,Owen Trask,Investor,True,export_colleague_at_target_account,Niall Grimsby,Chief Data Officer,Redtree Foods,False,connections_trask.csv,2017-11-17,2896.0,time_aware_available,low,"Connection is to a colleague at the target account, not the requested person; onward reachability inside the account is unknown."
R1067,2025-10-22,Priya Raghunathan,Investor/Advisor,True,investor_portfolio,Redtree Foods,,Redtree Foods,False,investor_network.csv,,,snapshot_only_historical_unknown,low,Candidate path visible in supplied current snapshot; historical availability unknown.
R1067,2025-10-22,Renata Halloran-Quillane,Investor/Advisor (not on roster or in exports),False,investor_portfolio,Redtree Foods,,Redtree Foods,False,investor_network.csv,,,snapshot_only_historical_unknown,low,Candidate path visible in supplied current snapshot; historical availability unknown. Connector is not on the roster and appears in no export: reachability unproven.
R1067,2025-10-22,Niall Grimsby,Investor/Advisor (not on roster or in exports),False,investor_alumni_prior_employer,Redtree Foods,,Redtree Foods,False,investor_network.csv,2013-01-01,,time_aware_available,low,Alumni relationship inferred from prior employment (year-only dates); whether live contacts remain inside the account is unknown.
R1067,2025-10-22,Coretta Bellinger,Investor/Advisor (not on roster or in exports),False,investor_alumni_prior_employer,Redtree Foods,,Redtree Foods,False,investor_network.csv,2012-01-01,,time_aware_available,low,Alumni relationship inferred from prior employment (year-only dates); whether live contacts remain inside the account is unknown.
R1068,2026-02-14,Marcus Aldridge,Advisor,True,export_colleague_at_target_account,Camille Fairweather,VP Engineering,Calderon Aerospace,False,connections_aldridge.csv,2025-10-19,118.0,time_aware_available,low,"Connection is to a colleague at the target account, not the requested person; onward reachability inside the account is unknown."
R1068,2026-02-14,Elena Duvall,Advisor,True,export_colleague_at_target_account,Sabine Underhill,VP Enterprise Architecture,Calderon Aerospace,False,connections_duvall.csv,2022-08-26,1268.0,time_aware_available,low,"Connection is to a colleague at the target account, not the requested person; onward reachability inside the account is unknown."
R1068,2026-02-14,Priya Raghunathan,Investor,True,export_colleague_at_target_account,Camille Fairweather,VP Engineering,Calderon Aerospace,False,connections_raghunathan.csv,2026-08-05,-172.0,post_dates_request,low,"Connection is to a colleague at the target account, not the requested person; onward reachability inside the account is unknown."
R1068,2026-02-14,Owen Trask,Investor,True,export_colleague_at_target_account,Sabine Underhill,VP Enterprise Architecture,Calderon Aerospace,False,connections_trask.csv,2021-12-24,1513.0,time_aware_available,low,"Connection is to a colleague at the target account, not the requested person; onward reachability inside the account is unknown."
R1069,2025-10-30,Marcus Aldridge,Advisor,True,export_colleague_at_target_account,Astrid Salcedo,VP Data & Analytics,Apex Logistics Group,False,connections_aldridge.csv,2023-11-25,705.0,time_aware_available,low,"Connection is to a colleague at the target account, not the requested person; onward reachability inside the account is unknown."
R1069,2025-10-30,Marcus Aldridge,Advisor,True,export_colleague_at_target_account,Curtis Prendergast,SVP Digital,Apex Logistics,True,connections_aldridge.csv,2019-08-28,2255.0,time_aware_available,medium,"Connection is to a colleague at the target account, not the requested person; onward reachability inside the account is unknown."
R1069,2025-10-30,Elena Duvall,Advisor,True,export_colleague_at_target_account,Curtis Prendergast,SVP Digital,Apex Logistics,True,connections_duvall.csv,2022-02-04,1364.0,time_aware_available,medium,"Connection is to a colleague at the target account, not the requested person; onward reachability inside the account is unknown."
R1069,2025-10-30,Espen Rushworth-Oyelaran,Investor/Advisor (not on roster or in exports),False,investor_portfolio,Apex Logistics Group,,Apex Logistics Group,False,investor_network.csv,,,snapshot_only_historical_unknown,low,Candidate path visible in supplied current snapshot; historical availability unknown. Connector is not on the roster and appears in no export: reachability unproven.
R1072,2025-10-31,Marcus Aldridge,Advisor,True,export_colleague_at_target_account,Marcus Salcedo,Director of Software Engineering,Harrowgate Health,False,connections_aldridge.csv,2024-04-17,562.0,time_aware_available,low,"Connection is to a colleague at the target account, not the requested person; onward reachability inside the account is unknown."
R1072,2025-10-31,Tomás Beckett,Internal,True,export_colleague_at_target_account,Marcus Salcedo,Director of Software Engineering,Harrowgate Health,False,connections_beckett.csv,2026-03-16,-136.0,post_dates_request,low,"Connection is to a colleague at the target account, not the requested person; onward reachability inside the account is unknown."
R1072,2025-10-31,Priya Raghunathan,Investor,True,export_colleague_at_target_account,Amara Thackeray,Chief Operating Officer,Harrowgate Health,False,connections_raghunathan.csv,2018-10-25,2563.0,time_aware_available,low,"Connection is to a colleague at the target account, not the requested person; onward reachability inside the account is unknown."
R1072,2025-10-31,Owen Trask,Investor,True,export_colleague_at_target_account,Ingrid Marchetti,Head of Developer Productivity,Harrowgate Health,False,connections_trask.csv,2016-01-02,3590.0,time_aware_available,low,"Connection is to a colleague at the target account, not the requested person; onward reachability inside the account is unknown."
R1072,2025-10-31,Dana Whitfield,Internal,True,export_colleague_at_target_account,Amara Thackeray,Chief Operating Officer,Harrowgate Health,False,connections_whitfield.csv,2016-11-21,3266.0,time_aware_available,low,"Connection is to a colleague at the target account, not the requested person; onward reachability inside the account is unknown."
R1072,2025-10-31,Dana Whitfield,Internal,True,export_colleague_at_target_account,Ingrid Marchetti,Head of Developer Productivity,Harrowgate Health,False,connections_whitfield.csv,2017-10-05,2948.0,time_aware_available,low,"Connection is to a colleague at the target account, not the requested person; onward reachability inside the account is unknown."
R1072,2025-10-31,Amara Thackeray,Investor/Advisor (not on roster or in exports),False,investor_alumni_prior_employer,Harrowgate Health,,Harrowgate Health,False,investor_network.csv,2012-01-01,,time_aware_available,low,Alumni relationship inferred from prior employment (year-only dates); whether live contacts remain inside the account is unknown.
R1072,2025-10-31,Ingrid Marchetti,Investor/Advisor (not on roster or in exports),False,investor_alumni_prior_employer,Harrowgate Health,,Harrowgate Health,False,investor_network.csv,2015-01-01,,time_aware_available,low,Alumni relationship inferred from prior employment (year-only dates); whether live contacts remain inside the account is unknown.
R1073,2025-12-20,Curtis Sandoval-Glückstein,Investor/Advisor (not on roster or in exports),False,investor_portfolio_board_seat,Volney Industrial Systems,,Volney Industrial Systems,False,investor_network.csv,,,snapshot_only_historical_unknown,medium,Candidate path visible in supplied current snapshot; historical availability unknown. Board seat implies direct access to leadership. Connector is not on the roster and appears in no export: reachability unproven.
R1073,2025-12-20,Priya Dobrescu-Prendergast,Investor/Advisor (not on roster or in exports),False,investor_portfolio,Volney Industrial Systems,,Volney Industrial Systems,False,investor_network.csv,,,snapshot_only_historical_unknown,low,Candidate path visible in supplied current snapshot; historical availability unknown. Connector is not on the roster and appears in no export: reachability unproven.
R1073,2025-12-20,Bertrand Achterberg-Quillane,Investor/Advisor (not on roster or in exports),False,investor_portfolio,Volney Industrial Systems,,Volney Industrial Systems,False,investor_network.csv,,,snapshot_only_historical_unknown,low,Candidate path visible in supplied current snapshot; historical availability unknown. Connector is not on the roster and appears in no export: reachability unproven.
R1073,2025-12-20,Freya Oldfield-Ibarra,Investor/Advisor (not on roster or in exports),False,investor_portfolio,Volney Industrial Systems,,Volney Industrial Systems,False,investor_network.csv,,,snapshot_only_historical_unknown,low,Candidate path visible in supplied current snapshot; historical availability unknown. Connector is not on the roster and appears in no export: reachability unproven.
R1074,2026-06-03,Marcus Aldridge,Advisor,True,export_colleague_at_target_account,Niall Grimsby,Chief Data Officer,Redtree Foods,True,connections_aldridge.csv,2020-02-25,2290.0,time_aware_available,medium,"Connection is to a colleague at the target account, not the requested person; onward reachability inside the account is unknown."
R1074,2026-06-03,Priya Raghunathan,Investor,True,export_colleague_at_target_account,Coretta Bellinger,VP Data & Analytics,Redtree Foods,True,connections_raghunathan.csv,2014-07-03,4353.0,time_aware_available,medium,"Connection is to a colleague at the target account, not the requested person; onward reachability inside the account is unknown."
R1074,2026-06-03,Owen Trask,Investor,True,export_colleague_at_target_account,Niall Grimsby,Chief Data Officer,Redtree Foods,True,connections_trask.csv,2017-11-17,3120.0,time_aware_available,medium,"Connection is to a colleague at the target account, not the requested person; onward reachability inside the account is unknown."
R1074,2026-06-03,Priya Raghunathan,Investor/Advisor,True,investor_portfolio,Redtree Foods,,Redtree Foods,False,investor_network.csv,,,snapshot_only_historical_unknown,low,Candidate path visible in supplied current snapshot; historical availability unknown.
R1074,2026-06-03,Renata Halloran-Quillane,Investor/Advisor (not on roster or in exports),False,investor_portfolio,Redtree Foods,,Redtree Foods,False,investor_network.csv,,,snapshot_only_historical_unknown,low,Candidate path visible in supplied current snapshot; historical availability unknown. Connector is not on the roster and appears in no export: reachability unproven.
R1074,2026-06-03,Niall Grimsby,Investor/Advisor (not on roster or in exports),False,investor_alumni_prior_employer,Redtree Foods,,Redtree Foods,False,investor_network.csv,2013-01-01,,time_aware_available,low,Alumni relationship inferred from prior employment (year-only dates); whether live contacts remain inside the account is unknown.
R1074,2026-06-03,Coretta Bellinger,Investor/Advisor (not on roster or in exports),False,investor_alumni_prior_employer,Redtree Foods,,Redtree Foods,False,investor_network.csv,2012-01-01,,time_aware_available,low,Alumni relationship inferred from prior employment (year-only dates); whether live contacts remain inside the account is unknown.
R1075,2026-02-25,Marcus Aldridge,Advisor,True,export_colleague_at_target_account,Arjun Cathcart,Head of Developer Productivity,Vireo Systems,False,connections_aldridge.csv,2025-10-27,121.0,time_aware_available,low,"Connection is to a colleague at the target account, not the requested person; onward reachability inside the account is unknown."
R1075,2026-02-25,Elena Duvall,Advisor,True,export_colleague_at_target_account,Arjun Cathcart,Head of Developer Productivity,Vireo Systems,False,connections_duvall.csv,2026-01-23,33.0,time_aware_available,low,"Connection is to a colleague at the target account, not the requested person; onward reachability inside the account is unknown."
R1075,2026-02-25,Priya Raghunathan,Investor/Advisor,True,investor_portfolio_board_seat,Vireo Systems,,Vireo Systems,False,investor_network.csv,,,snapshot_only_historical_unknown,medium,Candidate path visible in supplied current snapshot; historical availability unknown. Board seat implies direct access to leadership.
R1075,2026-02-25,Amara Brenneman-Fairweather,Investor/Advisor (not on roster or in exports),False,investor_portfolio,Vireo Systems,,Vireo Systems,False,investor_network.csv,,,snapshot_only_historical_unknown,low,Candidate path visible in supplied current snapshot; historical availability unknown. Connector is not on the roster and appears in no export: reachability unproven.
R1077,2026-02-26,Marcus Aldridge,Advisor,True,export_colleague_at_target_account,Anouk Kirkbride,Head of Developer Productivity,Nortonbury Logistics,True,connections_aldridge.csv,2026-07-07,-131.0,post_dates_request,medium,"Connection is to a colleague at the target account, not the requested person; onward reachability inside the account is unknown."
R1077,2026-02-26,Elena Duvall,Advisor,True,export_colleague_at_target_account,Nadia Ferreira,Program Manager,Nortonbury Logistics,False,connections_duvall.csv,2025-07-30,211.0,time_aware_available,low,"Connection is to a colleague at the target account, not the requested person; onward reachability inside the account is unknown."
R1077,2026-02-26,Priya Raghunathan,Investor,True,export_colleague_at_target_account,Zaid Fontaine,Chief Operating Officer,Nortonbury Logistics,False,connections_raghunathan.csv,2024-11-24,459.0,time_aware_available,low,"Connection is to a colleague at the target account, not the requested person; onward reachability inside the account is unknown."
R1077,2026-02-26,Owen Trask,Investor,True,export_colleague_at_target_account,Anouk Kirkbride,Head of Developer Productivity,Nortonbury Logistics,True,connections_trask.csv,2026-09-17,-203.0,post_dates_request,medium,"Connection is to a colleague at the target account, not the requested person; onward reachability inside the account is unknown."
R1077,2026-02-26,Owen Trask,Investor,True,export_colleague_at_target_account,Nadia Ferreira,Program Manager,Nortonbury Logistics,False,connections_trask.csv,2024-03-25,703.0,time_aware_available,low,"Connection is to a colleague at the target account, not the requested person; onward reachability inside the account is unknown."
R1077,2026-02-26,Dana Whitfield,Internal,True,export_colleague_at_target_account,Zaid Fontaine,Chief Operating Officer,Nortonbury Logistics,False,connections_whitfield.csv,2026-10-19,-235.0,post_dates_request,low,"Connection is to a colleague at the target account, not the requested person; onward reachability inside the account is unknown."
R1077,2026-02-26,Priya Raghunathan,Investor/Advisor,True,investor_portfolio,Nortonbury Logistics,,Nortonbury Logistics,False,investor_network.csv,,,snapshot_only_historical_unknown,low,Candidate path visible in supplied current snapshot; historical availability unknown.
R1077,2026-02-26,Amara Brenneman-Fairweather,Investor/Advisor (not on roster or in exports),False,investor_portfolio_board_seat,Nortonbury Logistics,,Nortonbury Logistics,False,investor_network.csv,,,snapshot_only_historical_unknown,medium,Candidate path visible in supplied current snapshot; historical availability unknown. Board seat implies direct access to leadership. Connector is not on the roster and appears in no export: reachability unproven.
R1077,2026-02-26,Renata Halloran-Quillane,Investor/Advisor (not on roster or in exports),False,investor_portfolio,Nortonbury Logistics,,Nortonbury Logistics,False,investor_network.csv,,,snapshot_only_historical_unknown,low,Candidate path visible in supplied current snapshot; historical availability unknown. Connector is not on the roster and appears in no export: reachability unproven.
R1077,2026-02-26,Perrine Brenneman-Wexford,Investor/Advisor (not on roster or in exports),False,investor_portfolio,Nortonbury Logistics,,Nortonbury Logistics,False,investor_network.csv,,,snapshot_only_historical_unknown,low,Candidate path visible in supplied current snapshot; historical availability unknown. Connector is not on the roster and appears in no export: reachability unproven.
R1078,2025-11-11,Tomás Beckett,Internal,True,export_colleague_at_target_account,Greta Petrossian,Head of Automation,Cobalt Lane Capital Markets,False,connections_beckett.csv,2025-07-17,117.0,time_aware_available,low,"Connection is to a colleague at the target account, not the requested person; onward reachability inside the account is unknown."
R1078,2025-11-11,Priya Raghunathan,Investor,True,export_colleague_at_target_account,Greta Petrossian,Head of Automation,Cobalt Lane Capital Markets,False,connections_raghunathan.csv,2023-11-21,721.0,time_aware_available,low,"Connection is to a colleague at the target account, not the requested person; onward reachability inside the account is unknown."
R1078,2025-11-11,Malik Thackeray-Okonkwo,Investor/Advisor (not on roster or in exports),False,investor_portfolio,Cobalt Lane Capital Markets,,Cobalt Lane Capital Markets,False,investor_network.csv,,,snapshot_only_historical_unknown,low,Candidate path visible in supplied current snapshot; historical availability unknown. Connector is not on the roster and appears in no export: reachability unproven.
R1080,2026-01-14,Curtis Sandoval-Glückstein,Investor/Advisor (not on roster or in exports),False,investor_portfolio_board_seat,Volney Industrial Systems,,Volney Industrial Systems,False,investor_network.csv,,,snapshot_only_historical_unknown,medium,Candidate path visible in supplied current snapshot; historical availability unknown. Board seat implies direct access to leadership. Connector is not on the roster and appears in no export: reachability unproven.
R1080,2026-01-14,Priya Dobrescu-Prendergast,Investor/Advisor (not on roster or in exports),False,investor_portfolio,Volney Industrial Systems,,Volney Industrial Systems,False,investor_network.csv,,,snapshot_only_historical_unknown,low,Candidate path visible in supplied current snapshot; historical availability unknown. Connector is not on the roster and appears in no export: reachability unproven.
R1080,2026-01-14,Bertrand Achterberg-Quillane,Investor/Advisor (not on roster or in exports),False,investor_portfolio,Volney Industrial Systems,,Volney Industrial Systems,False,investor_network.csv,,,snapshot_only_historical_unknown,low,Candidate path visible in supplied current snapshot; historical availability unknown. Connector is not on the roster and appears in no export: reachability unproven.
R1080,2026-01-14,Freya Oldfield-Ibarra,Investor/Advisor (not on roster or in exports),False,investor_portfolio,Volney Industrial Systems,,Volney Industrial Systems,False,investor_network.csv,,,snapshot_only_historical_unknown,low,Candidate path visible in supplied current snapshot; historical availability unknown. Connector is not on the roster and appears in no export: reachability unproven.
R1084,2026-07-13,Priya Raghunathan,Investor,True,export_colleague_at_target_account,Freya Havercamp,Staff Engineer,Hollowbrook Grocers,False,connections_raghunathan.csv,2022-05-16,1519.0,time_aware_available,low,"Connection is to a colleague at the target account, not the requested person; onward reachability inside the account is unknown."
R1084,2026-07-13,Dana Whitfield,Internal,True,export_colleague_at_target_account,Freya Havercamp,Staff Engineer,Hollowbrook Grocers,False,connections_whitfield.csv,2020-12-25,2026.0,time_aware_available,low,"Connection is to a colleague at the target account, not the requested person; onward reachability inside the account is unknown."
R1084,2026-07-13,Priya Raghunathan,Investor/Advisor,True,investor_portfolio_board_seat,Hollowbrook Grocers,,Hollowbrook Grocers,False,investor_network.csv,,,snapshot_only_historical_unknown,medium,Candidate path visible in supplied current snapshot; historical availability unknown. Board seat implies direct access to leadership.
R1084,2026-07-13,Arjun Fairweather-Brenneman,Investor/Advisor (not on roster or in exports),False,investor_portfolio,Hollowbrook Grocers,,Hollowbrook Grocers,False,investor_network.csv,,,snapshot_only_historical_unknown,low,Candidate path visible in supplied current snapshot; historical availability unknown. Connector is not on the roster and appears in no export: reachability unproven.
R1084,2026-07-13,Priya Dobrescu-Prendergast,Investor/Advisor (not on roster or in exports),False,investor_portfolio,Hollowbrook Grocers,,Hollowbrook Grocers,False,investor_network.csv,,,snapshot_only_historical_unknown,low,Candidate path visible in supplied current snapshot; historical availability unknown. Connector is not on the roster and appears in no export: reachability unproven.
R1086,2026-02-17,Marcus Aldridge,Advisor,True,export_colleague_at_target_account,Tomás Ferreira,VP Enterprise Architecture,Ironvale Steel,False,connections_aldridge.csv,2018-11-19,2647.0,time_aware_available,low,"Connection is to a colleague at the target account, not the requested person; onward reachability inside the account is unknown."
R1086,2026-02-17,Marcus Aldridge,Advisor,True,export_colleague_at_target_account,Tanvi Eastcott,Chief Data Officer,Ironvale Steel,False,connections_aldridge.csv,2026-07-05,-138.0,post_dates_request,low,"Connection is to a colleague at the target account, not the requested person; onward reachability inside the account is unknown."
R1086,2026-02-17,Priya Raghunathan,Investor,True,export_colleague_at_target_account,Tanvi Eastcott,Chief Data Officer,Ironvale Steel,False,connections_raghunathan.csv,2027-07-04,-502.0,post_dates_request,low,"Connection is to a colleague at the target account, not the requested person; onward reachability inside the account is unknown."
R1086,2026-02-17,Priya Raghunathan,Investor,True,export_colleague_at_target_account,Tomás Ferreira,VP Enterprise Architecture,Ironvale Steel,False,connections_raghunathan.csv,2017-06-21,3163.0,time_aware_available,low,"Connection is to a colleague at the target account, not the requested person; onward reachability inside the account is unknown."
R1086,2026-02-17,Callum Oldfield-Fairweather,Investor/Advisor (not on roster or in exports),False,investor_portfolio_board_seat,Ironvale Steel,,Ironvale Steel,False,investor_network.csv,,,snapshot_only_historical_unknown,medium,Candidate path visible in supplied current snapshot; historical availability unknown. Board seat implies direct access to leadership. Connector is not on the roster and appears in no export: reachability unproven.
R1086,2026-02-17,Matteo Falkenrath-Merriweather,Investor/Advisor (not on roster or in exports),False,investor_portfolio,Ironvale Steel,,Ironvale Steel,False,investor_network.csv,,,snapshot_only_historical_unknown,low,Candidate path visible in supplied current snapshot; historical availability unknown. Connector is not on the roster and appears in no export: reachability unproven.
R1086,2026-02-17,Tomás Ferreira,Investor/Advisor (not on roster or in exports),False,investor_alumni_prior_employer,Ironvale Steel,,Ironvale Steel,False,investor_network.csv,2015-01-01,,time_aware_available,low,Alumni relationship inferred from prior employment (year-only dates); whether live contacts remain inside the account is unknown.
R1089,2026-02-18,Marcus Aldridge,Advisor,True,export_colleague_at_target_account,Tomás Ferreira,VP Enterprise Architecture,Ironvale Steel,False,connections_aldridge.csv,2018-11-19,2648.0,time_aware_available,low,"Connection is to a colleague at the target account, not the requested person; onward reachability inside the account is unknown."
R1089,2026-02-18,Marcus Aldridge,Advisor,True,export_colleague_at_target_account,Tanvi Eastcott,Chief Data Officer,Ironvale Steel,False,connections_aldridge.csv,2026-07-05,-137.0,post_dates_request,low,"Connection is to a colleague at the target account, not the requested person; onward reachability inside the account is unknown."
R1089,2026-02-18,Priya Raghunathan,Investor,True,export_colleague_at_target_account,Tanvi Eastcott,Chief Data Officer,Ironvale Steel,False,connections_raghunathan.csv,2027-07-04,-501.0,post_dates_request,low,"Connection is to a colleague at the target account, not the requested person; onward reachability inside the account is unknown."
R1089,2026-02-18,Priya Raghunathan,Investor,True,export_colleague_at_target_account,Tomás Ferreira,VP Enterprise Architecture,Ironvale Steel,False,connections_raghunathan.csv,2017-06-21,3164.0,time_aware_available,low,"Connection is to a colleague at the target account, not the requested person; onward reachability inside the account is unknown."
R1089,2026-02-18,Callum Oldfield-Fairweather,Investor/Advisor (not on roster or in exports),False,investor_portfolio_board_seat,Ironvale Steel,,Ironvale Steel,False,investor_network.csv,,,snapshot_only_historical_unknown,medium,Candidate path visible in supplied current snapshot; historical availability unknown. Board seat implies direct access to leadership. Connector is not on the roster and appears in no export: reachability unproven.
R1089,2026-02-18,Matteo Falkenrath-Merriweather,Investor/Advisor (not on roster or in exports),False,investor_portfolio,Ironvale Steel,,Ironvale Steel,False,investor_network.csv,,,snapshot_only_historical_unknown,low,Candidate path visible in supplied current snapshot; historical availability unknown. Connector is not on the roster and appears in no export: reachability unproven.
R1089,2026-02-18,Tomás Ferreira,Investor/Advisor (not on roster or in exports),False,investor_alumni_prior_employer,Ironvale Steel,,Ironvale Steel,False,investor_network.csv,2015-01-01,,time_aware_available,low,Alumni relationship inferred from prior employment (year-only dates); whether live contacts remain inside the account is unknown.
R1090,2025-12-17,Marcus Aldridge,Advisor,True,export_colleague_at_target_account,Marcus Salcedo,Director of Software Engineering,Harrowgate Health,False,connections_aldridge.csv,2024-04-17,609.0,time_aware_available,low,"Connection is to a colleague at the target account, not the requested person; onward reachability inside the account is unknown."
R1090,2025-12-17,Tomás Beckett,Internal,True,export_colleague_at_target_account,Marcus Salcedo,Director of Software Engineering,Harrowgate Health,False,connections_beckett.csv,2026-03-16,-89.0,post_dates_request,low,"Connection is to a colleague at the target account, not the requested person; onward reachability inside the account is unknown."
R1090,2025-12-17,Priya Raghunathan,Investor,True,export_colleague_at_target_account,Amara Thackeray,Chief Operating Officer,Harrowgate Health,False,connections_raghunathan.csv,2018-10-25,2610.0,time_aware_available,low,"Connection is to a colleague at the target account, not the requested person; onward reachability inside the account is unknown."
R1090,2025-12-17,Owen Trask,Investor,True,export_colleague_at_target_account,Ingrid Marchetti,Head of Developer Productivity,Harrowgate Health,False,connections_trask.csv,2016-01-02,3637.0,time_aware_available,low,"Connection is to a colleague at the target account, not the requested person; onward reachability inside the account is unknown."
R1090,2025-12-17,Dana Whitfield,Internal,True,export_colleague_at_target_account,Amara Thackeray,Chief Operating Officer,Harrowgate Health,False,connections_whitfield.csv,2016-11-21,3313.0,time_aware_available,low,"Connection is to a colleague at the target account, not the requested person; onward reachability inside the account is unknown."
R1090,2025-12-17,Dana Whitfield,Internal,True,export_colleague_at_target_account,Ingrid Marchetti,Head of Developer Productivity,Harrowgate Health,False,connections_whitfield.csv,2017-10-05,2995.0,time_aware_available,low,"Connection is to a colleague at the target account, not the requested person; onward reachability inside the account is unknown."
R1090,2025-12-17,Amara Thackeray,Investor/Advisor (not on roster or in exports),False,investor_alumni_prior_employer,Harrowgate Health,,Harrowgate Health,False,investor_network.csv,2012-01-01,,time_aware_available,low,Alumni relationship inferred from prior employment (year-only dates); whether live contacts remain inside the account is unknown.
R1090,2025-12-17,Ingrid Marchetti,Investor/Advisor (not on roster or in exports),False,investor_alumni_prior_employer,Harrowgate Health,,Harrowgate Health,False,investor_network.csv,2015-01-01,,time_aware_available,low,Alumni relationship inferred from prior employment (year-only dates); whether live contacts remain inside the account is unknown.
R1091,2026-04-14,Marcus Aldridge,Advisor,True,export_colleague_at_target_account,Bram Quillane,Head of Developer Productivity,Blackwood Industrial,False,connections_aldridge.csv,2026-11-10,-210.0,post_dates_request,low,"Connection is to a colleague at the target account, not the requested person; onward reachability inside the account is unknown."
R1091,2026-04-14,Tomás Beckett,Internal,True,export_colleague_at_target_account,Marcus Højgaard,Chief Technology Officer,Blackwood Industrial,False,connections_beckett.csv,2015-01-02,4120.0,time_aware_available,low,"Connection is to a colleague at the target account, not the requested person; onward reachability inside the account is unknown."
R1091,2026-04-14,Elena Duvall,Advisor,True,export_colleague_at_target_account,Bram Quillane,Head of Developer Productivity,Blackwood Industrial,False,connections_duvall.csv,2028-06-16,-794.0,post_dates_request,low,"Connection is to a colleague at the target account, not the requested person; onward reachability inside the account is unknown."
R1091,2026-04-14,Elena Duvall,Advisor,True,export_colleague_at_target_account,Saoirse Yarrow,Head of Innovation,Blackwood Industrial,False,connections_duvall.csv,2019-02-04,2626.0,time_aware_available,low,"Connection is to a colleague at the target account, not the requested person; onward reachability inside the account is unknown."
R1091,2026-04-14,Owen Trask,Investor,True,export_colleague_at_target_account,Marcus Højgaard,Chief Technology Officer,Blackwood Industrial,False,connections_trask.csv,2017-04-20,3281.0,time_aware_available,low,"Connection is to a colleague at the target account, not the requested person; onward reachability inside the account is unknown."
R1091,2026-04-14,Otto Cathcart-Brenneman,Investor/Advisor (not on roster or in exports),False,investor_portfolio_board_seat,Blackwood Industrial,,Blackwood Industrial,False,investor_network.csv,,,snapshot_only_historical_unknown,medium,Candidate path visible in supplied current snapshot; historical availability unknown. Board seat implies direct access to leadership. Connector is not on the roster and appears in no export: reachability unproven.
R1091,2026-04-14,Marcus Højgaard,Investor/Advisor (not on roster or in exports),False,investor_alumni_prior_employer,Blackwood Industrial,,Blackwood Industrial,False,investor_network.csv,2014-01-01,,time_aware_available,low,Alumni relationship inferred from prior employment (year-only dates); whether live contacts remain inside the account is unknown.
R1092,2026-03-28,Marcus Aldridge,Advisor,True,export_colleague_at_target_account,Margot Havercamp,Director of Software Engineering,Priorwood Chemicals,False,connections_aldridge.csv,2014-03-11,4400.0,time_aware_available,low,"Connection is to a colleague at the target account, not the requested person; onward reachability inside the account is unknown."
R1092,2026-03-28,Tomás Beckett,Internal,True,export_colleague_at_target_account,Curtis Marchetti,VP Enterprise Architecture,Priorwood Chemicals,False,connections_beckett.csv,2014-07-13,4276.0,time_aware_available,low,"Connection is to a colleague at the target account, not the requested person; onward reachability inside the account is unknown."
R1092,2026-03-28,Tomás Beckett,Internal,True,export_colleague_at_target_account,Margot Havercamp,Director of Software Engineering,Priorwood Chemicals,False,connections_beckett.csv,2015-01-12,4093.0,time_aware_available,low,"Connection is to a colleague at the target account, not the requested person; onward reachability inside the account is unknown."
R1092,2026-03-28,Elena Duvall,Advisor,True,export_colleague_at_target_account,Curtis Marchetti,VP Enterprise Architecture,Priorwood Chemicals,False,connections_duvall.csv,2014-02-22,4417.0,time_aware_available,low,"Connection is to a colleague at the target account, not the requested person; onward reachability inside the account is unknown."
R1092,2026-03-28,Otto Cathcart-Brenneman,Investor/Advisor (not on roster or in exports),False,investor_portfolio_board_seat,Priorwood Chemicals,,Priorwood Chemicals,False,investor_network.csv,,,snapshot_only_historical_unknown,medium,Candidate path visible in supplied current snapshot; historical availability unknown. Board seat implies direct access to leadership. Connector is not on the roster and appears in no export: reachability unproven.
R1092,2026-03-28,Margot Havercamp,Investor/Advisor (not on roster or in exports),False,investor_alumni_prior_employer,Priorwood Chemicals,,Priorwood Chemicals,False,investor_network.csv,2011-01-01,,time_aware_available,low,Alumni relationship inferred from prior employment (year-only dates); whether live contacts remain inside the account is unknown.
R1092,2026-03-28,Curtis Marchetti,Investor/Advisor (not on roster or in exports),False,investor_alumni_prior_employer,Priorwood Chemicals,,Priorwood Chemicals,False,investor_network.csv,2010-01-01,,time_aware_available,low,Alumni relationship inferred from prior employment (year-only dates); whether live contacts remain inside the account is unknown.
R1093,2025-12-16,Marcus Aldridge,Advisor,True,export_colleague_at_target_account,Tomás Dobrescu,VP Engineering,Strathmore Rail,False,connections_aldridge.csv,2018-12-16,2557.0,time_aware_available,low,"Connection is to a colleague at the target account, not the requested person; onward reachability inside the account is unknown."
R1093,2025-12-16,Marcus Aldridge,Advisor,True,export_colleague_at_target_account,Yusuf Vasquez,Director of Software Engineering,Strathmore Rail,False,connections_aldridge.csv,2015-08-28,3763.0,time_aware_available,low,"Connection is to a colleague at the target account, not the requested person; onward reachability inside the account is unknown."
R1093,2025-12-16,Tomás Beckett,Internal,True,export_colleague_at_target_account,Tomás Dobrescu,VP Engineering,Strathmore Rail,False,connections_beckett.csv,2017-12-20,2918.0,time_aware_available,low,"Connection is to a colleague at the target account, not the requested person; onward reachability inside the account is unknown."
R1093,2025-12-16,Tomás Beckett,Internal,True,export_colleague_at_target_account,Bertrand Lomsadze,Chief Digital Officer,Strathmore Rail,False,connections_beckett.csv,2015-09-22,3738.0,time_aware_available,low,"Connection is to a colleague at the target account, not the requested person; onward reachability inside the account is unknown."
R1093,2025-12-16,Elena Duvall,Advisor,True,export_colleague_at_target_account,Yusuf Vasquez,Director of Software Engineering,Strathmore Rail,False,connections_duvall.csv,2015-02-06,3966.0,time_aware_available,low,"Connection is to a colleague at the target account, not the requested person; onward reachability inside the account is unknown."
R1093,2025-12-16,Elena Duvall,Advisor,True,export_colleague_at_target_account,Bertrand Lomsadze,Chief Digital Officer,Strathmore Rail,False,connections_duvall.csv,2017-03-25,3188.0,time_aware_available,low,"Connection is to a colleague at the target account, not the requested person; onward reachability inside the account is unknown."
R1093,2025-12-16,Freya Oldfield-Ibarra,Investor/Advisor (not on roster or in exports),False,investor_portfolio,Strathmore Rail,,Strathmore Rail,False,investor_network.csv,,,snapshot_only_historical_unknown,low,Candidate path visible in supplied current snapshot; historical availability unknown. Connector is not on the roster and appears in no export: reachability unproven.
R1093,2025-12-16,Yusuf Vasquez,Investor/Advisor (not on roster or in exports),False,investor_alumni_prior_employer,Strathmore Rail,,Strathmore Rail,False,investor_network.csv,2014-01-01,,time_aware_available,low,Alumni relationship inferred from prior employment (year-only dates); whether live contacts remain inside the account is unknown.
R1093,2025-12-16,Bertrand Lomsadze,Investor/Advisor (not on roster or in exports),False,investor_alumni_prior_employer,Strathmore Rail,,Strathmore Rail,False,investor_network.csv,2013-01-01,,time_aware_available,low,Alumni relationship inferred from prior employment (year-only dates); whether live contacts remain inside the account is unknown.
R1093,2025-12-16,Tomás Dobrescu,Investor/Advisor (not on roster or in exports),False,investor_alumni_prior_employer,Strathmore Rail,,Strathmore Rail,False,investor_network.csv,2013-01-01,,time_aware_available,low,Alumni relationship inferred from prior employment (year-only dates); whether live contacts remain inside the account is unknown.
R1094,2026-06-23,Marcus Aldridge,Advisor,True,export_colleague_at_target_account,Tomás Dobrescu,VP Engineering,Strathmore Rail,False,connections_aldridge.csv,2018-12-16,2746.0,time_aware_available,low,"Connection is to a colleague at the target account, not the requested person; onward reachability inside the account is unknown."
R1094,2026-06-23,Marcus Aldridge,Advisor,True,export_colleague_at_target_account,Yusuf Vasquez,Director of Software Engineering,Strathmore Rail,False,connections_aldridge.csv,2015-08-28,3952.0,time_aware_available,low,"Connection is to a colleague at the target account, not the requested person; onward reachability inside the account is unknown."
R1094,2026-06-23,Tomás Beckett,Internal,True,export_colleague_at_target_account,Tomás Dobrescu,VP Engineering,Strathmore Rail,False,connections_beckett.csv,2017-12-20,3107.0,time_aware_available,low,"Connection is to a colleague at the target account, not the requested person; onward reachability inside the account is unknown."
R1094,2026-06-23,Tomás Beckett,Internal,True,export_colleague_at_target_account,Bertrand Lomsadze,Chief Digital Officer,Strathmore Rail,False,connections_beckett.csv,2015-09-22,3927.0,time_aware_available,low,"Connection is to a colleague at the target account, not the requested person; onward reachability inside the account is unknown."
R1094,2026-06-23,Elena Duvall,Advisor,True,export_colleague_at_target_account,Yusuf Vasquez,Director of Software Engineering,Strathmore Rail,False,connections_duvall.csv,2015-02-06,4155.0,time_aware_available,low,"Connection is to a colleague at the target account, not the requested person; onward reachability inside the account is unknown."
R1094,2026-06-23,Elena Duvall,Advisor,True,export_colleague_at_target_account,Bertrand Lomsadze,Chief Digital Officer,Strathmore Rail,False,connections_duvall.csv,2017-03-25,3377.0,time_aware_available,low,"Connection is to a colleague at the target account, not the requested person; onward reachability inside the account is unknown."
R1094,2026-06-23,Freya Oldfield-Ibarra,Investor/Advisor (not on roster or in exports),False,investor_portfolio,Strathmore Rail,,Strathmore Rail,False,investor_network.csv,,,snapshot_only_historical_unknown,low,Candidate path visible in supplied current snapshot; historical availability unknown. Connector is not on the roster and appears in no export: reachability unproven.
R1094,2026-06-23,Yusuf Vasquez,Investor/Advisor (not on roster or in exports),False,investor_alumni_prior_employer,Strathmore Rail,,Strathmore Rail,False,investor_network.csv,2014-01-01,,time_aware_available,low,Alumni relationship inferred from prior employment (year-only dates); whether live contacts remain inside the account is unknown.
R1094,2026-06-23,Bertrand Lomsadze,Investor/Advisor (not on roster or in exports),False,investor_alumni_prior_employer,Strathmore Rail,,Strathmore Rail,False,investor_network.csv,2013-01-01,,time_aware_available,low,Alumni relationship inferred from prior employment (year-only dates); whether live contacts remain inside the account is unknown.
R1094,2026-06-23,Tomás Dobrescu,Investor/Advisor (not on roster or in exports),False,investor_alumni_prior_employer,Strathmore Rail,,Strathmore Rail,False,investor_network.csv,2013-01-01,,time_aware_available,low,Alumni relationship inferred from prior employment (year-only dates); whether live contacts remain inside the account is unknown.
R1098,2026-03-20,Marcus Aldridge,Advisor,True,export_colleague_at_target_account,Margot Havercamp,Director of Software Engineering,Priorwood Chemicals,False,connections_aldridge.csv,2014-03-11,4392.0,time_aware_available,low,"Connection is to a colleague at the target account, not the requested person; onward reachability inside the account is unknown."
R1098,2026-03-20,Tomás Beckett,Internal,True,export_colleague_at_target_account,Curtis Marchetti,VP Enterprise Architecture,Priorwood Chemicals,False,connections_beckett.csv,2014-07-13,4268.0,time_aware_available,low,"Connection is to a colleague at the target account, not the requested person; onward reachability inside the account is unknown."
R1098,2026-03-20,Tomás Beckett,Internal,True,export_colleague_at_target_account,Margot Havercamp,Director of Software Engineering,Priorwood Chemicals,False,connections_beckett.csv,2015-01-12,4085.0,time_aware_available,low,"Connection is to a colleague at the target account, not the requested person; onward reachability inside the account is unknown."
R1098,2026-03-20,Elena Duvall,Advisor,True,export_colleague_at_target_account,Curtis Marchetti,VP Enterprise Architecture,Priorwood Chemicals,False,connections_duvall.csv,2014-02-22,4409.0,time_aware_available,low,"Connection is to a colleague at the target account, not the requested person; onward reachability inside the account is unknown."
R1098,2026-03-20,Otto Cathcart-Brenneman,Investor/Advisor (not on roster or in exports),False,investor_portfolio_board_seat,Priorwood Chemicals,,Priorwood Chemicals,False,investor_network.csv,,,snapshot_only_historical_unknown,medium,Candidate path visible in supplied current snapshot; historical availability unknown. Board seat implies direct access to leadership. Connector is not on the roster and appears in no export: reachability unproven.
R1098,2026-03-20,Margot Havercamp,Investor/Advisor (not on roster or in exports),False,investor_alumni_prior_employer,Priorwood Chemicals,,Priorwood Chemicals,False,investor_network.csv,2011-01-01,,time_aware_available,low,Alumni relationship inferred from prior employment (year-only dates); whether live contacts remain inside the account is unknown.
R1098,2026-03-20,Curtis Marchetti,Investor/Advisor (not on roster or in exports),False,investor_alumni_prior_employer,Priorwood Chemicals,,Priorwood Chemicals,False,investor_network.csv,2010-01-01,,time_aware_available,low,Alumni relationship inferred from prior employment (year-only dates); whether live contacts remain inside the account is unknown.
R1101,2026-05-09,Marcus Aldridge,Advisor,True,export_colleague_at_target_account,Camille Fairweather,VP Engineering,Calderon Aerospace,False,connections_aldridge.csv,2025-10-19,202.0,time_aware_available,low,"Connection is to a colleague at the target account, not the requested person; onward reachability inside the account is unknown."
R1101,2026-05-09,Elena Duvall,Advisor,True,export_colleague_at_target_account,Sabine Underhill,VP Enterprise Architecture,Calderon Aerospace,False,connections_duvall.csv,2022-08-26,1352.0,time_aware_available,low,"Connection is to a colleague at the target account, not the requested person; onward reachability inside the account is unknown."
R1101,2026-05-09,Priya Raghunathan,Investor,True,export_colleague_at_target_account,Camille Fairweather,VP Engineering,Calderon Aerospace,False,connections_raghunathan.csv,2026-08-05,-88.0,post_dates_request,low,"Connection is to a colleague at the target account, not the requested person; onward reachability inside the account is unknown."
R1101,2026-05-09,Owen Trask,Investor,True,export_colleague_at_target_account,Sabine Underhill,VP Enterprise Architecture,Calderon Aerospace,False,connections_trask.csv,2021-12-24,1597.0,time_aware_available,low,"Connection is to a colleague at the target account, not the requested person; onward reachability inside the account is unknown."
R1102,2025-10-27,Marcus Aldridge,Advisor,True,export_colleague_at_target_account,Tomás Dobrescu,VP Engineering,Strathmore Rail,True,connections_aldridge.csv,2018-12-16,2507.0,time_aware_available,medium,"Connection is to a colleague at the target account, not the requested person; onward reachability inside the account is unknown."
R1102,2025-10-27,Marcus Aldridge,Advisor,True,export_colleague_at_target_account,Yusuf Vasquez,Director of Software Engineering,Strathmore Rail,False,connections_aldridge.csv,2015-08-28,3713.0,time_aware_available,low,"Connection is to a colleague at the target account, not the requested person; onward reachability inside the account is unknown."
R1102,2025-10-27,Tomás Beckett,Internal,True,export_colleague_at_target_account,Tomás Dobrescu,VP Engineering,Strathmore Rail,True,connections_beckett.csv,2017-12-20,2868.0,time_aware_available,medium,"Connection is to a colleague at the target account, not the requested person; onward reachability inside the account is unknown."
R1102,2025-10-27,Tomás Beckett,Internal,True,export_colleague_at_target_account,Bertrand Lomsadze,Chief Digital Officer,Strathmore Rail,False,connections_beckett.csv,2015-09-22,3688.0,time_aware_available,low,"Connection is to a colleague at the target account, not the requested person; onward reachability inside the account is unknown."
R1102,2025-10-27,Elena Duvall,Advisor,True,export_colleague_at_target_account,Yusuf Vasquez,Director of Software Engineering,Strathmore Rail,False,connections_duvall.csv,2015-02-06,3916.0,time_aware_available,low,"Connection is to a colleague at the target account, not the requested person; onward reachability inside the account is unknown."
R1102,2025-10-27,Elena Duvall,Advisor,True,export_colleague_at_target_account,Bertrand Lomsadze,Chief Digital Officer,Strathmore Rail,False,connections_duvall.csv,2017-03-25,3138.0,time_aware_available,low,"Connection is to a colleague at the target account, not the requested person; onward reachability inside the account is unknown."
R1102,2025-10-27,Freya Oldfield-Ibarra,Investor/Advisor (not on roster or in exports),False,investor_portfolio,Strathmore Rail,,Strathmore Rail,False,investor_network.csv,,,snapshot_only_historical_unknown,low,Candidate path visible in supplied current snapshot; historical availability unknown. Connector is not on the roster and appears in no export: reachability unproven.
R1102,2025-10-27,Yusuf Vasquez,Investor/Advisor (not on roster or in exports),False,investor_alumni_prior_employer,Strathmore Rail,,Strathmore Rail,False,investor_network.csv,2014-01-01,,time_aware_available,low,Alumni relationship inferred from prior employment (year-only dates); whether live contacts remain inside the account is unknown.
R1102,2025-10-27,Bertrand Lomsadze,Investor/Advisor (not on roster or in exports),False,investor_alumni_prior_employer,Strathmore Rail,,Strathmore Rail,False,investor_network.csv,2013-01-01,,time_aware_available,low,Alumni relationship inferred from prior employment (year-only dates); whether live contacts remain inside the account is unknown.
R1102,2025-10-27,Tomás Dobrescu,Investor/Advisor (not on roster or in exports),False,investor_alumni_prior_employer,Strathmore Rail,,Strathmore Rail,False,investor_network.csv,2013-01-01,,time_aware_available,low,Alumni relationship inferred from prior employment (year-only dates); whether live contacts remain inside the account is unknown.
R1104,2025-12-20,Tomás Beckett,Internal,True,export_colleague_at_target_account,Sunniva Højgaard,Chief Digital Officer,Ellerby Semiconductor,False,connections_beckett.csv,2016-10-23,3345.0,time_aware_available,low,"Connection is to a colleague at the target account, not the requested person; onward reachability inside the account is unknown."
R1104,2025-12-20,Dana Whitfield,Internal,True,export_colleague_at_target_account,Sunniva Højgaard,Chief Digital Officer,Ellerby Semiconductor,False,connections_whitfield.csv,2014-07-24,4167.0,time_aware_available,low,"Connection is to a colleague at the target account, not the requested person; onward reachability inside the account is unknown."
R1104,2025-12-20,Matteo Ferreira-Yarrow,Investor/Advisor (not on roster or in exports),False,investor_portfolio,Ellerby Semiconductor,,Ellerby Semiconductor,False,investor_network.csv,,,snapshot_only_historical_unknown,low,Candidate path visible in supplied current snapshot; historical availability unknown. Connector is not on the roster and appears in no export: reachability unproven.
R1104,2025-12-20,Otto Højgaard-Ferreira,Investor/Advisor (not on roster or in exports),False,investor_portfolio,Ellerby Semiconductor,,Ellerby Semiconductor,False,investor_network.csv,,,snapshot_only_historical_unknown,low,Candidate path visible in supplied current snapshot; historical availability unknown. Connector is not on the roster and appears in no export: reachability unproven.
R1104,2025-12-20,Bertrand Achterberg-Quillane,Investor/Advisor (not on roster or in exports),False,investor_portfolio_board_seat,Ellerby Semiconductor,,Ellerby Semiconductor,False,investor_network.csv,,,snapshot_only_historical_unknown,medium,Candidate path visible in supplied current snapshot; historical availability unknown. Board seat implies direct access to leadership. Connector is not on the roster and appears in no export: reachability unproven.
R1104,2025-12-20,Freya Oldfield-Ibarra,Investor/Advisor (not on roster or in exports),False,investor_portfolio,Ellerby Semiconductor,,Ellerby Semiconductor,False,investor_network.csv,,,snapshot_only_historical_unknown,low,Candidate path visible in supplied current snapshot; historical availability unknown. Connector is not on the roster and appears in no export: reachability unproven.
R1104,2025-12-20,Sunniva Højgaard,Investor/Advisor (not on roster or in exports),False,investor_alumni_prior_employer,Ellerby Semiconductor,,Ellerby Semiconductor,False,investor_network.csv,2013-01-01,,time_aware_available,low,Alumni relationship inferred from prior employment (year-only dates); whether live contacts remain inside the account is unknown.
R1107,2025-11-05,Marcus Aldridge,Advisor,True,export_colleague_at_target_account,Arjun Cathcart,Head of Developer Productivity,Vireo Systems,True,connections_aldridge.csv,2025-10-27,9.0,time_aware_available,medium,"Connection is to a colleague at the target account, not the requested person; onward reachability inside the account is unknown."
R1107,2025-11-05,Elena Duvall,Advisor,True,export_colleague_at_target_account,Arjun Cathcart,Head of Developer Productivity,Vireo Systems,True,connections_duvall.csv,2026-01-23,-79.0,post_dates_request,medium,"Connection is to a colleague at the target account, not the requested person; onward reachability inside the account is unknown."
R1107,2025-11-05,Priya Raghunathan,Investor/Advisor,True,investor_portfolio_board_seat,Vireo Systems,,Vireo Systems,False,investor_network.csv,,,snapshot_only_historical_unknown,medium,Candidate path visible in supplied current snapshot; historical availability unknown. Board seat implies direct access to leadership.
R1107,2025-11-05,Amara Brenneman-Fairweather,Investor/Advisor (not on roster or in exports),False,investor_portfolio,Vireo Systems,,Vireo Systems,False,investor_network.csv,,,snapshot_only_historical_unknown,low,Candidate path visible in supplied current snapshot; historical availability unknown. Connector is not on the roster and appears in no export: reachability unproven.
R1108,2025-10-09,Elena Duvall,Advisor,True,export_colleague_at_target_account,Priya Fairweather,Head of Platform Engineering,Gravenhurst Motors,False,connections_duvall.csv,2018-07-13,2645.0,time_aware_available,low,"Connection is to a colleague at the target account, not the requested person; onward reachability inside the account is unknown."
R1108,2025-10-09,Priya Raghunathan,Investor,True,export_colleague_at_target_account,Priya Fairweather,Head of Platform Engineering,Gravenhurst Motors,False,connections_raghunathan.csv,2016-11-20,3245.0,time_aware_available,low,"Connection is to a colleague at the target account, not the requested person; onward reachability inside the account is unknown."
R1108,2025-10-09,Priya Raghunathan,Investor/Advisor,True,investor_portfolio,Gravenhurst Motors,,Gravenhurst Motors,False,investor_network.csv,,,snapshot_only_historical_unknown,low,Candidate path visible in supplied current snapshot; historical availability unknown.
R1108,2025-10-09,Amara Brenneman-Fairweather,Investor/Advisor (not on roster or in exports),False,investor_portfolio,Gravenhurst Motors,,Gravenhurst Motors,False,investor_network.csv,,,snapshot_only_historical_unknown,low,Candidate path visible in supplied current snapshot; historical availability unknown. Connector is not on the roster and appears in no export: reachability unproven.
R1108,2025-10-09,Priya Fairweather,Investor/Advisor (not on roster or in exports),False,investor_alumni_prior_employer,Gravenhurst Motors,,Gravenhurst Motors,False,investor_network.csv,2014-01-01,,time_aware_available,low,Alumni relationship inferred from prior employment (year-only dates); whether live contacts remain inside the account is unknown.
R1111,2026-01-29,Marcus Aldridge,Advisor,True,export_colleague_at_target_account,Sabine Dellinger,Chief Data Officer,Vantage Ridge Utilities,False,connections_aldridge.csv,2022-12-23,1133.0,time_aware_available,low,"Connection is to a colleague at the target account, not the requested person; onward reachability inside the account is unknown."
R1111,2026-01-29,Tomás Beckett,Internal,True,export_colleague_at_target_account,Sabine Dellinger,Chief Data Officer,Vantage Ridge Utilities,False,connections_beckett.csv,2024-11-09,446.0,time_aware_available,low,"Connection is to a colleague at the target account, not the requested person; onward reachability inside the account is unknown."
R1111,2026-01-29,Ravi Underhill-Halloran,Investor/Advisor (not on roster or in exports),False,investor_portfolio,Vantage Ridge Utilities,,Vantage Ridge Utilities,False,investor_network.csv,,,snapshot_only_historical_unknown,low,Candidate path visible in supplied current snapshot; historical availability unknown. Connector is not on the roster and appears in no export: reachability unproven.
R1113,2026-02-01,Tomás Beckett,Internal,True,export_colleague_at_target_account,Kofi Mkhize,VP Engineering,Kingsmere Retail Group,False,connections_beckett.csv,2016-03-26,3599.0,time_aware_available,low,"Connection is to a colleague at the target account, not the requested person; onward reachability inside the account is unknown."
R1113,2026-02-01,Priya Raghunathan,Investor,True,export_colleague_at_target_account,Saoirse Quillane,VP Data & Analytics,Kingsmere Retail Group,False,connections_raghunathan.csv,2021-10-27,1558.0,time_aware_available,low,"Connection is to a colleague at the target account, not the requested person; onward reachability inside the account is unknown."
R1113,2026-02-01,Owen Trask,Investor,True,export_colleague_at_target_account,Kofi Mkhize,VP Engineering,Kingsmere Retail Group,False,connections_trask.csv,2016-05-20,3544.0,time_aware_available,low,"Connection is to a colleague at the target account, not the requested person; onward reachability inside the account is unknown."
R1113,2026-02-01,Dana Whitfield,Internal,True,export_colleague_at_target_account,Saoirse Quillane,VP Data & Analytics,Kingsmere Retail Group,False,connections_whitfield.csv,2023-12-11,783.0,time_aware_available,low,"Connection is to a colleague at the target account, not the requested person; onward reachability inside the account is unknown."
R1113,2026-02-01,Kofi Mkhize,Investor/Advisor (not on roster or in exports),False,investor_alumni_prior_employer,Kingsmere Retail Group,,Kingsmere Retail Group,False,investor_network.csv,2012-01-01,,time_aware_available,low,Alumni relationship inferred from prior employment (year-only dates); whether live contacts remain inside the account is unknown.
R1114,2026-02-17,Marcus Aldridge,Advisor,True,export_colleague_at_target_account,Kofi Jarrold,Chief Information Officer,Marchford Clinics,False,connections_aldridge.csv,2023-09-18,883.0,time_aware_available,low,"Connection is to a colleague at the target account, not the requested person; onward reachability inside the account is unknown."
R1114,2026-02-17,Priya Raghunathan,Investor,True,export_colleague_at_target_account,Teodor Zubkov,Program Manager,Marchford Clinics,False,connections_raghunathan.csv,2020-12-24,1881.0,time_aware_available,low,"Connection is to a colleague at the target account, not the requested person; onward reachability inside the account is unknown."
R1114,2026-02-17,Owen Trask,Investor,True,export_colleague_at_target_account,Teodor Zubkov,Program Manager,Marchford Clinics,False,connections_trask.csv,2020-05-24,2095.0,time_aware_available,low,"Connection is to a colleague at the target account, not the requested person; onward reachability inside the account is unknown."
R1115,2026-02-20,Elena Duvall,Advisor,True,export_colleague_at_target_account,Priya Fairweather,Head of Platform Engineering,Gravenhurst Motors,False,connections_duvall.csv,2018-07-13,2779.0,time_aware_available,low,"Connection is to a colleague at the target account, not the requested person; onward reachability inside the account is unknown."
R1115,2026-02-20,Priya Raghunathan,Investor,True,export_colleague_at_target_account,Priya Fairweather,Head of Platform Engineering,Gravenhurst Motors,False,connections_raghunathan.csv,2016-11-20,3379.0,time_aware_available,low,"Connection is to a colleague at the target account, not the requested person; onward reachability inside the account is unknown."
R1115,2026-02-20,Priya Raghunathan,Investor/Advisor,True,investor_portfolio,Gravenhurst Motors,,Gravenhurst Motors,False,investor_network.csv,,,snapshot_only_historical_unknown,low,Candidate path visible in supplied current snapshot; historical availability unknown.
R1115,2026-02-20,Amara Brenneman-Fairweather,Investor/Advisor (not on roster or in exports),False,investor_portfolio,Gravenhurst Motors,,Gravenhurst Motors,False,investor_network.csv,,,snapshot_only_historical_unknown,low,Candidate path visible in supplied current snapshot; historical availability unknown. Connector is not on the roster and appears in no export: reachability unproven.
R1115,2026-02-20,Priya Fairweather,Investor/Advisor (not on roster or in exports),False,investor_alumni_prior_employer,Gravenhurst Motors,,Gravenhurst Motors,False,investor_network.csv,2014-01-01,,time_aware_available,low,Alumni relationship inferred from prior employment (year-only dates); whether live contacts remain inside the account is unknown.
R1118,2025-09-15,Marcus Aldridge,Advisor,True,export_colleague_at_target_account,Margot Havercamp,Director of Software Engineering,Priorwood Chemicals,False,connections_aldridge.csv,2014-03-11,4206.0,time_aware_available,low,"Connection is to a colleague at the target account, not the requested person; onward reachability inside the account is unknown."
R1118,2025-09-15,Tomás Beckett,Internal,True,export_colleague_at_target_account,Curtis Marchetti,VP Enterprise Architecture,Priorwood Chemicals,False,connections_beckett.csv,2014-07-13,4082.0,time_aware_available,low,"Connection is to a colleague at the target account, not the requested person; onward reachability inside the account is unknown."
R1118,2025-09-15,Tomás Beckett,Internal,True,export_colleague_at_target_account,Margot Havercamp,Director of Software Engineering,Priorwood Chemicals,False,connections_beckett.csv,2015-01-12,3899.0,time_aware_available,low,"Connection is to a colleague at the target account, not the requested person; onward reachability inside the account is unknown."
R1118,2025-09-15,Elena Duvall,Advisor,True,export_colleague_at_target_account,Curtis Marchetti,VP Enterprise Architecture,Priorwood Chemicals,False,connections_duvall.csv,2014-02-22,4223.0,time_aware_available,low,"Connection is to a colleague at the target account, not the requested person; onward reachability inside the account is unknown."
R1118,2025-09-15,Otto Cathcart-Brenneman,Investor/Advisor (not on roster or in exports),False,investor_portfolio_board_seat,Priorwood Chemicals,,Priorwood Chemicals,False,investor_network.csv,,,snapshot_only_historical_unknown,medium,Candidate path visible in supplied current snapshot; historical availability unknown. Board seat implies direct access to leadership. Connector is not on the roster and appears in no export: reachability unproven.
R1118,2025-09-15,Margot Havercamp,Investor/Advisor (not on roster or in exports),False,investor_alumni_prior_employer,Priorwood Chemicals,,Priorwood Chemicals,False,investor_network.csv,2011-01-01,,time_aware_available,low,Alumni relationship inferred from prior employment (year-only dates); whether live contacts remain inside the account is unknown.
R1118,2025-09-15,Curtis Marchetti,Investor/Advisor (not on roster or in exports),False,investor_alumni_prior_employer,Priorwood Chemicals,,Priorwood Chemicals,False,investor_network.csv,2010-01-01,,time_aware_available,low,Alumni relationship inferred from prior employment (year-only dates); whether live contacts remain inside the account is unknown.
R1120,2025-10-28,Priya Raghunathan,Investor/Advisor,True,investor_portfolio_board_seat,Duncastle Hotels,,Duncastle Hotels,False,investor_network.csv,,,snapshot_only_historical_unknown,medium,Candidate path visible in supplied current snapshot; historical availability unknown. Board seat implies direct access to leadership.
R1120,2025-10-28,Amara Brenneman-Fairweather,Investor/Advisor (not on roster or in exports),False,investor_portfolio_board_seat,Duncastle Hotels,,Duncastle Hotels,False,investor_network.csv,,,snapshot_only_historical_unknown,medium,Candidate path visible in supplied current snapshot; historical availability unknown. Board seat implies direct access to leadership. Connector is not on the roster and appears in no export: reachability unproven.
R1120,2025-10-28,Renata Halloran-Quillane,Investor/Advisor (not on roster or in exports),False,investor_portfolio_board_seat,Duncastle Hotels,,Duncastle Hotels,False,investor_network.csv,,,snapshot_only_historical_unknown,medium,Candidate path visible in supplied current snapshot; historical availability unknown. Board seat implies direct access to leadership. Connector is not on the roster and appears in no export: reachability unproven.
R1120,2025-10-28,Matteo Ferreira-Yarrow,Investor/Advisor (not on roster or in exports),False,investor_portfolio,Duncastle Hotels,,Duncastle Hotels,False,investor_network.csv,,,snapshot_only_historical_unknown,low,Candidate path visible in supplied current snapshot; historical availability unknown. Connector is not on the roster and appears in no export: reachability unproven.
R1120,2025-10-28,Matteo Falkenrath-Merriweather,Investor/Advisor (not on roster or in exports),False,investor_portfolio_board_seat,Duncastle Hotels,,Duncastle Hotels,False,investor_network.csv,,,snapshot_only_historical_unknown,medium,Candidate path visible in supplied current snapshot; historical availability unknown. Board seat implies direct access to leadership. Connector is not on the roster and appears in no export: reachability unproven.
R1122,2026-07-19,Elena Duvall,Advisor,True,export_colleague_at_target_account,Priya Fairweather,Head of Platform Engineering,Gravenhurst Motors,False,connections_duvall.csv,2018-07-13,2928.0,time_aware_available,low,"Connection is to a colleague at the target account, not the requested person; onward reachability inside the account is unknown."
R1122,2026-07-19,Priya Raghunathan,Investor,True,export_colleague_at_target_account,Priya Fairweather,Head of Platform Engineering,Gravenhurst Motors,False,connections_raghunathan.csv,2016-11-20,3528.0,time_aware_available,low,"Connection is to a colleague at the target account, not the requested person; onward reachability inside the account is unknown."
R1122,2026-07-19,Priya Raghunathan,Investor/Advisor,True,investor_portfolio,Gravenhurst Motors,,Gravenhurst Motors,False,investor_network.csv,,,snapshot_only_historical_unknown,low,Candidate path visible in supplied current snapshot; historical availability unknown.
R1122,2026-07-19,Amara Brenneman-Fairweather,Investor/Advisor (not on roster or in exports),False,investor_portfolio,Gravenhurst Motors,,Gravenhurst Motors,False,investor_network.csv,,,snapshot_only_historical_unknown,low,Candidate path visible in supplied current snapshot; historical availability unknown. Connector is not on the roster and appears in no export: reachability unproven.
R1122,2026-07-19,Priya Fairweather,Investor/Advisor (not on roster or in exports),False,investor_alumni_prior_employer,Gravenhurst Motors,,Gravenhurst Motors,False,investor_network.csv,2014-01-01,,time_aware_available,low,Alumni relationship inferred from prior employment (year-only dates); whether live contacts remain inside the account is unknown.
R1123,2026-04-22,Elena Duvall,Advisor,True,export_colleague_at_target_account,Idris Drummond,Chief Digital Officer,Brightmoor Energy,False,connections_duvall.csv,2017-07-02,3216.0,time_aware_available,low,"Connection is to a colleague at the target account, not the requested person; onward reachability inside the account is unknown."
R1123,2026-04-22,Idris Drummond,Investor/Advisor (not on roster or in exports),False,investor_alumni_prior_employer,Brightmoor Energy,,Brightmoor Energy,False,investor_network.csv,2015-01-01,,time_aware_available,low,Alumni relationship inferred from prior employment (year-only dates); whether live contacts remain inside the account is unknown.
R1124,2025-11-10,Priya Raghunathan,Investor,True,export_colleague_at_target_account,Freya Havercamp,Staff Engineer,Hollowbrook Grocers,False,connections_raghunathan.csv,2022-05-16,1274.0,time_aware_available,low,"Connection is to a colleague at the target account, not the requested person; onward reachability inside the account is unknown."
R1124,2025-11-10,Dana Whitfield,Internal,True,export_colleague_at_target_account,Freya Havercamp,Staff Engineer,Hollowbrook Grocers,False,connections_whitfield.csv,2020-12-25,1781.0,time_aware_available,low,"Connection is to a colleague at the target account, not the requested person; onward reachability inside the account is unknown."
R1124,2025-11-10,Priya Raghunathan,Investor/Advisor,True,investor_portfolio_board_seat,Hollowbrook Grocers,,Hollowbrook Grocers,False,investor_network.csv,,,snapshot_only_historical_unknown,medium,Candidate path visible in supplied current snapshot; historical availability unknown. Board seat implies direct access to leadership.
R1124,2025-11-10,Arjun Fairweather-Brenneman,Investor/Advisor (not on roster or in exports),False,investor_portfolio,Hollowbrook Grocers,,Hollowbrook Grocers,False,investor_network.csv,,,snapshot_only_historical_unknown,low,Candidate path visible in supplied current snapshot; historical availability unknown. Connector is not on the roster and appears in no export: reachability unproven.
R1124,2025-11-10,Priya Dobrescu-Prendergast,Investor/Advisor (not on roster or in exports),False,investor_portfolio,Hollowbrook Grocers,,Hollowbrook Grocers,False,investor_network.csv,,,snapshot_only_historical_unknown,low,Candidate path visible in supplied current snapshot; historical availability unknown. Connector is not on the roster and appears in no export: reachability unproven.
R1125,2026-07-05,Marcus Aldridge,Advisor,True,export_colleague_at_target_account,Tomás Dobrescu,VP Engineering,Strathmore Rail,False,connections_aldridge.csv,2018-12-16,2758.0,time_aware_available,low,"Connection is to a colleague at the target account, not the requested person; onward reachability inside the account is unknown."
R1125,2026-07-05,Marcus Aldridge,Advisor,True,export_colleague_at_target_account,Yusuf Vasquez,Director of Software Engineering,Strathmore Rail,False,connections_aldridge.csv,2015-08-28,3964.0,time_aware_available,low,"Connection is to a colleague at the target account, not the requested person; onward reachability inside the account is unknown."
R1125,2026-07-05,Tomás Beckett,Internal,True,export_colleague_at_target_account,Tomás Dobrescu,VP Engineering,Strathmore Rail,False,connections_beckett.csv,2017-12-20,3119.0,time_aware_available,low,"Connection is to a colleague at the target account, not the requested person; onward reachability inside the account is unknown."
R1125,2026-07-05,Tomás Beckett,Internal,True,export_colleague_at_target_account,Bertrand Lomsadze,Chief Digital Officer,Strathmore Rail,False,connections_beckett.csv,2015-09-22,3939.0,time_aware_available,low,"Connection is to a colleague at the target account, not the requested person; onward reachability inside the account is unknown."
R1125,2026-07-05,Elena Duvall,Advisor,True,export_colleague_at_target_account,Yusuf Vasquez,Director of Software Engineering,Strathmore Rail,False,connections_duvall.csv,2015-02-06,4167.0,time_aware_available,low,"Connection is to a colleague at the target account, not the requested person; onward reachability inside the account is unknown."
R1125,2026-07-05,Elena Duvall,Advisor,True,export_colleague_at_target_account,Bertrand Lomsadze,Chief Digital Officer,Strathmore Rail,False,connections_duvall.csv,2017-03-25,3389.0,time_aware_available,low,"Connection is to a colleague at the target account, not the requested person; onward reachability inside the account is unknown."
R1125,2026-07-05,Freya Oldfield-Ibarra,Investor/Advisor (not on roster or in exports),False,investor_portfolio,Strathmore Rail,,Strathmore Rail,False,investor_network.csv,,,snapshot_only_historical_unknown,low,Candidate path visible in supplied current snapshot; historical availability unknown. Connector is not on the roster and appears in no export: reachability unproven.
R1125,2026-07-05,Yusuf Vasquez,Investor/Advisor (not on roster or in exports),False,investor_alumni_prior_employer,Strathmore Rail,,Strathmore Rail,False,investor_network.csv,2014-01-01,,time_aware_available,low,Alumni relationship inferred from prior employment (year-only dates); whether live contacts remain inside the account is unknown.
R1125,2026-07-05,Bertrand Lomsadze,Investor/Advisor (not on roster or in exports),False,investor_alumni_prior_employer,Strathmore Rail,,Strathmore Rail,False,investor_network.csv,2013-01-01,,time_aware_available,low,Alumni relationship inferred from prior employment (year-only dates); whether live contacts remain inside the account is unknown.
R1125,2026-07-05,Tomás Dobrescu,Investor/Advisor (not on roster or in exports),False,investor_alumni_prior_employer,Strathmore Rail,,Strathmore Rail,False,investor_network.csv,2013-01-01,,time_aware_available,low,Alumni relationship inferred from prior employment (year-only dates); whether live contacts remain inside the account is unknown.
R1128,2025-12-26,Tomás Beckett,Internal,True,export_colleague_at_target_account,Kofi Mkhize,VP Engineering,Kingsmere Retail Group,False,connections_beckett.csv,2016-03-26,3562.0,time_aware_available,low,"Connection is to a colleague at the target account, not the requested person; onward reachability inside the account is unknown."
R1128,2025-12-26,Priya Raghunathan,Investor,True,export_colleague_at_target_account,Saoirse Quillane,VP Data & Analytics,Kingsmere Retail Group,False,connections_raghunathan.csv,2021-10-27,1521.0,time_aware_available,low,"Connection is to a colleague at the target account, not the requested person; onward reachability inside the account is unknown."
R1128,2025-12-26,Owen Trask,Investor,True,export_colleague_at_target_account,Kofi Mkhize,VP Engineering,Kingsmere Retail Group,False,connections_trask.csv,2016-05-20,3507.0,time_aware_available,low,"Connection is to a colleague at the target account, not the requested person; onward reachability inside the account is unknown."
R1128,2025-12-26,Dana Whitfield,Internal,True,export_colleague_at_target_account,Saoirse Quillane,VP Data & Analytics,Kingsmere Retail Group,False,connections_whitfield.csv,2023-12-11,746.0,time_aware_available,low,"Connection is to a colleague at the target account, not the requested person; onward reachability inside the account is unknown."
R1128,2025-12-26,Kofi Mkhize,Investor/Advisor (not on roster or in exports),False,investor_alumni_prior_employer,Kingsmere Retail Group,,Kingsmere Retail Group,False,investor_network.csv,2012-01-01,,time_aware_available,low,Alumni relationship inferred from prior employment (year-only dates); whether live contacts remain inside the account is unknown.
R1130,2026-02-04,Marcus Aldridge,Advisor,True,export_colleague_at_target_account,Bram Quillane,Head of Developer Productivity,Blackwood Industrial,False,connections_aldridge.csv,2026-11-10,-279.0,post_dates_request,low,"Connection is to a colleague at the target account, not the requested person; onward reachability inside the account is unknown."
R1130,2026-02-04,Tomás Beckett,Internal,True,export_colleague_at_target_account,Marcus Højgaard,Chief Technology Officer,Blackwood Industrial,True,connections_beckett.csv,2015-01-02,4051.0,time_aware_available,medium,"Connection is to a colleague at the target account, not the requested person; onward reachability inside the account is unknown."
R1130,2026-02-04,Elena Duvall,Advisor,True,export_colleague_at_target_account,Bram Quillane,Head of Developer Productivity,Blackwood Industrial,False,connections_duvall.csv,2028-06-16,-863.0,post_dates_request,low,"Connection is to a colleague at the target account, not the requested person; onward reachability inside the account is unknown."
R1130,2026-02-04,Elena Duvall,Advisor,True,export_colleague_at_target_account,Saoirse Yarrow,Head of Innovation,Blackwood Industrial,False,connections_duvall.csv,2019-02-04,2557.0,time_aware_available,low,"Connection is to a colleague at the target account, not the requested person; onward reachability inside the account is unknown."
R1130,2026-02-04,Owen Trask,Investor,True,export_colleague_at_target_account,Marcus Højgaard,Chief Technology Officer,Blackwood Industrial,True,connections_trask.csv,2017-04-20,3212.0,time_aware_available,medium,"Connection is to a colleague at the target account, not the requested person; onward reachability inside the account is unknown."
R1130,2026-02-04,Otto Cathcart-Brenneman,Investor/Advisor (not on roster or in exports),False,investor_portfolio_board_seat,Blackwood Industrial,,Blackwood Industrial,False,investor_network.csv,,,snapshot_only_historical_unknown,medium,Candidate path visible in supplied current snapshot; historical availability unknown. Board seat implies direct access to leadership. Connector is not on the roster and appears in no export: reachability unproven.
R1130,2026-02-04,Marcus Højgaard,Investor/Advisor (not on roster or in exports),False,investor_alumni_prior_employer,Blackwood Industrial,,Blackwood Industrial,False,investor_network.csv,2014-01-01,,time_aware_available,low,Alumni relationship inferred from prior employment (year-only dates); whether live contacts remain inside the account is unknown.
R1132,2025-12-13,Marcus Aldridge,Advisor,True,export_colleague_at_target_account,Tomás Dobrescu,VP Engineering,Strathmore Rail,False,connections_aldridge.csv,2018-12-16,2554.0,time_aware_available,low,"Connection is to a colleague at the target account, not the requested person; onward reachability inside the account is unknown."
R1132,2025-12-13,Marcus Aldridge,Advisor,True,export_colleague_at_target_account,Yusuf Vasquez,Director of Software Engineering,Strathmore Rail,False,connections_aldridge.csv,2015-08-28,3760.0,time_aware_available,low,"Connection is to a colleague at the target account, not the requested person; onward reachability inside the account is unknown."
R1132,2025-12-13,Tomás Beckett,Internal,True,export_colleague_at_target_account,Tomás Dobrescu,VP Engineering,Strathmore Rail,False,connections_beckett.csv,2017-12-20,2915.0,time_aware_available,low,"Connection is to a colleague at the target account, not the requested person; onward reachability inside the account is unknown."
R1132,2025-12-13,Tomás Beckett,Internal,True,export_colleague_at_target_account,Bertrand Lomsadze,Chief Digital Officer,Strathmore Rail,False,connections_beckett.csv,2015-09-22,3735.0,time_aware_available,low,"Connection is to a colleague at the target account, not the requested person; onward reachability inside the account is unknown."
R1132,2025-12-13,Elena Duvall,Advisor,True,export_colleague_at_target_account,Yusuf Vasquez,Director of Software Engineering,Strathmore Rail,False,connections_duvall.csv,2015-02-06,3963.0,time_aware_available,low,"Connection is to a colleague at the target account, not the requested person; onward reachability inside the account is unknown."
R1132,2025-12-13,Elena Duvall,Advisor,True,export_colleague_at_target_account,Bertrand Lomsadze,Chief Digital Officer,Strathmore Rail,False,connections_duvall.csv,2017-03-25,3185.0,time_aware_available,low,"Connection is to a colleague at the target account, not the requested person; onward reachability inside the account is unknown."
R1132,2025-12-13,Freya Oldfield-Ibarra,Investor/Advisor (not on roster or in exports),False,investor_portfolio,Strathmore Rail,,Strathmore Rail,False,investor_network.csv,,,snapshot_only_historical_unknown,low,Candidate path visible in supplied current snapshot; historical availability unknown. Connector is not on the roster and appears in no export: reachability unproven.
R1132,2025-12-13,Yusuf Vasquez,Investor/Advisor (not on roster or in exports),False,investor_alumni_prior_employer,Strathmore Rail,,Strathmore Rail,False,investor_network.csv,2014-01-01,,time_aware_available,low,Alumni relationship inferred from prior employment (year-only dates); whether live contacts remain inside the account is unknown.
R1132,2025-12-13,Bertrand Lomsadze,Investor/Advisor (not on roster or in exports),False,investor_alumni_prior_employer,Strathmore Rail,,Strathmore Rail,False,investor_network.csv,2013-01-01,,time_aware_available,low,Alumni relationship inferred from prior employment (year-only dates); whether live contacts remain inside the account is unknown.
R1132,2025-12-13,Tomás Dobrescu,Investor/Advisor (not on roster or in exports),False,investor_alumni_prior_employer,Strathmore Rail,,Strathmore Rail,False,investor_network.csv,2013-01-01,,time_aware_available,low,Alumni relationship inferred from prior employment (year-only dates); whether live contacts remain inside the account is unknown.
R1136,2026-03-14,Marcus Aldridge,Advisor,True,export_colleague_at_target_account,Marcus Salcedo,Director of Software Engineering,Harrowgate Health,False,connections_aldridge.csv,2024-04-17,696.0,time_aware_available,low,"Connection is to a colleague at the target account, not the requested person; onward reachability inside the account is unknown."
R1136,2026-03-14,Tomás Beckett,Internal,True,export_colleague_at_target_account,Marcus Salcedo,Director of Software Engineering,Harrowgate Health,False,connections_beckett.csv,2026-03-16,-2.0,post_dates_request,low,"Connection is to a colleague at the target account, not the requested person; onward reachability inside the account is unknown."
R1136,2026-03-14,Priya Raghunathan,Investor,True,export_colleague_at_target_account,Amara Thackeray,Chief Operating Officer,Harrowgate Health,False,connections_raghunathan.csv,2018-10-25,2697.0,time_aware_available,low,"Connection is to a colleague at the target account, not the requested person; onward reachability inside the account is unknown."
R1136,2026-03-14,Owen Trask,Investor,True,export_colleague_at_target_account,Ingrid Marchetti,Head of Developer Productivity,Harrowgate Health,False,connections_trask.csv,2016-01-02,3724.0,time_aware_available,low,"Connection is to a colleague at the target account, not the requested person; onward reachability inside the account is unknown."
R1136,2026-03-14,Dana Whitfield,Internal,True,export_colleague_at_target_account,Amara Thackeray,Chief Operating Officer,Harrowgate Health,False,connections_whitfield.csv,2016-11-21,3400.0,time_aware_available,low,"Connection is to a colleague at the target account, not the requested person; onward reachability inside the account is unknown."
R1136,2026-03-14,Dana Whitfield,Internal,True,export_colleague_at_target_account,Ingrid Marchetti,Head of Developer Productivity,Harrowgate Health,False,connections_whitfield.csv,2017-10-05,3082.0,time_aware_available,low,"Connection is to a colleague at the target account, not the requested person; onward reachability inside the account is unknown."
R1136,2026-03-14,Amara Thackeray,Investor/Advisor (not on roster or in exports),False,investor_alumni_prior_employer,Harrowgate Health,,Harrowgate Health,False,investor_network.csv,2012-01-01,,time_aware_available,low,Alumni relationship inferred from prior employment (year-only dates); whether live contacts remain inside the account is unknown.
R1136,2026-03-14,Ingrid Marchetti,Investor/Advisor (not on roster or in exports),False,investor_alumni_prior_employer,Harrowgate Health,,Harrowgate Health,False,investor_network.csv,2015-01-01,,time_aware_available,low,Alumni relationship inferred from prior employment (year-only dates); whether live contacts remain inside the account is unknown.
R1137,2025-09-15,Marcus Aldridge,Advisor,True,export_colleague_at_target_account,Marcus Salcedo,Director of Software Engineering,Harrowgate Health,False,connections_aldridge.csv,2024-04-17,516.0,time_aware_available,low,"Connection is to a colleague at the target account, not the requested person; onward reachability inside the account is unknown."
R1137,2025-09-15,Tomás Beckett,Internal,True,export_colleague_at_target_account,Marcus Salcedo,Director of Software Engineering,Harrowgate Health,False,connections_beckett.csv,2026-03-16,-182.0,post_dates_request,low,"Connection is to a colleague at the target account, not the requested person; onward reachability inside the account is unknown."
R1137,2025-09-15,Priya Raghunathan,Investor,True,export_colleague_at_target_account,Amara Thackeray,Chief Operating Officer,Harrowgate Health,False,connections_raghunathan.csv,2018-10-25,2517.0,time_aware_available,low,"Connection is to a colleague at the target account, not the requested person; onward reachability inside the account is unknown."
R1137,2025-09-15,Owen Trask,Investor,True,export_colleague_at_target_account,Ingrid Marchetti,Head of Developer Productivity,Harrowgate Health,False,connections_trask.csv,2016-01-02,3544.0,time_aware_available,low,"Connection is to a colleague at the target account, not the requested person; onward reachability inside the account is unknown."
R1137,2025-09-15,Dana Whitfield,Internal,True,export_colleague_at_target_account,Amara Thackeray,Chief Operating Officer,Harrowgate Health,False,connections_whitfield.csv,2016-11-21,3220.0,time_aware_available,low,"Connection is to a colleague at the target account, not the requested person; onward reachability inside the account is unknown."
R1137,2025-09-15,Dana Whitfield,Internal,True,export_colleague_at_target_account,Ingrid Marchetti,Head of Developer Productivity,Harrowgate Health,False,connections_whitfield.csv,2017-10-05,2902.0,time_aware_available,low,"Connection is to a colleague at the target account, not the requested person; onward reachability inside the account is unknown."
R1137,2025-09-15,Amara Thackeray,Investor/Advisor (not on roster or in exports),False,investor_alumni_prior_employer,Harrowgate Health,,Harrowgate Health,False,investor_network.csv,2012-01-01,,time_aware_available,low,Alumni relationship inferred from prior employment (year-only dates); whether live contacts remain inside the account is unknown.
R1137,2025-09-15,Ingrid Marchetti,Investor/Advisor (not on roster or in exports),False,investor_alumni_prior_employer,Harrowgate Health,,Harrowgate Health,False,investor_network.csv,2015-01-01,,time_aware_available,low,Alumni relationship inferred from prior employment (year-only dates); whether live contacts remain inside the account is unknown.
R1139,2025-10-28,Elena Duvall,Advisor,True,export_colleague_at_target_account,Idris Drummond,Chief Digital Officer,Brightmoor Energy,False,connections_duvall.csv,2017-07-02,3040.0,time_aware_available,low,"Connection is to a colleague at the target account, not the requested person; onward reachability inside the account is unknown."
R1139,2025-10-28,Idris Drummond,Investor/Advisor (not on roster or in exports),False,investor_alumni_prior_employer,Brightmoor Energy,,Brightmoor Energy,False,investor_network.csv,2015-01-01,,time_aware_available,low,Alumni relationship inferred from prior employment (year-only dates); whether live contacts remain inside the account is unknown.
R1140,2025-09-17,Marcus Aldridge,Advisor,True,export_colleague_at_target_account,Marcus Salcedo,Director of Software Engineering,Harrowgate Health,False,connections_aldridge.csv,2024-04-17,518.0,time_aware_available,low,"Connection is to a colleague at the target account, not the requested person; onward reachability inside the account is unknown."
R1140,2025-09-17,Tomás Beckett,Internal,True,export_colleague_at_target_account,Marcus Salcedo,Director of Software Engineering,Harrowgate Health,False,connections_beckett.csv,2026-03-16,-180.0,post_dates_request,low,"Connection is to a colleague at the target account, not the requested person; onward reachability inside the account is unknown."
R1140,2025-09-17,Priya Raghunathan,Investor,True,export_colleague_at_target_account,Amara Thackeray,Chief Operating Officer,Harrowgate Health,False,connections_raghunathan.csv,2018-10-25,2519.0,time_aware_available,low,"Connection is to a colleague at the target account, not the requested person; onward reachability inside the account is unknown."
R1140,2025-09-17,Owen Trask,Investor,True,export_colleague_at_target_account,Ingrid Marchetti,Head of Developer Productivity,Harrowgate Health,False,connections_trask.csv,2016-01-02,3546.0,time_aware_available,low,"Connection is to a colleague at the target account, not the requested person; onward reachability inside the account is unknown."
R1140,2025-09-17,Dana Whitfield,Internal,True,export_colleague_at_target_account,Amara Thackeray,Chief Operating Officer,Harrowgate Health,False,connections_whitfield.csv,2016-11-21,3222.0,time_aware_available,low,"Connection is to a colleague at the target account, not the requested person; onward reachability inside the account is unknown."
R1140,2025-09-17,Dana Whitfield,Internal,True,export_colleague_at_target_account,Ingrid Marchetti,Head of Developer Productivity,Harrowgate Health,False,connections_whitfield.csv,2017-10-05,2904.0,time_aware_available,low,"Connection is to a colleague at the target account, not the requested person; onward reachability inside the account is unknown."
R1140,2025-09-17,Amara Thackeray,Investor/Advisor (not on roster or in exports),False,investor_alumni_prior_employer,Harrowgate Health,,Harrowgate Health,False,investor_network.csv,2012-01-01,,time_aware_available,low,Alumni relationship inferred from prior employment (year-only dates); whether live contacts remain inside the account is unknown.
R1140,2025-09-17,Ingrid Marchetti,Investor/Advisor (not on roster or in exports),False,investor_alumni_prior_employer,Harrowgate Health,,Harrowgate Health,False,investor_network.csv,2015-01-01,,time_aware_available,low,Alumni relationship inferred from prior employment (year-only dates); whether live contacts remain inside the account is unknown.
R1141,2025-11-25,Marcus Aldridge,Advisor,True,export_colleague_at_target_account,Tomás Ferreira,VP Enterprise Architecture,Ironvale Steel,False,connections_aldridge.csv,2018-11-19,2563.0,time_aware_available,low,"Connection is to a colleague at the target account, not the requested person; onward reachability inside the account is unknown."
R1141,2025-11-25,Marcus Aldridge,Advisor,True,export_colleague_at_target_account,Tanvi Eastcott,Chief Data Officer,Ironvale Steel,False,connections_aldridge.csv,2026-07-05,-222.0,post_dates_request,low,"Connection is to a colleague at the target account, not the requested person; onward reachability inside the account is unknown."
R1141,2025-11-25,Priya Raghunathan,Investor,True,export_colleague_at_target_account,Tanvi Eastcott,Chief Data Officer,Ironvale Steel,False,connections_raghunathan.csv,2027-07-04,-586.0,post_dates_request,low,"Connection is to a colleague at the target account, not the requested person; onward reachability inside the account is unknown."
R1141,2025-11-25,Priya Raghunathan,Investor,True,export_colleague_at_target_account,Tomás Ferreira,VP Enterprise Architecture,Ironvale Steel,False,connections_raghunathan.csv,2017-06-21,3079.0,time_aware_available,low,"Connection is to a colleague at the target account, not the requested person; onward reachability inside the account is unknown."
R1141,2025-11-25,Callum Oldfield-Fairweather,Investor/Advisor (not on roster or in exports),False,investor_portfolio_board_seat,Ironvale Steel,,Ironvale Steel,False,investor_network.csv,,,snapshot_only_historical_unknown,medium,Candidate path visible in supplied current snapshot; historical availability unknown. Board seat implies direct access to leadership. Connector is not on the roster and appears in no export: reachability unproven.
R1141,2025-11-25,Matteo Falkenrath-Merriweather,Investor/Advisor (not on roster or in exports),False,investor_portfolio,Ironvale Steel,,Ironvale Steel,False,investor_network.csv,,,snapshot_only_historical_unknown,low,Candidate path visible in supplied current snapshot; historical availability unknown. Connector is not on the roster and appears in no export: reachability unproven.
R1141,2025-11-25,Tomás Ferreira,Investor/Advisor (not on roster or in exports),False,investor_alumni_prior_employer,Ironvale Steel,,Ironvale Steel,False,investor_network.csv,2015-01-01,,time_aware_available,low,Alumni relationship inferred from prior employment (year-only dates); whether live contacts remain inside the account is unknown.
R1142,2025-09-26,Marcus Aldridge,Advisor,True,export_colleague_at_target_account,Kofi Jarrold,Chief Information Officer,Marchford Clinics,False,connections_aldridge.csv,2023-09-18,739.0,time_aware_available,low,"Connection is to a colleague at the target account, not the requested person; onward reachability inside the account is unknown."
R1142,2025-09-26,Priya Raghunathan,Investor,True,export_colleague_at_target_account,Teodor Zubkov,Program Manager,Marchford Clinics,False,connections_raghunathan.csv,2020-12-24,1737.0,time_aware_available,low,"Connection is to a colleague at the target account, not the requested person; onward reachability inside the account is unknown."
R1142,2025-09-26,Owen Trask,Investor,True,export_colleague_at_target_account,Teodor Zubkov,Program Manager,Marchford Clinics,False,connections_trask.csv,2020-05-24,1951.0,time_aware_available,low,"Connection is to a colleague at the target account, not the requested person; onward reachability inside the account is unknown."
R1143,2026-03-04,Elena Duvall,Advisor,True,export_colleague_at_target_account,Priya Fairweather,Head of Platform Engineering,Gravenhurst Motors,False,connections_duvall.csv,2018-07-13,2791.0,time_aware_available,low,"Connection is to a colleague at the target account, not the requested person; onward reachability inside the account is unknown."
R1143,2026-03-04,Priya Raghunathan,Investor,True,export_colleague_at_target_account,Priya Fairweather,Head of Platform Engineering,Gravenhurst Motors,False,connections_raghunathan.csv,2016-11-20,3391.0,time_aware_available,low,"Connection is to a colleague at the target account, not the requested person; onward reachability inside the account is unknown."
R1143,2026-03-04,Priya Raghunathan,Investor/Advisor,True,investor_portfolio,Gravenhurst Motors,,Gravenhurst Motors,False,investor_network.csv,,,snapshot_only_historical_unknown,low,Candidate path visible in supplied current snapshot; historical availability unknown.
R1143,2026-03-04,Amara Brenneman-Fairweather,Investor/Advisor (not on roster or in exports),False,investor_portfolio,Gravenhurst Motors,,Gravenhurst Motors,False,investor_network.csv,,,snapshot_only_historical_unknown,low,Candidate path visible in supplied current snapshot; historical availability unknown. Connector is not on the roster and appears in no export: reachability unproven.
R1143,2026-03-04,Priya Fairweather,Investor/Advisor (not on roster or in exports),False,investor_alumni_prior_employer,Gravenhurst Motors,,Gravenhurst Motors,False,investor_network.csv,2014-01-01,,time_aware_available,low,Alumni relationship inferred from prior employment (year-only dates); whether live contacts remain inside the account is unknown.
R1144,2025-08-17,Marcus Aldridge,Advisor,True,export_colleague_at_target_account,Bo Marchetti,Platform Lead,Cindermill Mining,False,connections_aldridge.csv,2019-08-23,2186.0,time_aware_available,low,"Connection is to a colleague at the target account, not the requested person; onward reachability inside the account is unknown."
R1144,2025-08-17,Tomás Beckett,Internal,True,export_colleague_at_target_account,Bo Marchetti,Platform Lead,Cindermill Mining,False,connections_beckett.csv,2022-02-02,1292.0,time_aware_available,low,"Connection is to a colleague at the target account, not the requested person; onward reachability inside the account is unknown."
R1144,2025-08-17,Tomás Beckett,Internal,True,export_colleague_at_target_account,Leandro Brenneman,Director of Software Engineering,Cindermill Mining,False,connections_beckett.csv,2021-08-25,1453.0,time_aware_available,low,"Connection is to a colleague at the target account, not the requested person; onward reachability inside the account is unknown."
R1144,2025-08-17,Elena Duvall,Advisor,True,export_colleague_at_target_account,Bertrand Glückstein,Chief Data Officer,Cindermill Mining,False,connections_duvall.csv,2015-08-26,3644.0,time_aware_available,low,"Connection is to a colleague at the target account, not the requested person; onward reachability inside the account is unknown."
R1144,2025-08-17,Owen Trask,Investor,True,export_colleague_at_target_account,Leandro Brenneman,Director of Software Engineering,Cindermill Mining,False,connections_trask.csv,2023-10-26,661.0,time_aware_available,low,"Connection is to a colleague at the target account, not the requested person; onward reachability inside the account is unknown."
R1144,2025-08-17,Owen Trask,Investor,True,export_colleague_at_target_account,Bertrand Glückstein,Chief Data Officer,Cindermill Mining,False,connections_trask.csv,2015-05-17,3745.0,time_aware_available,low,"Connection is to a colleague at the target account, not the requested person; onward reachability inside the account is unknown."
R1144,2025-08-17,Camille Merriweather-Balogun,Investor/Advisor (not on roster or in exports),False,investor_portfolio,Cindermill Mining,,Cindermill Mining,False,investor_network.csv,,,snapshot_only_historical_unknown,low,Candidate path visible in supplied current snapshot; historical availability unknown. Connector is not on the roster and appears in no export: reachability unproven.
R1144,2025-08-17,Bertrand Glückstein,Investor/Advisor (not on roster or in exports),False,investor_alumni_prior_employer,Cindermill Mining,,Cindermill Mining,False,investor_network.csv,2011-01-01,,time_aware_available,low,Alumni relationship inferred from prior employment (year-only dates); whether live contacts remain inside the account is unknown.
R1147,2026-02-11,Tomás Beckett,Internal,True,export_colleague_at_target_account,Kofi Mkhize,VP Engineering,Kingsmere Retail Group,False,connections_beckett.csv,2016-03-26,3609.0,time_aware_available,low,"Connection is to a colleague at the target account, not the requested person; onward reachability inside the account is unknown."
R1147,2026-02-11,Priya Raghunathan,Investor,True,export_colleague_at_target_account,Saoirse Quillane,VP Data & Analytics,Kingsmere Retail Group,False,connections_raghunathan.csv,2021-10-27,1568.0,time_aware_available,low,"Connection is to a colleague at the target account, not the requested person; onward reachability inside the account is unknown."
R1147,2026-02-11,Owen Trask,Investor,True,export_colleague_at_target_account,Kofi Mkhize,VP Engineering,Kingsmere Retail Group,False,connections_trask.csv,2016-05-20,3554.0,time_aware_available,low,"Connection is to a colleague at the target account, not the requested person; onward reachability inside the account is unknown."
R1147,2026-02-11,Dana Whitfield,Internal,True,export_colleague_at_target_account,Saoirse Quillane,VP Data & Analytics,Kingsmere Retail Group,False,connections_whitfield.csv,2023-12-11,793.0,time_aware_available,low,"Connection is to a colleague at the target account, not the requested person; onward reachability inside the account is unknown."
R1147,2026-02-11,Kofi Mkhize,Investor/Advisor (not on roster or in exports),False,investor_alumni_prior_employer,Kingsmere Retail Group,,Kingsmere Retail Group,False,investor_network.csv,2012-01-01,,time_aware_available,low,Alumni relationship inferred from prior employment (year-only dates); whether live contacts remain inside the account is unknown.
R1149,2026-05-02,Elena Duvall,Advisor,True,export_colleague_at_target_account,Priya Fairweather,Head of Platform Engineering,Gravenhurst Motors,False,connections_duvall.csv,2018-07-13,2850.0,time_aware_available,low,"Connection is to a colleague at the target account, not the requested person; onward reachability inside the account is unknown."
R1149,2026-05-02,Priya Raghunathan,Investor,True,export_colleague_at_target_account,Priya Fairweather,Head of Platform Engineering,Gravenhurst Motors,False,connections_raghunathan.csv,2016-11-20,3450.0,time_aware_available,low,"Connection is to a colleague at the target account, not the requested person; onward reachability inside the account is unknown."
R1149,2026-05-02,Priya Raghunathan,Investor/Advisor,True,investor_portfolio,Gravenhurst Motors,,Gravenhurst Motors,False,investor_network.csv,,,snapshot_only_historical_unknown,low,Candidate path visible in supplied current snapshot; historical availability unknown.
R1149,2026-05-02,Amara Brenneman-Fairweather,Investor/Advisor (not on roster or in exports),False,investor_portfolio,Gravenhurst Motors,,Gravenhurst Motors,False,investor_network.csv,,,snapshot_only_historical_unknown,low,Candidate path visible in supplied current snapshot; historical availability unknown. Connector is not on the roster and appears in no export: reachability unproven.
R1149,2026-05-02,Priya Fairweather,Investor/Advisor (not on roster or in exports),False,investor_alumni_prior_employer,Gravenhurst Motors,,Gravenhurst Motors,False,investor_network.csv,2014-01-01,,time_aware_available,low,Alumni relationship inferred from prior employment (year-only dates); whether live contacts remain inside the account is unknown.
R1150,2026-03-09,Marcus Aldridge,Advisor,True,export_colleague_at_target_account,Margot Havercamp,Director of Software Engineering,Priorwood Chemicals,False,connections_aldridge.csv,2014-03-11,4381.0,time_aware_available,low,"Connection is to a colleague at the target account, not the requested person; onward reachability inside the account is unknown."
R1150,2026-03-09,Tomás Beckett,Internal,True,export_colleague_at_target_account,Curtis Marchetti,VP Enterprise Architecture,Priorwood Chemicals,False,connections_beckett.csv,2014-07-13,4257.0,time_aware_available,low,"Connection is to a colleague at the target account, not the requested person; onward reachability inside the account is unknown."
R1150,2026-03-09,Tomás Beckett,Internal,True,export_colleague_at_target_account,Margot Havercamp,Director of Software Engineering,Priorwood Chemicals,False,connections_beckett.csv,2015-01-12,4074.0,time_aware_available,low,"Connection is to a colleague at the target account, not the requested person; onward reachability inside the account is unknown."
R1150,2026-03-09,Elena Duvall,Advisor,True,export_colleague_at_target_account,Curtis Marchetti,VP Enterprise Architecture,Priorwood Chemicals,False,connections_duvall.csv,2014-02-22,4398.0,time_aware_available,low,"Connection is to a colleague at the target account, not the requested person; onward reachability inside the account is unknown."
R1150,2026-03-09,Otto Cathcart-Brenneman,Investor/Advisor (not on roster or in exports),False,investor_portfolio_board_seat,Priorwood Chemicals,,Priorwood Chemicals,False,investor_network.csv,,,snapshot_only_historical_unknown,medium,Candidate path visible in supplied current snapshot; historical availability unknown. Board seat implies direct access to leadership. Connector is not on the roster and appears in no export: reachability unproven.
R1150,2026-03-09,Margot Havercamp,Investor/Advisor (not on roster or in exports),False,investor_alumni_prior_employer,Priorwood Chemicals,,Priorwood Chemicals,False,investor_network.csv,2011-01-01,,time_aware_available,low,Alumni relationship inferred from prior employment (year-only dates); whether live contacts remain inside the account is unknown.
R1150,2026-03-09,Curtis Marchetti,Investor/Advisor (not on roster or in exports),False,investor_alumni_prior_employer,Priorwood Chemicals,,Priorwood Chemicals,False,investor_network.csv,2010-01-01,,time_aware_available,low,Alumni relationship inferred from prior employment (year-only dates); whether live contacts remain inside the account is unknown.
R1153,2025-11-29,Marcus Aldridge,Advisor,True,export_colleague_at_target_account,Marcus Salcedo,Director of Software Engineering,Harrowgate Health,False,connections_aldridge.csv,2024-04-17,591.0,time_aware_available,low,"Connection is to a colleague at the target account, not the requested person; onward reachability inside the account is unknown."
R1153,2025-11-29,Tomás Beckett,Internal,True,export_colleague_at_target_account,Marcus Salcedo,Director of Software Engineering,Harrowgate Health,False,connections_beckett.csv,2026-03-16,-107.0,post_dates_request,low,"Connection is to a colleague at the target account, not the requested person; onward reachability inside the account is unknown."
R1153,2025-11-29,Priya Raghunathan,Investor,True,export_colleague_at_target_account,Amara Thackeray,Chief Operating Officer,Harrowgate Health,True,connections_raghunathan.csv,2018-10-25,2592.0,time_aware_available,medium,"Connection is to a colleague at the target account, not the requested person; onward reachability inside the account is unknown."
R1153,2025-11-29,Owen Trask,Investor,True,export_colleague_at_target_account,Ingrid Marchetti,Head of Developer Productivity,Harrowgate Health,False,connections_trask.csv,2016-01-02,3619.0,time_aware_available,low,"Connection is to a colleague at the target account, not the requested person; onward reachability inside the account is unknown."
R1153,2025-11-29,Dana Whitfield,Internal,True,export_colleague_at_target_account,Amara Thackeray,Chief Operating Officer,Harrowgate Health,True,connections_whitfield.csv,2016-11-21,3295.0,time_aware_available,medium,"Connection is to a colleague at the target account, not the requested person; onward reachability inside the account is unknown."
R1153,2025-11-29,Dana Whitfield,Internal,True,export_colleague_at_target_account,Ingrid Marchetti,Head of Developer Productivity,Harrowgate Health,False,connections_whitfield.csv,2017-10-05,2977.0,time_aware_available,low,"Connection is to a colleague at the target account, not the requested person; onward reachability inside the account is unknown."
R1153,2025-11-29,Amara Thackeray,Investor/Advisor (not on roster or in exports),False,investor_alumni_prior_employer,Harrowgate Health,,Harrowgate Health,False,investor_network.csv,2012-01-01,,time_aware_available,low,Alumni relationship inferred from prior employment (year-only dates); whether live contacts remain inside the account is unknown.
R1153,2025-11-29,Ingrid Marchetti,Investor/Advisor (not on roster or in exports),False,investor_alumni_prior_employer,Harrowgate Health,,Harrowgate Health,False,investor_network.csv,2015-01-01,,time_aware_available,low,Alumni relationship inferred from prior employment (year-only dates); whether live contacts remain inside the account is unknown.
R1154,2026-03-02,Marcus Aldridge,Advisor,True,export_colleague_at_target_account,Astrid Salcedo,VP Data & Analytics,Apex Logistics Group,False,connections_aldridge.csv,2023-11-25,828.0,time_aware_available,low,"Connection is to a colleague at the target account, not the requested person; onward reachability inside the account is unknown."
R1154,2026-03-02,Marcus Aldridge,Advisor,True,export_colleague_at_target_account,Curtis Prendergast,SVP Digital,Apex Logistics,False,connections_aldridge.csv,2019-08-28,2378.0,time_aware_available,low,"Connection is to a colleague at the target account, not the requested person; onward reachability inside the account is unknown."
R1154,2026-03-02,Elena Duvall,Advisor,True,export_colleague_at_target_account,Curtis Prendergast,SVP Digital,Apex Logistics,False,connections_duvall.csv,2022-02-04,1487.0,time_aware_available,low,"Connection is to a colleague at the target account, not the requested person; onward reachability inside the account is unknown."
R1154,2026-03-02,Espen Rushworth-Oyelaran,Investor/Advisor (not on roster or in exports),False,investor_portfolio,Apex Logistics Group,,Apex Logistics Group,False,investor_network.csv,,,snapshot_only_historical_unknown,low,Candidate path visible in supplied current snapshot; historical availability unknown. Connector is not on the roster and appears in no export: reachability unproven.
R1155,2026-06-28,Marcus Aldridge,Advisor,True,export_colleague_at_target_account,Arjun Cathcart,Head of Developer Productivity,Vireo Systems,False,connections_aldridge.csv,2025-10-27,244.0,time_aware_available,low,"Connection is to a colleague at the target account, not the requested person; onward reachability inside the account is unknown."
R1155,2026-06-28,Elena Duvall,Advisor,True,export_colleague_at_target_account,Arjun Cathcart,Head of Developer Productivity,Vireo Systems,False,connections_duvall.csv,2026-01-23,156.0,time_aware_available,low,"Connection is to a colleague at the target account, not the requested person; onward reachability inside the account is unknown."
R1155,2026-06-28,Priya Raghunathan,Investor/Advisor,True,investor_portfolio_board_seat,Vireo Systems,,Vireo Systems,False,investor_network.csv,,,snapshot_only_historical_unknown,medium,Candidate path visible in supplied current snapshot; historical availability unknown. Board seat implies direct access to leadership.
R1155,2026-06-28,Amara Brenneman-Fairweather,Investor/Advisor (not on roster or in exports),False,investor_portfolio,Vireo Systems,,Vireo Systems,False,investor_network.csv,,,snapshot_only_historical_unknown,low,Candidate path visible in supplied current snapshot; historical availability unknown. Connector is not on the roster and appears in no export: reachability unproven.
R1156,2025-10-01,Priya Raghunathan,Investor,True,export_colleague_at_target_account,Saoirse Prendergast,Head of Platform Engineering,Wrenfield Robotics,False,connections_raghunathan.csv,2014-01-26,4266.0,time_aware_available,low,"Connection is to a colleague at the target account, not the requested person; onward reachability inside the account is unknown."
R1156,2025-10-01,Matteo Ferreira-Yarrow,Investor/Advisor (not on roster or in exports),False,investor_portfolio,Wrenfield Robotics,,Wrenfield Robotics,False,investor_network.csv,,,snapshot_only_historical_unknown,low,Candidate path visible in supplied current snapshot; historical availability unknown. Connector is not on the roster and appears in no export: reachability unproven.
R1156,2025-10-01,Saoirse Prendergast,Investor/Advisor (not on roster or in exports),False,investor_alumni_prior_employer,Wrenfield Robotics,,Wrenfield Robotics,False,investor_network.csv,2012-01-01,,time_aware_available,low,Alumni relationship inferred from prior employment (year-only dates); whether live contacts remain inside the account is unknown.
R1157,2026-04-28,Marcus Aldridge,Advisor,True,export_colleague_at_target_account,Marcus Salcedo,Director of Software Engineering,Harrowgate Health,False,connections_aldridge.csv,2024-04-17,741.0,time_aware_available,low,"Connection is to a colleague at the target account, not the requested person; onward reachability inside the account is unknown."
R1157,2026-04-28,Tomás Beckett,Internal,True,export_colleague_at_target_account,Marcus Salcedo,Director of Software Engineering,Harrowgate Health,False,connections_beckett.csv,2026-03-16,43.0,time_aware_available,low,"Connection is to a colleague at the target account, not the requested person; onward reachability inside the account is unknown."
R1157,2026-04-28,Priya Raghunathan,Investor,True,export_colleague_at_target_account,Amara Thackeray,Chief Operating Officer,Harrowgate Health,False,connections_raghunathan.csv,2018-10-25,2742.0,time_aware_available,low,"Connection is to a colleague at the target account, not the requested person; onward reachability inside the account is unknown."
R1157,2026-04-28,Owen Trask,Investor,True,export_colleague_at_target_account,Ingrid Marchetti,Head of Developer Productivity,Harrowgate Health,False,connections_trask.csv,2016-01-02,3769.0,time_aware_available,low,"Connection is to a colleague at the target account, not the requested person; onward reachability inside the account is unknown."
R1157,2026-04-28,Dana Whitfield,Internal,True,export_colleague_at_target_account,Amara Thackeray,Chief Operating Officer,Harrowgate Health,False,connections_whitfield.csv,2016-11-21,3445.0,time_aware_available,low,"Connection is to a colleague at the target account, not the requested person; onward reachability inside the account is unknown."
R1157,2026-04-28,Dana Whitfield,Internal,True,export_colleague_at_target_account,Ingrid Marchetti,Head of Developer Productivity,Harrowgate Health,False,connections_whitfield.csv,2017-10-05,3127.0,time_aware_available,low,"Connection is to a colleague at the target account, not the requested person; onward reachability inside the account is unknown."
R1157,2026-04-28,Amara Thackeray,Investor/Advisor (not on roster or in exports),False,investor_alumni_prior_employer,Harrowgate Health,,Harrowgate Health,False,investor_network.csv,2012-01-01,,time_aware_available,low,Alumni relationship inferred from prior employment (year-only dates); whether live contacts remain inside the account is unknown.
R1157,2026-04-28,Ingrid Marchetti,Investor/Advisor (not on roster or in exports),False,investor_alumni_prior_employer,Harrowgate Health,,Harrowgate Health,False,investor_network.csv,2015-01-01,,time_aware_available,low,Alumni relationship inferred from prior employment (year-only dates); whether live contacts remain inside the account is unknown.
R1158,2025-10-30,Elena Duvall,Advisor,True,export_colleague_at_target_account,Priya Fairweather,Head of Platform Engineering,Gravenhurst Motors,True,connections_duvall.csv,2018-07-13,2666.0,time_aware_available,medium,"Connection is to a colleague at the target account, not the requested person; onward reachability inside the account is unknown."
R1158,2025-10-30,Priya Raghunathan,Investor,True,export_colleague_at_target_account,Priya Fairweather,Head of Platform Engineering,Gravenhurst Motors,True,connections_raghunathan.csv,2016-11-20,3266.0,time_aware_available,medium,"Connection is to a colleague at the target account, not the requested person; onward reachability inside the account is unknown."
R1158,2025-10-30,Priya Raghunathan,Investor/Advisor,True,investor_portfolio,Gravenhurst Motors,,Gravenhurst Motors,False,investor_network.csv,,,snapshot_only_historical_unknown,low,Candidate path visible in supplied current snapshot; historical availability unknown.
R1158,2025-10-30,Amara Brenneman-Fairweather,Investor/Advisor (not on roster or in exports),False,investor_portfolio,Gravenhurst Motors,,Gravenhurst Motors,False,investor_network.csv,,,snapshot_only_historical_unknown,low,Candidate path visible in supplied current snapshot; historical availability unknown. Connector is not on the roster and appears in no export: reachability unproven.
R1158,2025-10-30,Priya Fairweather,Investor/Advisor (not on roster or in exports),False,investor_alumni_prior_employer,Gravenhurst Motors,,Gravenhurst Motors,False,investor_network.csv,2014-01-01,,time_aware_available,low,Alumni relationship inferred from prior employment (year-only dates); whether live contacts remain inside the account is unknown.
R1160,2026-05-22,Elena Duvall,Advisor,True,export_colleague_at_target_account,Priya Fairweather,Head of Platform Engineering,Gravenhurst Motors,False,connections_duvall.csv,2018-07-13,2870.0,time_aware_available,low,"Connection is to a colleague at the target account, not the requested person; onward reachability inside the account is unknown."
R1160,2026-05-22,Priya Raghunathan,Investor,True,export_colleague_at_target_account,Priya Fairweather,Head of Platform Engineering,Gravenhurst Motors,False,connections_raghunathan.csv,2016-11-20,3470.0,time_aware_available,low,"Connection is to a colleague at the target account, not the requested person; onward reachability inside the account is unknown."
R1160,2026-05-22,Priya Raghunathan,Investor/Advisor,True,investor_portfolio,Gravenhurst Motors,,Gravenhurst Motors,False,investor_network.csv,,,snapshot_only_historical_unknown,low,Candidate path visible in supplied current snapshot; historical availability unknown.
R1160,2026-05-22,Amara Brenneman-Fairweather,Investor/Advisor (not on roster or in exports),False,investor_portfolio,Gravenhurst Motors,,Gravenhurst Motors,False,investor_network.csv,,,snapshot_only_historical_unknown,low,Candidate path visible in supplied current snapshot; historical availability unknown. Connector is not on the roster and appears in no export: reachability unproven.
R1160,2026-05-22,Priya Fairweather,Investor/Advisor (not on roster or in exports),False,investor_alumni_prior_employer,Gravenhurst Motors,,Gravenhurst Motors,False,investor_network.csv,2014-01-01,,time_aware_available,low,Alumni relationship inferred from prior employment (year-only dates); whether live contacts remain inside the account is unknown.
R1163,2026-03-25,Perrine Brenneman-Wexford,Investor/Advisor (not on roster or in exports),False,investor_portfolio,Osric Networks,,Osric Networks,False,investor_network.csv,,,snapshot_only_historical_unknown,low,Candidate path visible in supplied current snapshot; historical availability unknown. Connector is not on the roster and appears in no export: reachability unproven.
R1163,2026-03-25,Malik Thackeray-Okonkwo,Investor/Advisor (not on roster or in exports),False,investor_portfolio_board_seat,Osric Networks,,Osric Networks,False,investor_network.csv,,,snapshot_only_historical_unknown,medium,Candidate path visible in supplied current snapshot; historical availability unknown. Board seat implies direct access to leadership. Connector is not on the roster and appears in no export: reachability unproven.
R1163,2026-03-25,Freya Oldfield-Ibarra,Investor/Advisor (not on roster or in exports),False,investor_portfolio,Osric Networks,,Osric Networks,False,investor_network.csv,,,snapshot_only_historical_unknown,low,Candidate path visible in supplied current snapshot; historical availability unknown. Connector is not on the roster and appears in no export: reachability unproven.
R1166,2025-11-08,Marcus Aldridge,Advisor,True,export_colleague_at_target_account,Arjun Cathcart,Head of Developer Productivity,Vireo Systems,False,connections_aldridge.csv,2025-10-27,12.0,time_aware_available,low,"Connection is to a colleague at the target account, not the requested person; onward reachability inside the account is unknown."
R1166,2025-11-08,Elena Duvall,Advisor,True,export_colleague_at_target_account,Arjun Cathcart,Head of Developer Productivity,Vireo Systems,False,connections_duvall.csv,2026-01-23,-76.0,post_dates_request,low,"Connection is to a colleague at the target account, not the requested person; onward reachability inside the account is unknown."
R1166,2025-11-08,Priya Raghunathan,Investor/Advisor,True,investor_portfolio_board_seat,Vireo Systems,,Vireo Systems,False,investor_network.csv,,,snapshot_only_historical_unknown,medium,Candidate path visible in supplied current snapshot; historical availability unknown. Board seat implies direct access to leadership.
R1166,2025-11-08,Amara Brenneman-Fairweather,Investor/Advisor (not on roster or in exports),False,investor_portfolio,Vireo Systems,,Vireo Systems,False,investor_network.csv,,,snapshot_only_historical_unknown,low,Candidate path visible in supplied current snapshot; historical availability unknown. Connector is not on the roster and appears in no export: reachability unproven.
R1167,2026-01-15,Perrine Brenneman-Wexford,Investor/Advisor (not on roster or in exports),False,investor_portfolio,Osric Networks,,Osric Networks,False,investor_network.csv,,,snapshot_only_historical_unknown,low,Candidate path visible in supplied current snapshot; historical availability unknown. Connector is not on the roster and appears in no export: reachability unproven.
R1167,2026-01-15,Malik Thackeray-Okonkwo,Investor/Advisor (not on roster or in exports),False,investor_portfolio_board_seat,Osric Networks,,Osric Networks,False,investor_network.csv,,,snapshot_only_historical_unknown,medium,Candidate path visible in supplied current snapshot; historical availability unknown. Board seat implies direct access to leadership. Connector is not on the roster and appears in no export: reachability unproven.
R1167,2026-01-15,Freya Oldfield-Ibarra,Investor/Advisor (not on roster or in exports),False,investor_portfolio,Osric Networks,,Osric Networks,False,investor_network.csv,,,snapshot_only_historical_unknown,low,Candidate path visible in supplied current snapshot; historical availability unknown. Connector is not on the roster and appears in no export: reachability unproven.
R1168,2026-07-22,Priya Raghunathan,Investor,True,export_colleague_at_target_account,Dev Ingleby,Head of Platform Engineering,Meridian Peak Foods,False,connections_raghunathan.csv,2024-11-02,627.0,time_aware_available,low,"Connection is to a colleague at the target account, not the requested person; onward reachability inside the account is unknown."
R1168,2026-07-22,Owen Trask,Investor,True,export_colleague_at_target_account,Desmond Cardoso,Director of IT,Meridian Peak Foods,False,connections_trask.csv,2019-10-24,2463.0,time_aware_available,low,"Connection is to a colleague at the target account, not the requested person; onward reachability inside the account is unknown."
R1168,2026-07-22,Dana Whitfield,Internal,True,export_colleague_at_target_account,Desmond Cardoso,Director of IT,Meridian Peak Foods,False,connections_whitfield.csv,2022-03-01,1604.0,time_aware_available,low,"Connection is to a colleague at the target account, not the requested person; onward reachability inside the account is unknown."
R1168,2026-07-22,Perrine Brenneman-Wexford,Investor/Advisor (not on roster or in exports),False,investor_portfolio,Meridian Peak Foods,,Meridian Peak Foods,False,investor_network.csv,,,snapshot_only_historical_unknown,low,Candidate path visible in supplied current snapshot; historical availability unknown. Connector is not on the roster and appears in no export: reachability unproven.
R1169,2026-07-10,Tomás Beckett,Internal,True,export_colleague_at_target_account,Bertrand Cardoso,Director of IT,Yarrowdale Media,False,connections_beckett.csv,2024-10-15,633.0,time_aware_available,low,"Connection is to a colleague at the target account, not the requested person; onward reachability inside the account is unknown."
R1169,2026-07-10,Priya Raghunathan,Investor,True,export_colleague_at_target_account,Bertrand Cardoso,Director of IT,Yarrowdale Media,False,connections_raghunathan.csv,2022-11-15,1333.0,time_aware_available,low,"Connection is to a colleague at the target account, not the requested person; onward reachability inside the account is unknown."
R1169,2026-07-10,Hugo Fairweather-Højgaard,Investor/Advisor (not on roster or in exports),False,investor_portfolio_board_seat,Yarrowdale Media,,Yarrowdale Media,False,investor_network.csv,,,snapshot_only_historical_unknown,medium,Candidate path visible in supplied current snapshot; historical availability unknown. Board seat implies direct access to leadership. Connector is not on the roster and appears in no export: reachability unproven.
R1170,2025-09-10,Perrine Brenneman-Wexford,Investor/Advisor (not on roster or in exports),False,investor_portfolio,Osric Networks,,Osric Networks,False,investor_network.csv,,,snapshot_only_historical_unknown,low,Candidate path visible in supplied current snapshot; historical availability unknown. Connector is not on the roster and appears in no export: reachability unproven.
R1170,2025-09-10,Malik Thackeray-Okonkwo,Investor/Advisor (not on roster or in exports),False,investor_portfolio_board_seat,Osric Networks,,Osric Networks,False,investor_network.csv,,,snapshot_only_historical_unknown,medium,Candidate path visible in supplied current snapshot; historical availability unknown. Board seat implies direct access to leadership. Connector is not on the roster and appears in no export: reachability unproven.
R1170,2025-09-10,Freya Oldfield-Ibarra,Investor/Advisor (not on roster or in exports),False,investor_portfolio,Osric Networks,,Osric Networks,False,investor_network.csv,,,snapshot_only_historical_unknown,low,Candidate path visible in supplied current snapshot; historical availability unknown. Connector is not on the roster and appears in no export: reachability unproven.
R1171,2026-01-12,Tomás Beckett,Internal,True,export_colleague_at_target_account,Kofi Mkhize,VP Engineering,Kingsmere Retail Group,False,connections_beckett.csv,2016-03-26,3579.0,time_aware_available,low,"Connection is to a colleague at the target account, not the requested person; onward reachability inside the account is unknown."
R1171,2026-01-12,Priya Raghunathan,Investor,True,export_colleague_at_target_account,Saoirse Quillane,VP Data & Analytics,Kingsmere Retail Group,False,connections_raghunathan.csv,2021-10-27,1538.0,time_aware_available,low,"Connection is to a colleague at the target account, not the requested person; onward reachability inside the account is unknown."
R1171,2026-01-12,Owen Trask,Investor,True,export_colleague_at_target_account,Kofi Mkhize,VP Engineering,Kingsmere Retail Group,False,connections_trask.csv,2016-05-20,3524.0,time_aware_available,low,"Connection is to a colleague at the target account, not the requested person; onward reachability inside the account is unknown."
R1171,2026-01-12,Dana Whitfield,Internal,True,export_colleague_at_target_account,Saoirse Quillane,VP Data & Analytics,Kingsmere Retail Group,False,connections_whitfield.csv,2023-12-11,763.0,time_aware_available,low,"Connection is to a colleague at the target account, not the requested person; onward reachability inside the account is unknown."
R1171,2026-01-12,Kofi Mkhize,Investor/Advisor (not on roster or in exports),False,investor_alumni_prior_employer,Kingsmere Retail Group,,Kingsmere Retail Group,False,investor_network.csv,2012-01-01,,time_aware_available,low,Alumni relationship inferred from prior employment (year-only dates); whether live contacts remain inside the account is unknown.
R1172,2025-10-21,Priya Raghunathan,Investor,True,export_colleague_at_target_account,Dev Ingleby,Head of Platform Engineering,Meridian Peak Foods,False,connections_raghunathan.csv,2024-11-02,353.0,time_aware_available,low,"Connection is to a colleague at the target account, not the requested person; onward reachability inside the account is unknown."
R1172,2025-10-21,Owen Trask,Investor,True,export_colleague_at_target_account,Desmond Cardoso,Director of IT,Meridian Peak Foods,False,connections_trask.csv,2019-10-24,2189.0,time_aware_available,low,"Connection is to a colleague at the target account, not the requested person; onward reachability inside the account is unknown."
R1172,2025-10-21,Dana Whitfield,Internal,True,export_colleague_at_target_account,Desmond Cardoso,Director of IT,Meridian Peak Foods,False,connections_whitfield.csv,2022-03-01,1330.0,time_aware_available,low,"Connection is to a colleague at the target account, not the requested person; onward reachability inside the account is unknown."
R1172,2025-10-21,Perrine Brenneman-Wexford,Investor/Advisor (not on roster or in exports),False,investor_portfolio,Meridian Peak Foods,,Meridian Peak Foods,False,investor_network.csv,,,snapshot_only_historical_unknown,low,Candidate path visible in supplied current snapshot; historical availability unknown. Connector is not on the roster and appears in no export: reachability unproven.
R1173,2025-10-06,Marcus Aldridge,Advisor,True,export_colleague_at_target_account,Marcus Salcedo,Director of Software Engineering,Harrowgate Health,False,connections_aldridge.csv,2024-04-17,537.0,time_aware_available,low,"Connection is to a colleague at the target account, not the requested person; onward reachability inside the account is unknown."
R1173,2025-10-06,Tomás Beckett,Internal,True,export_colleague_at_target_account,Marcus Salcedo,Director of Software Engineering,Harrowgate Health,False,connections_beckett.csv,2026-03-16,-161.0,post_dates_request,low,"Connection is to a colleague at the target account, not the requested person; onward reachability inside the account is unknown."
R1173,2025-10-06,Priya Raghunathan,Investor,True,export_colleague_at_target_account,Amara Thackeray,Chief Operating Officer,Harrowgate Health,False,connections_raghunathan.csv,2018-10-25,2538.0,time_aware_available,low,"Connection is to a colleague at the target account, not the requested person; onward reachability inside the account is unknown."
R1173,2025-10-06,Owen Trask,Investor,True,export_colleague_at_target_account,Ingrid Marchetti,Head of Developer Productivity,Harrowgate Health,False,connections_trask.csv,2016-01-02,3565.0,time_aware_available,low,"Connection is to a colleague at the target account, not the requested person; onward reachability inside the account is unknown."
R1173,2025-10-06,Dana Whitfield,Internal,True,export_colleague_at_target_account,Amara Thackeray,Chief Operating Officer,Harrowgate Health,False,connections_whitfield.csv,2016-11-21,3241.0,time_aware_available,low,"Connection is to a colleague at the target account, not the requested person; onward reachability inside the account is unknown."
R1173,2025-10-06,Dana Whitfield,Internal,True,export_colleague_at_target_account,Ingrid Marchetti,Head of Developer Productivity,Harrowgate Health,False,connections_whitfield.csv,2017-10-05,2923.0,time_aware_available,low,"Connection is to a colleague at the target account, not the requested person; onward reachability inside the account is unknown."
R1173,2025-10-06,Amara Thackeray,Investor/Advisor (not on roster or in exports),False,investor_alumni_prior_employer,Harrowgate Health,,Harrowgate Health,False,investor_network.csv,2012-01-01,,time_aware_available,low,Alumni relationship inferred from prior employment (year-only dates); whether live contacts remain inside the account is unknown.
R1173,2025-10-06,Ingrid Marchetti,Investor/Advisor (not on roster or in exports),False,investor_alumni_prior_employer,Harrowgate Health,,Harrowgate Health,False,investor_network.csv,2015-01-01,,time_aware_available,low,Alumni relationship inferred from prior employment (year-only dates); whether live contacts remain inside the account is unknown.
R1174,2026-05-29,Marcus Aldridge,Advisor,True,export_colleague_at_target_account,Margot Havercamp,Director of Software Engineering,Priorwood Chemicals,False,connections_aldridge.csv,2014-03-11,4462.0,time_aware_available,low,"Connection is to a colleague at the target account, not the requested person; onward reachability inside the account is unknown."
R1174,2026-05-29,Tomás Beckett,Internal,True,export_colleague_at_target_account,Curtis Marchetti,VP Enterprise Architecture,Priorwood Chemicals,False,connections_beckett.csv,2014-07-13,4338.0,time_aware_available,low,"Connection is to a colleague at the target account, not the requested person; onward reachability inside the account is unknown."
R1174,2026-05-29,Tomás Beckett,Internal,True,export_colleague_at_target_account,Margot Havercamp,Director of Software Engineering,Priorwood Chemicals,False,connections_beckett.csv,2015-01-12,4155.0,time_aware_available,low,"Connection is to a colleague at the target account, not the requested person; onward reachability inside the account is unknown."
R1174,2026-05-29,Elena Duvall,Advisor,True,export_colleague_at_target_account,Curtis Marchetti,VP Enterprise Architecture,Priorwood Chemicals,False,connections_duvall.csv,2014-02-22,4479.0,time_aware_available,low,"Connection is to a colleague at the target account, not the requested person; onward reachability inside the account is unknown."
R1174,2026-05-29,Otto Cathcart-Brenneman,Investor/Advisor (not on roster or in exports),False,investor_portfolio_board_seat,Priorwood Chemicals,,Priorwood Chemicals,False,investor_network.csv,,,snapshot_only_historical_unknown,medium,Candidate path visible in supplied current snapshot; historical availability unknown. Board seat implies direct access to leadership. Connector is not on the roster and appears in no export: reachability unproven.
R1174,2026-05-29,Margot Havercamp,Investor/Advisor (not on roster or in exports),False,investor_alumni_prior_employer,Priorwood Chemicals,,Priorwood Chemicals,False,investor_network.csv,2011-01-01,,time_aware_available,low,Alumni relationship inferred from prior employment (year-only dates); whether live contacts remain inside the account is unknown.
R1174,2026-05-29,Curtis Marchetti,Investor/Advisor (not on roster or in exports),False,investor_alumni_prior_employer,Priorwood Chemicals,,Priorwood Chemicals,False,investor_network.csv,2010-01-01,,time_aware_available,low,Alumni relationship inferred from prior employment (year-only dates); whether live contacts remain inside the account is unknown.
R1178,2026-05-16,Marcus Aldridge,Advisor,True,export_colleague_at_target_account,Casper Bellinger,VP Enterprise Architecture,Quillon Pharma,False,connections_aldridge.csv,2014-02-24,4464.0,time_aware_available,low,"Connection is to a colleague at the target account, not the requested person; onward reachability inside the account is unknown."
R1178,2026-05-16,Marcus Aldridge,Advisor,True,export_colleague_at_target_account,Renata Petrossian,Chief Data Officer,Quillon Pharma,False,connections_aldridge.csv,2025-02-05,465.0,time_aware_available,low,"Connection is to a colleague at the target account, not the requested person; onward reachability inside the account is unknown."
R1178,2026-05-16,Tomás Beckett,Internal,True,export_colleague_at_target_account,Renata Petrossian,Chief Data Officer,Quillon Pharma,False,connections_beckett.csv,2026-10-13,-150.0,post_dates_request,low,"Connection is to a colleague at the target account, not the requested person; onward reachability inside the account is unknown."
R1178,2026-05-16,Elena Duvall,Advisor,True,export_colleague_at_target_account,Mei Ferreira,Chief Information Officer,Quillon Pharma,False,connections_duvall.csv,2023-05-10,1102.0,time_aware_available,low,"Connection is to a colleague at the target account, not the requested person; onward reachability inside the account is unknown."
R1178,2026-05-16,Elena Duvall,Advisor,True,export_colleague_at_target_account,Kian Merriweather,VP Engineering,Quillon Pharma,False,connections_duvall.csv,2017-10-15,3135.0,time_aware_available,low,"Connection is to a colleague at the target account, not the requested person; onward reachability inside the account is unknown."
R1178,2026-05-16,Priya Raghunathan,Investor,True,export_colleague_at_target_account,Casper Bellinger,VP Enterprise Architecture,Quillon Pharma,False,connections_raghunathan.csv,2015-11-21,3829.0,time_aware_available,low,"Connection is to a colleague at the target account, not the requested person; onward reachability inside the account is unknown."
R1178,2026-05-16,Owen Trask,Investor,True,export_colleague_at_target_account,Mei Ferreira,Chief Information Officer,Quillon Pharma,False,connections_trask.csv,2024-08-05,649.0,time_aware_available,low,"Connection is to a colleague at the target account, not the requested person; onward reachability inside the account is unknown."
R1178,2026-05-16,Owen Trask,Investor,True,export_colleague_at_target_account,Kian Merriweather,VP Engineering,Quillon Pharma,False,connections_trask.csv,2016-12-15,3439.0,time_aware_available,low,"Connection is to a colleague at the target account, not the requested person; onward reachability inside the account is unknown."
R1178,2026-05-16,Matteo Ferreira-Yarrow,Investor/Advisor (not on roster or in exports),False,investor_portfolio,Quillon Pharma,,Quillon Pharma,False,investor_network.csv,,,snapshot_only_historical_unknown,low,Candidate path visible in supplied current snapshot; historical availability unknown. Connector is not on the roster and appears in no export: reachability unproven.
R1178,2026-05-16,Xiomara Achterberg-Norrington,Investor/Advisor (not on roster or in exports),False,investor_portfolio,Quillon Pharma,,Quillon Pharma,False,investor_network.csv,,,snapshot_only_historical_unknown,low,Candidate path visible in supplied current snapshot; historical availability unknown. Connector is not on the roster and appears in no export: reachability unproven.
R1178,2026-05-16,Otto Cathcart-Brenneman,Investor/Advisor (not on roster or in exports),False,investor_portfolio,Quillon Pharma,,Quillon Pharma,False,investor_network.csv,,,snapshot_only_historical_unknown,low,Candidate path visible in supplied current snapshot; historical availability unknown. Connector is not on the roster and appears in no export: reachability unproven.
R1178,2026-05-16,Kian Merriweather,Investor/Advisor (not on roster or in exports),False,investor_alumni_prior_employer,Quillon Pharma,,Quillon Pharma,False,investor_network.csv,2012-01-01,,time_aware_available,low,Alumni relationship inferred from prior employment (year-only dates); whether live contacts remain inside the account is unknown.
R1178,2026-05-16,Casper Bellinger,Investor/Advisor (not on roster or in exports),False,investor_alumni_prior_employer,Quillon Pharma,,Quillon Pharma,False,investor_network.csv,2012-01-01,,time_aware_available,low,Alumni relationship inferred from prior employment (year-only dates); whether live contacts remain inside the account is unknown.
R1179,2025-12-10,Marcus Aldridge,Advisor,True,export_colleague_at_target_account,Bram Quillane,Head of Developer Productivity,Blackwood Industrial,False,connections_aldridge.csv,2026-11-10,-335.0,post_dates_request,low,"Connection is to a colleague at the target account, not the requested person; onward reachability inside the account is unknown."
R1179,2025-12-10,Tomás Beckett,Internal,True,export_colleague_at_target_account,Marcus Højgaard,Chief Technology Officer,Blackwood Industrial,False,connections_beckett.csv,2015-01-02,3995.0,time_aware_available,low,"Connection is to a colleague at the target account, not the requested person; onward reachability inside the account is unknown."
R1179,2025-12-10,Elena Duvall,Advisor,True,export_colleague_at_target_account,Bram Quillane,Head of Developer Productivity,Blackwood Industrial,False,connections_duvall.csv,2028-06-16,-919.0,post_dates_request,low,"Connection is to a colleague at the target account, not the requested person; onward reachability inside the account is unknown."
R1179,2025-12-10,Elena Duvall,Advisor,True,export_colleague_at_target_account,Saoirse Yarrow,Head of Innovation,Blackwood Industrial,False,connections_duvall.csv,2019-02-04,2501.0,time_aware_available,low,"Connection is to a colleague at the target account, not the requested person; onward reachability inside the account is unknown."
R1179,2025-12-10,Owen Trask,Investor,True,export_colleague_at_target_account,Marcus Højgaard,Chief Technology Officer,Blackwood Industrial,False,connections_trask.csv,2017-04-20,3156.0,time_aware_available,low,"Connection is to a colleague at the target account, not the requested person; onward reachability inside the account is unknown."
R1179,2025-12-10,Otto Cathcart-Brenneman,Investor/Advisor (not on roster or in exports),False,investor_portfolio_board_seat,Blackwood Industrial,,Blackwood Industrial,False,investor_network.csv,,,snapshot_only_historical_unknown,medium,Candidate path visible in supplied current snapshot; historical availability unknown. Board seat implies direct access to leadership. Connector is not on the roster and appears in no export: reachability unproven.
R1179,2025-12-10,Marcus Højgaard,Investor/Advisor (not on roster or in exports),False,investor_alumni_prior_employer,Blackwood Industrial,,Blackwood Industrial,False,investor_network.csv,2014-01-01,,time_aware_available,low,Alumni relationship inferred from prior employment (year-only dates); whether live contacts remain inside the account is unknown.
R1184,2026-07-26,Marcus Aldridge,Advisor,True,export_colleague_at_target_account,Bo Marchetti,Platform Lead,Cindermill Mining,False,connections_aldridge.csv,2019-08-23,2529.0,time_aware_available,low,"Connection is to a colleague at the target account, not the requested person; onward reachability inside the account is unknown."
R1184,2026-07-26,Tomás Beckett,Internal,True,export_colleague_at_target_account,Bo Marchetti,Platform Lead,Cindermill Mining,False,connections_beckett.csv,2022-02-02,1635.0,time_aware_available,low,"Connection is to a colleague at the target account, not the requested person; onward reachability inside the account is unknown."
R1184,2026-07-26,Tomás Beckett,Internal,True,export_colleague_at_target_account,Leandro Brenneman,Director of Software Engineering,Cindermill Mining,False,connections_beckett.csv,2021-08-25,1796.0,time_aware_available,low,"Connection is to a colleague at the target account, not the requested person; onward reachability inside the account is unknown."
R1184,2026-07-26,Elena Duvall,Advisor,True,export_colleague_at_target_account,Bertrand Glückstein,Chief Data Officer,Cindermill Mining,False,connections_duvall.csv,2015-08-26,3987.0,time_aware_available,low,"Connection is to a colleague at the target account, not the requested person; onward reachability inside the account is unknown."
R1184,2026-07-26,Owen Trask,Investor,True,export_colleague_at_target_account,Leandro Brenneman,Director of Software Engineering,Cindermill Mining,False,connections_trask.csv,2023-10-26,1004.0,time_aware_available,low,"Connection is to a colleague at the target account, not the requested person; onward reachability inside the account is unknown."
R1184,2026-07-26,Owen Trask,Investor,True,export_colleague_at_target_account,Bertrand Glückstein,Chief Data Officer,Cindermill Mining,False,connections_trask.csv,2015-05-17,4088.0,time_aware_available,low,"Connection is to a colleague at the target account, not the requested person; onward reachability inside the account is unknown."
R1184,2026-07-26,Camille Merriweather-Balogun,Investor/Advisor (not on roster or in exports),False,investor_portfolio,Cindermill Mining,,Cindermill Mining,False,investor_network.csv,,,snapshot_only_historical_unknown,low,Candidate path visible in supplied current snapshot; historical availability unknown. Connector is not on the roster and appears in no export: reachability unproven.
R1184,2026-07-26,Bertrand Glückstein,Investor/Advisor (not on roster or in exports),False,investor_alumni_prior_employer,Cindermill Mining,,Cindermill Mining,False,investor_network.csv,2011-01-01,,time_aware_available,low,Alumni relationship inferred from prior employment (year-only dates); whether live contacts remain inside the account is unknown.
R1185,2026-02-04,Elena Duvall,Advisor,True,export_colleague_at_target_account,Priya Fairweather,Head of Platform Engineering,Gravenhurst Motors,False,connections_duvall.csv,2018-07-13,2763.0,time_aware_available,low,"Connection is to a colleague at the target account, not the requested person; onward reachability inside the account is unknown."
R1185,2026-02-04,Priya Raghunathan,Investor,True,export_colleague_at_target_account,Priya Fairweather,Head of Platform Engineering,Gravenhurst Motors,False,connections_raghunathan.csv,2016-11-20,3363.0,time_aware_available,low,"Connection is to a colleague at the target account, not the requested person; onward reachability inside the account is unknown."
R1185,2026-02-04,Priya Raghunathan,Investor/Advisor,True,investor_portfolio,Gravenhurst Motors,,Gravenhurst Motors,False,investor_network.csv,,,snapshot_only_historical_unknown,low,Candidate path visible in supplied current snapshot; historical availability unknown.
R1185,2026-02-04,Amara Brenneman-Fairweather,Investor/Advisor (not on roster or in exports),False,investor_portfolio,Gravenhurst Motors,,Gravenhurst Motors,False,investor_network.csv,,,snapshot_only_historical_unknown,low,Candidate path visible in supplied current snapshot; historical availability unknown. Connector is not on the roster and appears in no export: reachability unproven.
R1185,2026-02-04,Priya Fairweather,Investor/Advisor (not on roster or in exports),False,investor_alumni_prior_employer,Gravenhurst Motors,,Gravenhurst Motors,False,investor_network.csv,2014-01-01,,time_aware_available,low,Alumni relationship inferred from prior employment (year-only dates); whether live contacts remain inside the account is unknown.
R1190,2026-07-02,Elena Duvall,Advisor,True,export_colleague_at_target_account,Idris Drummond,Chief Digital Officer,Brightmoor Energy,False,connections_duvall.csv,2017-07-02,3287.0,time_aware_available,low,"Connection is to a colleague at the target account, not the requested person; onward reachability inside the account is unknown."
R1190,2026-07-02,Idris Drummond,Investor/Advisor (not on roster or in exports),False,investor_alumni_prior_employer,Brightmoor Energy,,Brightmoor Energy,False,investor_network.csv,2015-01-01,,time_aware_available,low,Alumni relationship inferred from prior employment (year-only dates); whether live contacts remain inside the account is unknown.
R1191,2025-12-15,Curtis Sandoval-Glückstein,Investor/Advisor (not on roster or in exports),False,investor_portfolio_board_seat,Volney Industrial Systems,,Volney Industrial Systems,False,investor_network.csv,,,snapshot_only_historical_unknown,medium,Candidate path visible in supplied current snapshot; historical availability unknown. Board seat implies direct access to leadership. Connector is not on the roster and appears in no export: reachability unproven.
R1191,2025-12-15,Priya Dobrescu-Prendergast,Investor/Advisor (not on roster or in exports),False,investor_portfolio,Volney Industrial Systems,,Volney Industrial Systems,False,investor_network.csv,,,snapshot_only_historical_unknown,low,Candidate path visible in supplied current snapshot; historical availability unknown. Connector is not on the roster and appears in no export: reachability unproven.
R1191,2025-12-15,Bertrand Achterberg-Quillane,Investor/Advisor (not on roster or in exports),False,investor_portfolio,Volney Industrial Systems,,Volney Industrial Systems,False,investor_network.csv,,,snapshot_only_historical_unknown,low,Candidate path visible in supplied current snapshot; historical availability unknown. Connector is not on the roster and appears in no export: reachability unproven.
R1191,2025-12-15,Freya Oldfield-Ibarra,Investor/Advisor (not on roster or in exports),False,investor_portfolio,Volney Industrial Systems,,Volney Industrial Systems,False,investor_network.csv,,,snapshot_only_historical_unknown,low,Candidate path visible in supplied current snapshot; historical availability unknown. Connector is not on the roster and appears in no export: reachability unproven.
R1192,2025-08-18,Marcus Aldridge,Advisor,True,export_colleague_at_target_account,Margot Havercamp,Director of Software Engineering,Priorwood Chemicals,False,connections_aldridge.csv,2014-03-11,4178.0,time_aware_available,low,"Connection is to a colleague at the target account, not the requested person; onward reachability inside the account is unknown."
R1192,2025-08-18,Tomás Beckett,Internal,True,export_colleague_at_target_account,Curtis Marchetti,VP Enterprise Architecture,Priorwood Chemicals,False,connections_beckett.csv,2014-07-13,4054.0,time_aware_available,low,"Connection is to a colleague at the target account, not the requested person; onward reachability inside the account is unknown."
R1192,2025-08-18,Tomás Beckett,Internal,True,export_colleague_at_target_account,Margot Havercamp,Director of Software Engineering,Priorwood Chemicals,False,connections_beckett.csv,2015-01-12,3871.0,time_aware_available,low,"Connection is to a colleague at the target account, not the requested person; onward reachability inside the account is unknown."
R1192,2025-08-18,Elena Duvall,Advisor,True,export_colleague_at_target_account,Curtis Marchetti,VP Enterprise Architecture,Priorwood Chemicals,False,connections_duvall.csv,2014-02-22,4195.0,time_aware_available,low,"Connection is to a colleague at the target account, not the requested person; onward reachability inside the account is unknown."
R1192,2025-08-18,Otto Cathcart-Brenneman,Investor/Advisor (not on roster or in exports),False,investor_portfolio_board_seat,Priorwood Chemicals,,Priorwood Chemicals,False,investor_network.csv,,,snapshot_only_historical_unknown,medium,Candidate path visible in supplied current snapshot; historical availability unknown. Board seat implies direct access to leadership. Connector is not on the roster and appears in no export: reachability unproven.
R1192,2025-08-18,Margot Havercamp,Investor/Advisor (not on roster or in exports),False,investor_alumni_prior_employer,Priorwood Chemicals,,Priorwood Chemicals,False,investor_network.csv,2011-01-01,,time_aware_available,low,Alumni relationship inferred from prior employment (year-only dates); whether live contacts remain inside the account is unknown.
R1192,2025-08-18,Curtis Marchetti,Investor/Advisor (not on roster or in exports),False,investor_alumni_prior_employer,Priorwood Chemicals,,Priorwood Chemicals,False,investor_network.csv,2010-01-01,,time_aware_available,low,Alumni relationship inferred from prior employment (year-only dates); whether live contacts remain inside the account is unknown.
R1193,2026-06-05,Tomás Beckett,Internal,True,export_colleague_at_target_account,Kofi Mkhize,VP Engineering,Kingsmere Retail Group,False,connections_beckett.csv,2016-03-26,3723.0,time_aware_available,low,"Connection is to a colleague at the target account, not the requested person; onward reachability inside the account is unknown."
R1193,2026-06-05,Priya Raghunathan,Investor,True,export_colleague_at_target_account,Saoirse Quillane,VP Data & Analytics,Kingsmere Retail Group,False,connections_raghunathan.csv,2021-10-27,1682.0,time_aware_available,low,"Connection is to a colleague at the target account, not the requested person; onward reachability inside the account is unknown."
R1193,2026-06-05,Owen Trask,Investor,True,export_colleague_at_target_account,Kofi Mkhize,VP Engineering,Kingsmere Retail Group,False,connections_trask.csv,2016-05-20,3668.0,time_aware_available,low,"Connection is to a colleague at the target account, not the requested person; onward reachability inside the account is unknown."
R1193,2026-06-05,Dana Whitfield,Internal,True,export_colleague_at_target_account,Saoirse Quillane,VP Data & Analytics,Kingsmere Retail Group,False,connections_whitfield.csv,2023-12-11,907.0,time_aware_available,low,"Connection is to a colleague at the target account, not the requested person; onward reachability inside the account is unknown."
R1193,2026-06-05,Kofi Mkhize,Investor/Advisor (not on roster or in exports),False,investor_alumni_prior_employer,Kingsmere Retail Group,,Kingsmere Retail Group,False,investor_network.csv,2012-01-01,,time_aware_available,low,Alumni relationship inferred from prior employment (year-only dates); whether live contacts remain inside the account is unknown.
R1196,2026-02-03,Marcus Aldridge,Advisor,True,export_colleague_at_target_account,Margot Havercamp,Director of Software Engineering,Priorwood Chemicals,True,connections_aldridge.csv,2014-03-11,4347.0,time_aware_available,medium,"Connection is to a colleague at the target account, not the requested person; onward reachability inside the account is unknown."
R1196,2026-02-03,Tomás Beckett,Internal,True,export_colleague_at_target_account,Curtis Marchetti,VP Enterprise Architecture,Priorwood Chemicals,False,connections_beckett.csv,2014-07-13,4223.0,time_aware_available,low,"Connection is to a colleague at the target account, not the requested person; onward reachability inside the account is unknown."
R1196,2026-02-03,Tomás Beckett,Internal,True,export_colleague_at_target_account,Margot Havercamp,Director of Software Engineering,Priorwood Chemicals,True,connections_beckett.csv,2015-01-12,4040.0,time_aware_available,medium,"Connection is to a colleague at the target account, not the requested person; onward reachability inside the account is unknown."
R1196,2026-02-03,Elena Duvall,Advisor,True,export_colleague_at_target_account,Curtis Marchetti,VP Enterprise Architecture,Priorwood Chemicals,False,connections_duvall.csv,2014-02-22,4364.0,time_aware_available,low,"Connection is to a colleague at the target account, not the requested person; onward reachability inside the account is unknown."
R1196,2026-02-03,Otto Cathcart-Brenneman,Investor/Advisor (not on roster or in exports),False,investor_portfolio_board_seat,Priorwood Chemicals,,Priorwood Chemicals,False,investor_network.csv,,,snapshot_only_historical_unknown,medium,Candidate path visible in supplied current snapshot; historical availability unknown. Board seat implies direct access to leadership. Connector is not on the roster and appears in no export: reachability unproven.
R1196,2026-02-03,Margot Havercamp,Investor/Advisor (not on roster or in exports),False,investor_alumni_prior_employer,Priorwood Chemicals,,Priorwood Chemicals,False,investor_network.csv,2011-01-01,,time_aware_available,low,Alumni relationship inferred from prior employment (year-only dates); whether live contacts remain inside the account is unknown.
R1196,2026-02-03,Curtis Marchetti,Investor/Advisor (not on roster or in exports),False,investor_alumni_prior_employer,Priorwood Chemicals,,Priorwood Chemicals,False,investor_network.csv,2010-01-01,,time_aware_available,low,Alumni relationship inferred from prior employment (year-only dates); whether live contacts remain inside the account is unknown.
R1197,2025-08-08,Marcus Aldridge,Advisor,True,export_colleague_at_target_account,Astrid Salcedo,VP Data & Analytics,Apex Logistics Group,False,connections_aldridge.csv,2023-11-25,622.0,time_aware_available,low,"Connection is to a colleague at the target account, not the requested person; onward reachability inside the account is unknown."
R1197,2025-08-08,Marcus Aldridge,Advisor,True,export_colleague_at_target_account,Curtis Prendergast,SVP Digital,Apex Logistics,False,connections_aldridge.csv,2019-08-28,2172.0,time_aware_available,low,"Connection is to a colleague at the target account, not the requested person; onward reachability inside the account is unknown."
R1197,2025-08-08,Elena Duvall,Advisor,True,export_colleague_at_target_account,Curtis Prendergast,SVP Digital,Apex Logistics,False,connections_duvall.csv,2022-02-04,1281.0,time_aware_available,low,"Connection is to a colleague at the target account, not the requested person; onward reachability inside the account is unknown."
R1197,2025-08-08,Espen Rushworth-Oyelaran,Investor/Advisor (not on roster or in exports),False,investor_portfolio,Apex Logistics Group,,Apex Logistics Group,False,investor_network.csv,,,snapshot_only_historical_unknown,low,Candidate path visible in supplied current snapshot; historical availability unknown. Connector is not on the roster and appears in no export: reachability unproven.
R1198,2025-10-07,Marcus Aldridge,Advisor,True,export_colleague_at_target_account,Casper Bellinger,VP Enterprise Architecture,Quillon Pharma,False,connections_aldridge.csv,2014-02-24,4243.0,time_aware_available,low,"Connection is to a colleague at the target account, not the requested person; onward reachability inside the account is unknown."
R1198,2025-10-07,Marcus Aldridge,Advisor,True,export_colleague_at_target_account,Renata Petrossian,Chief Data Officer,Quillon Pharma,False,connections_aldridge.csv,2025-02-05,244.0,time_aware_available,low,"Connection is to a colleague at the target account, not the requested person; onward reachability inside the account is unknown."
R1198,2025-10-07,Tomás Beckett,Internal,True,export_colleague_at_target_account,Renata Petrossian,Chief Data Officer,Quillon Pharma,False,connections_beckett.csv,2026-10-13,-371.0,post_dates_request,low,"Connection is to a colleague at the target account, not the requested person; onward reachability inside the account is unknown."
R1198,2025-10-07,Elena Duvall,Advisor,True,export_colleague_at_target_account,Mei Ferreira,Chief Information Officer,Quillon Pharma,False,connections_duvall.csv,2023-05-10,881.0,time_aware_available,low,"Connection is to a colleague at the target account, not the requested person; onward reachability inside the account is unknown."
R1198,2025-10-07,Elena Duvall,Advisor,True,export_colleague_at_target_account,Kian Merriweather,VP Engineering,Quillon Pharma,False,connections_duvall.csv,2017-10-15,2914.0,time_aware_available,low,"Connection is to a colleague at the target account, not the requested person; onward reachability inside the account is unknown."
R1198,2025-10-07,Priya Raghunathan,Investor,True,export_colleague_at_target_account,Casper Bellinger,VP Enterprise Architecture,Quillon Pharma,False,connections_raghunathan.csv,2015-11-21,3608.0,time_aware_available,low,"Connection is to a colleague at the target account, not the requested person; onward reachability inside the account is unknown."
R1198,2025-10-07,Owen Trask,Investor,True,export_colleague_at_target_account,Mei Ferreira,Chief Information Officer,Quillon Pharma,False,connections_trask.csv,2024-08-05,428.0,time_aware_available,low,"Connection is to a colleague at the target account, not the requested person; onward reachability inside the account is unknown."
R1198,2025-10-07,Owen Trask,Investor,True,export_colleague_at_target_account,Kian Merriweather,VP Engineering,Quillon Pharma,False,connections_trask.csv,2016-12-15,3218.0,time_aware_available,low,"Connection is to a colleague at the target account, not the requested person; onward reachability inside the account is unknown."
R1198,2025-10-07,Matteo Ferreira-Yarrow,Investor/Advisor (not on roster or in exports),False,investor_portfolio,Quillon Pharma,,Quillon Pharma,False,investor_network.csv,,,snapshot_only_historical_unknown,low,Candidate path visible in supplied current snapshot; historical availability unknown. Connector is not on the roster and appears in no export: reachability unproven.
R1198,2025-10-07,Xiomara Achterberg-Norrington,Investor/Advisor (not on roster or in exports),False,investor_portfolio,Quillon Pharma,,Quillon Pharma,False,investor_network.csv,,,snapshot_only_historical_unknown,low,Candidate path visible in supplied current snapshot; historical availability unknown. Connector is not on the roster and appears in no export: reachability unproven.
R1198,2025-10-07,Otto Cathcart-Brenneman,Investor/Advisor (not on roster or in exports),False,investor_portfolio,Quillon Pharma,,Quillon Pharma,False,investor_network.csv,,,snapshot_only_historical_unknown,low,Candidate path visible in supplied current snapshot; historical availability unknown. Connector is not on the roster and appears in no export: reachability unproven.
R1198,2025-10-07,Kian Merriweather,Investor/Advisor (not on roster or in exports),False,investor_alumni_prior_employer,Quillon Pharma,,Quillon Pharma,False,investor_network.csv,2012-01-01,,time_aware_available,low,Alumni relationship inferred from prior employment (year-only dates); whether live contacts remain inside the account is unknown.
R1198,2025-10-07,Casper Bellinger,Investor/Advisor (not on roster or in exports),False,investor_alumni_prior_employer,Quillon Pharma,,Quillon Pharma,False,investor_network.csv,2012-01-01,,time_aware_available,low,Alumni relationship inferred from prior employment (year-only dates); whether live contacts remain inside the account is unknown.
R1199,2025-12-09,Marcus Aldridge,Advisor,True,export_colleague_at_target_account,Arjun Cathcart,Head of Developer Productivity,Vireo Systems,False,connections_aldridge.csv,2025-10-27,43.0,time_aware_available,low,"Connection is to a colleague at the target account, not the requested person; onward reachability inside the account is unknown."
R1199,2025-12-09,Elena Duvall,Advisor,True,export_colleague_at_target_account,Arjun Cathcart,Head of Developer Productivity,Vireo Systems,False,connections_duvall.csv,2026-01-23,-45.0,post_dates_request,low,"Connection is to a colleague at the target account, not the requested person; onward reachability inside the account is unknown."
R1199,2025-12-09,Priya Raghunathan,Investor/Advisor,True,investor_portfolio_board_seat,Vireo Systems,,Vireo Systems,False,investor_network.csv,,,snapshot_only_historical_unknown,medium,Candidate path visible in supplied current snapshot; historical availability unknown. Board seat implies direct access to leadership.
R1199,2025-12-09,Amara Brenneman-Fairweather,Investor/Advisor (not on roster or in exports),False,investor_portfolio,Vireo Systems,,Vireo Systems,False,investor_network.csv,,,snapshot_only_historical_unknown,low,Candidate path visible in supplied current snapshot; historical availability unknown. Connector is not on the roster and appears in no export: reachability unproven.
