person_key,identity_basis,normalized_name,display_name,profile_urls,organizations,titles,appears_in_exports,export_rows,distinct_orgs,conflicting_affiliation,missing_profile_url
linkedin.com/in/amara-achterberg-5774,profile_url,amara achterberg,Amara Achterberg,linkedin.com/in/amara-achterberg-5774,Dunmowe Travel,VP Engineering,Marcus Aldridge,1,1,False,0
linkedin.com/in/amara-ashdown-7554,profile_url,amara ashdown,Amara Ashdown,linkedin.com/in/amara-ashdown-7554,Bellchamber Media,Platform Lead,Priya Raghunathan,1,1,False,0
linkedin.com/in/amara-balogun-7353,profile_url,amara balogun,Amara Balogun,linkedin.com/in/amara-balogun-7353,Vespermill Analytics,Principal Architect,Tomás Beckett,1,1,False,0
linkedin.com/in/amara-bellinger-2569,profile_url,amara bellinger,Amara Bellinger,linkedin.com/in/amara-bellinger-2569,Dunmowe Travel,Chief Digital Officer,Dana Whitfield,1,1,False,0
name:amara brenneman,name_only,amara brenneman,Amara Brenneman,,Highmoor Cycles,Staff Engineer,Marcus Aldridge,1,1,False,1
linkedin.com/in/amara-cardoso-8120,profile_url,amara cardoso,Amara Cardoso,linkedin.com/in/amara-cardoso-8120,Quintrell Advisory,Engineering Manager,Dana Whitfield,1,1,False,0
linkedin.com/in/amara-cathcart-2676,profile_url,amara cathcart,Amara Cathcart,linkedin.com/in/amara-cathcart-2676,Yardley Print,Product Director,Marcus Aldridge,1,1,False,0
linkedin.com/in/amara-cathcart-eastcott-2331,profile_url,amara cathcart eastcott,Amara Cathcart-Eastcott,linkedin.com/in/amara-cathcart-eastcott-2331,Corbridge Realty,VP Engineering,Tomás Beckett,1,1,False,0
linkedin.com/in/amara-crowther-9561,profile_url,amara crowther,Amara Crowther,linkedin.com/in/amara-crowther-9561,Whitlock Staffing,Head of Automation,Dana Whitfield,1,1,False,0
linkedin.com/in/amara-dellinger-9124,profile_url,amara dellinger,Amara Dellinger,linkedin.com/in/amara-dellinger-9124,Inglenook Bakery,Head of Platform Engineering,Tomás Beckett,1,1,False,0
linkedin.com/in/amara-dobrescu-5141,profile_url,amara dobrescu,Amara Dobrescu,linkedin.com/in/amara-dobrescu-5141,Ondermark Consulting,Platform Lead,Marcus Aldridge,1,1,False,0
linkedin.com/in/amara-drummond-4697,profile_url,amara drummond,Amara Drummond,linkedin.com/in/amara-drummond-4697,Tannerly Design,Chief Operating Officer,Marcus Aldridge,1,1,False,0
linkedin.com/in/amara-drummond-egerton-1523,profile_url,amara drummond egerton,Amara Drummond-Egerton,linkedin.com/in/amara-drummond-egerton-1523,Whitlock Staffing,Chief Digital Officer,Owen Trask,1,1,False,0
linkedin.com/in/amara-drummond-ibarra-9593,profile_url,amara drummond ibarra,Amara Drummond-Ibarra,linkedin.com/in/amara-drummond-ibarra-9593,Corbridge Realty,VP Data & Analytics,Elena Duvall,1,1,False,0
linkedin.com/in/amara-eastcott-8012,profile_url,amara eastcott,Amara Eastcott,linkedin.com/in/amara-eastcott-8012,Pale Harbour Studio,Head of Developer Productivity,Marcus Aldridge,1,1,False,0
linkedin.com/in/amara-egerton-7075,profile_url,amara egerton,Amara Egerton,linkedin.com/in/amara-egerton-7075,Zenner Foods,VP Enterprise Architecture,Marcus Aldridge,1,1,False,0
linkedin.com/in/amara-egerton-halloran-9413,profile_url,amara egerton halloran,Amara Egerton-Halloran,linkedin.com/in/amara-egerton-halloran-9413,Fairbourne Fitness,Principal Architect,Elena Duvall,1,1,False,0
linkedin.com/in/amara-fairweather-8394,profile_url,amara fairweather,Amara Fairweather,linkedin.com/in/amara-fairweather-8394,Bellchamber Media,Engineering Manager,Marcus Aldridge,1,1,False,0
linkedin.com/in/amara-falkenrath-2424,profile_url,amara falkenrath,Amara Falkenrath,linkedin.com/in/amara-falkenrath-2424,Highmoor Cycles,Product Director,Marcus Aldridge,1,1,False,0
linkedin.com/in/amara-falkenrath-dobrescu-9350,profile_url,amara falkenrath dobrescu,Amara Falkenrath-Dobrescu,linkedin.com/in/amara-falkenrath-dobrescu-9350,Corbridge Realty,"Senior Manager, Engineering",Owen Trask,1,1,False,0
linkedin.com/in/amara-falkenrath-ferreira-9069,profile_url,amara falkenrath ferreira,Amara Falkenrath-Ferreira,linkedin.com/in/amara-falkenrath-ferreira-9069,Tannerly Design,VP Engineering,Tomás Beckett,1,1,False,0
linkedin.com/in/amara-ferreira-8130,profile_url,amara ferreira,Amara Ferreira,linkedin.com/in/amara-ferreira-8130,Garrowby Books,Head of Innovation,Marcus Aldridge,1,1,False,0
linkedin.com/in/amara-ferreira-petrossian-6819,profile_url,amara ferreira petrossian,Amara Ferreira-Petrossian,linkedin.com/in/amara-ferreira-petrossian-6819,Highmoor Cycles,Head of Automation,Owen Trask,1,1,False,0
linkedin.com/in/amara-fontaine-2776,profile_url,amara fontaine,Amara Fontaine,linkedin.com/in/amara-fontaine-2776,Tannerly Design,Head of Developer Productivity,Marcus Aldridge,1,1,False,0
linkedin.com/in/amara-fontaine-eastcott-4356,profile_url,amara fontaine eastcott,Amara Fontaine-Eastcott,linkedin.com/in/amara-fontaine-eastcott-4356,Quintrell Advisory,Head of Automation,Tomás Beckett,1,1,False,0
name:amara gluckstein,name_only,amara gluckstein,Amara Glückstein,,Whitlock Staffing,Staff Engineer,Dana Whitfield,1,1,False,1
linkedin.com/in/amara-grimsby-6724,profile_url,amara grimsby,Amara Grimsby,linkedin.com/in/amara-grimsby-6724,Bellchamber Media,"Senior Manager, Engineering",Marcus Aldridge,1,1,False,0
linkedin.com/in/amara-halloran-8971,profile_url,amara halloran,Amara Halloran,linkedin.com/in/amara-halloran-8971,Underwood & Vale,VP Enterprise Architecture,Tomás Beckett,1,1,False,0
linkedin.com/in/amara-hartigan-8740,profile_url,amara hartigan,Amara Hartigan,linkedin.com/in/amara-hartigan-8740,Underwood & Vale,Staff Engineer,Priya Raghunathan,1,1,False,0
linkedin.com/in/amara-havercamp-3289,profile_url,amara havercamp,Amara Havercamp,linkedin.com/in/amara-havercamp-3289,Corbridge Realty,Chief Operating Officer,Tomás Beckett,1,1,False,0
linkedin.com/in/amara-hojgaard-3508,profile_url,amara hojgaard,Amara Højgaard,linkedin.com/in/amara-hojgaard-3508,Underwood & Vale,"Senior Manager, Engineering",Priya Raghunathan,1,1,False,0
linkedin.com/in/amara-hojgaard-vasquez-5555,profile_url,amara hojgaard vasquez,Amara Højgaard-Vasquez,linkedin.com/in/amara-hojgaard-vasquez-5555,Tannerly Design,Chief Data Officer,Tomás Beckett,1,1,False,0
linkedin.com/in/amara-ibarra-7328,profile_url,amara ibarra,Amara Ibarra,linkedin.com/in/amara-ibarra-7328,Bellchamber Media,Chief Data Officer,Marcus Aldridge,1,1,False,0
linkedin.com/in/amara-ingleby-6896,profile_url,amara ingleby,Amara Ingleby,linkedin.com/in/amara-ingleby-6896,Whitlock Staffing,Chief Technology Officer,Dana Whitfield,1,1,False,0
linkedin.com/in/amara-ingleby-lindqvist-6684,profile_url,amara ingleby lindqvist,Amara Ingleby-Lindqvist,linkedin.com/in/amara-ingleby-lindqvist-6684,Garrowby Books,Program Manager,Owen Trask,1,1,False,0
linkedin.com/in/amara-isenberg-4224,profile_url,amara isenberg,Amara Isenberg,linkedin.com/in/amara-isenberg-4224,Tannerly Design,Director of IT,Marcus Aldridge,1,1,False,0
linkedin.com/in/amara-jarrold-4484,profile_url,amara jarrold,Amara Jarrold,linkedin.com/in/amara-jarrold-4484,Fairbourne Fitness,Engineering Manager,Tomás Beckett,1,1,False,0
linkedin.com/in/amara-kettleborough-3500,profile_url,amara kettleborough,Amara Kettleborough,linkedin.com/in/amara-kettleborough-3500,Dunmowe Travel,Product Director,Priya Raghunathan,1,1,False,0
linkedin.com/in/amara-kirkbride-8888,profile_url,amara kirkbride,Amara Kirkbride,linkedin.com/in/amara-kirkbride-8888,Ondermark Consulting,Platform Lead,Priya Raghunathan,1,1,False,0
linkedin.com/in/amara-kirkbride-ferreira-3019,profile_url,amara kirkbride ferreira,Amara Kirkbride-Ferreira,linkedin.com/in/amara-kirkbride-ferreira-3019,Dunmowe Travel,Chief Technology Officer,Owen Trask,1,1,False,0
linkedin.com/in/amara-lindqvist-4806,profile_url,amara lindqvist,Amara Lindqvist,linkedin.com/in/amara-lindqvist-4806,Quintrell Advisory,Head of Automation,Marcus Aldridge,1,1,False,0
linkedin.com/in/amara-lomsadze-1612,profile_url,amara lomsadze,Amara Lomsadze,linkedin.com/in/amara-lomsadze-1612,Whitlock Staffing,Head of Automation,Dana Whitfield,1,1,False,0
name:amara marchetti,name_only,amara marchetti,Amara Marchetti,,Underwood & Vale,Head of Platform Engineering,Priya Raghunathan,1,1,False,1
linkedin.com/in/amara-marchetti-grimsby-4454,profile_url,amara marchetti grimsby,Amara Marchetti-Grimsby,linkedin.com/in/amara-marchetti-grimsby-4454,Underwood & Vale,Engineering Manager,Tomás Beckett,1,1,False,0
linkedin.com/in/amara-merriweather-1081,profile_url,amara merriweather,Amara Merriweather,linkedin.com/in/amara-merriweather-1081,Inglenook Bakery,Engineering Manager,Tomás Beckett,1,1,False,0
linkedin.com/in/amara-merriweather-ingleby-3035,profile_url,amara merriweather ingleby,Amara Merriweather-Ingleby,linkedin.com/in/amara-merriweather-ingleby-3035,Dunmowe Travel,Platform Lead,Elena Duvall,1,1,False,0
linkedin.com/in/amara-mkhize-6961,profile_url,amara mkhize,Amara Mkhize,linkedin.com/in/amara-mkhize-6961,Vespermill Analytics,"Senior Manager, Engineering",Marcus Aldridge,1,1,False,0
linkedin.com/in/amara-nakashima-6519,profile_url,amara nakashima,Amara Nakashima,linkedin.com/in/amara-nakashima-6519,Fairbourne Fitness,Chief Data Officer,Priya Raghunathan,1,1,False,0
name:amara norrington,name_only,amara norrington,Amara Norrington,,Quintrell Advisory,Head of Innovation,Dana Whitfield,1,1,False,1
linkedin.com/in/amara-norrington-oyelaran-4921,profile_url,amara norrington oyelaran,Amara Norrington-Oyelaran,linkedin.com/in/amara-norrington-oyelaran-4921,Highmoor Cycles,Head of Automation,Elena Duvall,1,1,False,0
linkedin.com/in/amara-okonkwo-2237,profile_url,amara okonkwo,Amara Okonkwo,linkedin.com/in/amara-okonkwo-2237,Fairbourne Fitness,Head of Developer Productivity,Tomás Beckett,1,1,False,0
name:amara oldfield,name_only,amara oldfield,Amara Oldfield,,Dunmowe Travel,Engineering Manager,Priya Raghunathan,1,1,False,1
linkedin.com/in/amara-oyelaran-5429,profile_url,amara oyelaran,Amara Oyelaran,linkedin.com/in/amara-oyelaran-5429,Underwood & Vale,Head of Automation,Marcus Aldridge,1,1,False,0
linkedin.com/in/amara-oyelaran-wolstenholme-7918,profile_url,amara oyelaran wolstenholme,Amara Oyelaran-Wolstenholme,linkedin.com/in/amara-oyelaran-wolstenholme-7918,Whitlock Staffing,Principal Architect,Owen Trask,1,1,False,0
linkedin.com/in/amara-petrossian-6365,profile_url,amara petrossian,Amara Petrossian,linkedin.com/in/amara-petrossian-6365,Dunmowe Travel,Chief Operating Officer,Marcus Aldridge,1,1,False,0
linkedin.com/in/amara-prendergast-6496,profile_url,amara prendergast,Amara Prendergast,linkedin.com/in/amara-prendergast-6496,Underwood & Vale,"Senior Manager, Engineering",Marcus Aldridge,1,1,False,0
linkedin.com/in/amara-quillane-7306,profile_url,amara quillane,Amara Quillane,linkedin.com/in/amara-quillane-7306,Whitlock Staffing,Head of Automation,Priya Raghunathan,1,1,False,0
linkedin.com/in/amara-rushworth-7847,profile_url,amara rushworth,Amara Rushworth,linkedin.com/in/amara-rushworth-7847,Zenner Foods,Program Manager,Dana Whitfield,1,1,False,0
linkedin.com/in/amara-salcedo-4878,profile_url,amara salcedo,Amara Salcedo,linkedin.com/in/amara-salcedo-4878,Rooksby Legal,Chief Technology Officer,Priya Raghunathan,1,1,False,0
linkedin.com/in/amara-sandoval-8255,profile_url,amara sandoval,Amara Sandoval,linkedin.com/in/amara-sandoval-8255,Xanthe Labs,Head of Platform Engineering,Dana Whitfield,1,1,False,0
linkedin.com/in/amara-thackeray-1011,profile_url,amara thackeray,Amara Thackeray,linkedin.com/in/amara-thackeray-1011,Harrowgate Health,Chief Operating Officer,Dana Whitfield; Priya Raghunathan,2,1,False,0
linkedin.com/in/amara-underhill-6440,profile_url,amara underhill,Amara Underhill,linkedin.com/in/amara-underhill-6440,Zenner Foods,Staff Engineer,Dana Whitfield,1,1,False,0
linkedin.com/in/amara-vandermolen-5754,profile_url,amara vandermolen,Amara Vandermolen,linkedin.com/in/amara-vandermolen-5754,Zenner Foods,Director of IT,Priya Raghunathan,1,1,False,0
linkedin.com/in/amara-vasquez-9546,profile_url,amara vasquez,Amara Vasquez,linkedin.com/in/amara-vasquez-9546,Rooksby Legal,Chief Operating Officer,Marcus Aldridge,1,1,False,0
linkedin.com/in/amara-wexford-6237,profile_url,amara wexford,Amara Wexford,linkedin.com/in/amara-wexford-6237,Xanthe Labs,Director of Software Engineering,Priya Raghunathan,1,1,False,0
linkedin.com/in/amara-wolstenholme-8876,profile_url,amara wolstenholme,Amara Wolstenholme,linkedin.com/in/amara-wolstenholme-8876,Zenner Foods,Engineering Manager,Marcus Aldridge,1,1,False,0
linkedin.com/in/amara-wolstenholme-fairweather-2080,profile_url,amara wolstenholme fairweather,Amara Wolstenholme-Fairweather,linkedin.com/in/amara-wolstenholme-fairweather-2080,Elmsworth Tutors,SVP Digital,Tomás Beckett,1,1,False,0
linkedin.com/in/amara-yarrow-4308,profile_url,amara yarrow,Amara Yarrow,linkedin.com/in/amara-yarrow-4308,Bellchamber Media,Product Director,Marcus Aldridge,1,1,False,0
linkedin.com/in/amara-yarrow-grimsby-8531,profile_url,amara yarrow grimsby,Amara Yarrow-Grimsby,linkedin.com/in/amara-yarrow-grimsby-8531,Bellchamber Media,Chief Data Officer,Owen Trask,1,1,False,0
linkedin.com/in/amara-zettergren-2785,profile_url,amara zettergren,Amara Zettergren,linkedin.com/in/amara-zettergren-2785,Ambrose Trading,Director of IT,Marcus Aldridge,1,1,False,0
linkedin.com/in/amara-zubkov-1823,profile_url,amara zubkov,Amara Zubkov,linkedin.com/in/amara-zubkov-1823,Corbridge Realty,Product Director,Tomás Beckett,1,1,False,0
linkedin.com/in/amara-zubkov-mkhize-5951,profile_url,amara zubkov mkhize,Amara Zubkov-Mkhize,linkedin.com/in/amara-zubkov-mkhize-5951,Corbridge Realty,Head of Innovation,Owen Trask,1,1,False,0
linkedin.com/in/amara-zubkov-prendergast-6727,profile_url,amara zubkov prendergast,Amara Zubkov-Prendergast,linkedin.com/in/amara-zubkov-prendergast-6727,Rooksby Legal,Program Manager,Elena Duvall,1,1,False,0
linkedin.com/in/anouk-achterberg-6727,profile_url,anouk achterberg,Anouk Achterberg,linkedin.com/in/anouk-achterberg-6727,Yardley Print,Product Director,Marcus Aldridge,1,1,False,0
linkedin.com/in/anouk-ashdown-3257,profile_url,anouk ashdown,Anouk Ashdown,linkedin.com/in/anouk-ashdown-3257,Vespermill Analytics,Staff Engineer,Marcus Aldridge,1,1,False,0
linkedin.com/in/anouk-balogun-7603,profile_url,anouk balogun,Anouk Balogun,linkedin.com/in/anouk-balogun-7603,Elmsworth Tutors,Principal Architect,Dana Whitfield,1,1,False,0
linkedin.com/in/anouk-balogun-mkhize-3330,profile_url,anouk balogun mkhize,Anouk Balogun-Mkhize,linkedin.com/in/anouk-balogun-mkhize-3330,Dunmowe Travel,Principal Architect,Owen Trask,1,1,False,0
linkedin.com/in/anouk-bellinger-7556,profile_url,anouk bellinger,Anouk Bellinger,linkedin.com/in/anouk-bellinger-7556,Corbridge Realty,Chief Technology Officer,Dana Whitfield,1,1,False,0
linkedin.com/in/anouk-brenneman-9450,profile_url,anouk brenneman,Anouk Brenneman,linkedin.com/in/anouk-brenneman-9450,Corbridge Realty,Chief Technology Officer,Tomás Beckett,1,1,False,0
linkedin.com/in/anouk-cardoso-2411,profile_url,anouk cardoso,Anouk Cardoso,linkedin.com/in/anouk-cardoso-2411,Garrowby Books,Product Director,Marcus Aldridge,1,1,False,0
linkedin.com/in/anouk-cathcart-1828,profile_url,anouk cathcart,Anouk Cathcart,linkedin.com/in/anouk-cathcart-1828,Inglenook Bakery,Staff Engineer,Dana Whitfield,1,1,False,0
linkedin.com/in/anouk-crowther-1246,profile_url,anouk crowther,Anouk Crowther,linkedin.com/in/anouk-crowther-1246,Dunmowe Travel,"Senior Manager, Engineering",Dana Whitfield,1,1,False,0
linkedin.com/in/anouk-dellinger-6088,profile_url,anouk dellinger,Anouk Dellinger,linkedin.com/in/anouk-dellinger-6088,Fairbourne Fitness,Head of Innovation,Marcus Aldridge,1,1,False,0
linkedin.com/in/anouk-dobrescu-2301,profile_url,anouk dobrescu,Anouk Dobrescu,linkedin.com/in/anouk-dobrescu-2301,Bellchamber Media,Engineering Manager,Tomás Beckett,1,1,False,0
linkedin.com/in/anouk-drummond-5089,profile_url,anouk drummond,Anouk Drummond,linkedin.com/in/anouk-drummond-5089,Corbridge Realty,Chief Operating Officer,Tomás Beckett,1,1,False,0
linkedin.com/in/anouk-eastcott-1720,profile_url,anouk eastcott,Anouk Eastcott,linkedin.com/in/anouk-eastcott-1720,Corbridge Realty,Engineering Manager,Priya Raghunathan,1,1,False,0
name:anouk egerton,name_only,anouk egerton,Anouk Egerton,,Xanthe Labs,Engineering Manager,Marcus Aldridge,1,1,False,1
linkedin.com/in/anouk-egerton-ashdown-2774,profile_url,anouk egerton ashdown,Anouk Egerton-Ashdown,linkedin.com/in/anouk-egerton-ashdown-2774,Highmoor Cycles,Platform Lead,Elena Duvall,1,1,False,0
linkedin.com/in/anouk-fairweather-6473,profile_url,anouk fairweather,Anouk Fairweather,linkedin.com/in/anouk-fairweather-6473,Ambrose Trading,Director of IT,Marcus Aldridge,1,1,False,0
linkedin.com/in/anouk-fairweather-okonkwo-4362,profile_url,anouk fairweather okonkwo,Anouk Fairweather-Okonkwo,linkedin.com/in/anouk-fairweather-okonkwo-4362,Yardley Print,Engineering Manager,Tomás Beckett,1,1,False,0
linkedin.com/in/anouk-falkenrath-8517,profile_url,anouk falkenrath,Anouk Falkenrath,linkedin.com/in/anouk-falkenrath-8517,Ambrose Trading,Head of Innovation,Marcus Aldridge,1,1,False,0
linkedin.com/in/anouk-ferreira-9222,profile_url,anouk ferreira,Anouk Ferreira,linkedin.com/in/anouk-ferreira-9222,Elmsworth Tutors,Principal Architect,Dana Whitfield,1,1,False,0
linkedin.com/in/anouk-fontaine-2562,profile_url,anouk fontaine,Anouk Fontaine,linkedin.com/in/anouk-fontaine-2562,Xanthe Labs,Principal Architect,Priya Raghunathan,1,1,False,0
linkedin.com/in/anouk-gluckstein-5626,profile_url,anouk gluckstein,Anouk Glückstein,linkedin.com/in/anouk-gluckstein-5626,Bellchamber Media,Head of Platform Engineering,Marcus Aldridge,1,1,False,0
linkedin.com/in/anouk-grimsby-4890,profile_url,anouk grimsby,Anouk Grimsby,linkedin.com/in/anouk-grimsby-4890,Garrowby Books,Staff Engineer,Marcus Aldridge,1,1,False,0
linkedin.com/in/anouk-halloran-2499,profile_url,anouk halloran,Anouk Halloran,linkedin.com/in/anouk-halloran-2499,Inglenook Bakery,Staff Engineer,Dana Whitfield,1,1,False,0
linkedin.com/in/anouk-halloran-egerton-3299,profile_url,anouk halloran egerton,Anouk Halloran-Egerton,linkedin.com/in/anouk-halloran-egerton-3299,Elmsworth Tutors,Program Manager,Owen Trask,1,1,False,0
linkedin.com/in/anouk-halloran-wolstenholme-3557,profile_url,anouk halloran wolstenholme,Anouk Halloran-Wolstenholme,linkedin.com/in/anouk-halloran-wolstenholme-3557,Xanthe Labs,Chief Information Officer,Owen Trask,1,1,False,0
linkedin.com/in/anouk-hartigan-6992,profile_url,anouk hartigan,Anouk Hartigan,linkedin.com/in/anouk-hartigan-6992,Dunmowe Travel,Chief Information Officer,Dana Whitfield,1,1,False,0
linkedin.com/in/anouk-hartigan-cathcart-8465,profile_url,anouk hartigan cathcart,Anouk Hartigan-Cathcart,linkedin.com/in/anouk-hartigan-cathcart-8465,Whitlock Staffing,Head of Innovation,Elena Duvall,1,1,False,0
linkedin.com/in/anouk-hartigan-hojgaard-6657,profile_url,anouk hartigan hojgaard,Anouk Hartigan-Højgaard,linkedin.com/in/anouk-hartigan-hojgaard-6657,Elmsworth Tutors,Engineering Manager,Elena Duvall,1,1,False,0
linkedin.com/in/anouk-havercamp-4310,profile_url,anouk havercamp,Anouk Havercamp,linkedin.com/in/anouk-havercamp-4310,Vespermill Analytics,Program Manager,Priya Raghunathan,1,1,False,0
linkedin.com/in/anouk-hojgaard-4914,profile_url,anouk hojgaard,Anouk Højgaard,linkedin.com/in/anouk-hojgaard-4914,Pale Harbour Studio,Director of Software Engineering,Marcus Aldridge,1,1,False,0
linkedin.com/in/anouk-ibarra-1156,profile_url,anouk ibarra,Anouk Ibarra,linkedin.com/in/anouk-ibarra-1156,Pale Harbour Studio,VP Engineering,Dana Whitfield,1,1,False,0
linkedin.com/in/anouk-ingleby-4177,profile_url,anouk ingleby,Anouk Ingleby,linkedin.com/in/anouk-ingleby-4177,Fairbourne Fitness,Staff Engineer,Priya Raghunathan,1,1,False,0
linkedin.com/in/anouk-ingleby-brenneman-3429,profile_url,anouk ingleby brenneman,Anouk Ingleby-Brenneman,linkedin.com/in/anouk-ingleby-brenneman-3429,Rooksby Legal,Chief Information Officer,Tomás Beckett,1,1,False,0
linkedin.com/in/anouk-isenberg-8915,profile_url,anouk isenberg,Anouk Isenberg,linkedin.com/in/anouk-isenberg-8915,Corbridge Realty,Program Manager,Dana Whitfield,1,1,False,0
linkedin.com/in/anouk-jarrold-5786,profile_url,anouk jarrold,Anouk Jarrold,linkedin.com/in/anouk-jarrold-5786,Whitlock Staffing,Chief Information Officer,Tomás Beckett,1,1,False,0
linkedin.com/in/anouk-kettleborough-7228,profile_url,anouk kettleborough,Anouk Kettleborough,linkedin.com/in/anouk-kettleborough-7228,Pale Harbour Studio,Chief Information Officer,Priya Raghunathan,1,1,False,0
linkedin.com/in/anouk-kirkbride-4767,profile_url,anouk kirkbride,Anouk Kirkbride,linkedin.com/in/anouk-kirkbride-4767,Nortonbury Logistics,Head of Developer Productivity,Marcus Aldridge; Owen Trask,2,1,False,0
linkedin.com/in/anouk-lindqvist-6218,profile_url,anouk lindqvist,Anouk Lindqvist,linkedin.com/in/anouk-lindqvist-6218,Ambrose Trading,Head of Automation,Marcus Aldridge,1,1,False,0
linkedin.com/in/anouk-lindqvist-brenneman-2326,profile_url,anouk lindqvist brenneman,Anouk Lindqvist-Brenneman,linkedin.com/in/anouk-lindqvist-brenneman-2326,Bellchamber Media,VP Enterprise Architecture,Tomás Beckett,1,1,False,0
linkedin.com/in/anouk-lomsadze-8704,profile_url,anouk lomsadze,Anouk Lomsadze,linkedin.com/in/anouk-lomsadze-8704,Inglenook Bakery,Engineering Manager,Marcus Aldridge,1,1,False,0
linkedin.com/in/anouk-marchetti-1709,profile_url,anouk marchetti,Anouk Marchetti,linkedin.com/in/anouk-marchetti-1709,Underwood & Vale,"Senior Manager, Engineering",Priya Raghunathan,1,1,False,0
linkedin.com/in/anouk-merriweather-5297,profile_url,anouk merriweather,Anouk Merriweather,linkedin.com/in/anouk-merriweather-5297,Ondermark Consulting,Head of Innovation,Marcus Aldridge,1,1,False,0
linkedin.com/in/anouk-mkhize-5165,profile_url,anouk mkhize,Anouk Mkhize,linkedin.com/in/anouk-mkhize-5165,Fairbourne Fitness,Director of IT,Dana Whitfield,1,1,False,0
linkedin.com/in/anouk-mkhize-lindqvist-7102,profile_url,anouk mkhize lindqvist,Anouk Mkhize-Lindqvist,linkedin.com/in/anouk-mkhize-lindqvist-7102,Bellchamber Media,Director of IT,Elena Duvall,1,1,False,0
linkedin.com/in/anouk-nakashima-3417,profile_url,anouk nakashima,Anouk Nakashima,linkedin.com/in/anouk-nakashima-3417,Elmsworth Tutors,Program Manager,Dana Whitfield,1,1,False,0
linkedin.com/in/anouk-norrington-2398,profile_url,anouk norrington,Anouk Norrington,linkedin.com/in/anouk-norrington-2398,Zenner Foods,SVP Digital,Dana Whitfield,1,1,False,0
linkedin.com/in/anouk-norrington-grimsby-3884,profile_url,anouk norrington grimsby,Anouk Norrington-Grimsby,linkedin.com/in/anouk-norrington-grimsby-3884,Elmsworth Tutors,Principal Architect,Elena Duvall,1,1,False,0
linkedin.com/in/anouk-okonkwo-4618,profile_url,anouk okonkwo,Anouk Okonkwo,linkedin.com/in/anouk-okonkwo-4618,Fairbourne Fitness,"Senior Manager, Engineering",Marcus Aldridge,1,1,False,0
linkedin.com/in/anouk-oldfield-6816,profile_url,anouk oldfield,Anouk Oldfield,linkedin.com/in/anouk-oldfield-6816,Elmsworth Tutors,Platform Lead,Dana Whitfield,1,1,False,0
linkedin.com/in/anouk-oyelaran-2787,profile_url,anouk oyelaran,Anouk Oyelaran,linkedin.com/in/anouk-oyelaran-2787,Bellchamber Media,Chief Operating Officer,Tomás Beckett,1,1,False,0
linkedin.com/in/anouk-petrossian-8758,profile_url,anouk petrossian,Anouk Petrossian,linkedin.com/in/anouk-petrossian-8758,Corbridge Realty,SVP Digital,Marcus Aldridge,1,1,False,0
linkedin.com/in/anouk-prendergast-8715,profile_url,anouk prendergast,Anouk Prendergast,linkedin.com/in/anouk-prendergast-8715,Quintrell Advisory,Program Manager,Marcus Aldridge,1,1,False,0
linkedin.com/in/anouk-quillane-9309,profile_url,anouk quillane,Anouk Quillane,linkedin.com/in/anouk-quillane-9309,Quintrell Advisory,Head of Innovation,Dana Whitfield,1,1,False,0
linkedin.com/in/anouk-rushworth-1776,profile_url,anouk rushworth,Anouk Rushworth,linkedin.com/in/anouk-rushworth-1776,Zenner Foods,Platform Lead,Marcus Aldridge,1,1,False,0
linkedin.com/in/anouk-salcedo-6041,profile_url,anouk salcedo,Anouk Salcedo,linkedin.com/in/anouk-salcedo-6041,Highmoor Cycles,Chief Information Officer,Marcus Aldridge,1,1,False,0
linkedin.com/in/anouk-sandoval-4443,profile_url,anouk sandoval,Anouk Sandoval,linkedin.com/in/anouk-sandoval-4443,Inglenook Bakery,"Senior Manager, Engineering",Priya Raghunathan,1,1,False,0
linkedin.com/in/anouk-sandoval-egerton-4704,profile_url,anouk sandoval egerton,Anouk Sandoval-Egerton,linkedin.com/in/anouk-sandoval-egerton-4704,Highmoor Cycles,Product Director,Owen Trask,1,1,False,0
linkedin.com/in/anouk-thackeray-4481,profile_url,anouk thackeray,Anouk Thackeray,linkedin.com/in/anouk-thackeray-4481,Highmoor Cycles,Engineering Manager,Marcus Aldridge,1,1,False,0
linkedin.com/in/anouk-thackeray-vasquez-5396,profile_url,anouk thackeray vasquez,Anouk Thackeray-Vasquez,linkedin.com/in/anouk-thackeray-vasquez-5396,Inglenook Bakery,Product Director,Owen Trask,1,1,False,0
linkedin.com/in/anouk-underhill-8001,profile_url,anouk underhill,Anouk Underhill,linkedin.com/in/anouk-underhill-8001,Ondermark Consulting,Chief Data Officer,Dana Whitfield,1,1,False,0
linkedin.com/in/anouk-vandermolen-7833,profile_url,anouk vandermolen,Anouk Vandermolen,linkedin.com/in/anouk-vandermolen-7833,Zenner Foods,Chief Technology Officer,Dana Whitfield,1,1,False,0
linkedin.com/in/anouk-vasquez-7924,profile_url,anouk vasquez,Anouk Vasquez,linkedin.com/in/anouk-vasquez-7924,Corbridge Realty,Chief Technology Officer,Priya Raghunathan,1,1,False,0
linkedin.com/in/anouk-wexford-5699,profile_url,anouk wexford,Anouk Wexford,linkedin.com/in/anouk-wexford-5699,Yardley Print,Head of Innovation,Tomás Beckett,1,1,False,0
linkedin.com/in/anouk-wolstenholme-9131,profile_url,anouk wolstenholme,Anouk Wolstenholme,linkedin.com/in/anouk-wolstenholme-9131,Tannerly Design,Engineering Manager,Dana Whitfield,1,1,False,0
linkedin.com/in/anouk-yarrow-2335,profile_url,anouk yarrow,Anouk Yarrow,linkedin.com/in/anouk-yarrow-2335,Xanthe Labs,Head of Automation,Dana Whitfield,1,1,False,0
linkedin.com/in/anouk-yarrow-salcedo-5115,profile_url,anouk yarrow salcedo,Anouk Yarrow-Salcedo,linkedin.com/in/anouk-yarrow-salcedo-5115,Corbridge Realty,Principal Architect,Elena Duvall,1,1,False,0
linkedin.com/in/anouk-zettergren-6829,profile_url,anouk zettergren,Anouk Zettergren,linkedin.com/in/anouk-zettergren-6829,Elmsworth Tutors,Head of Automation,Marcus Aldridge,1,1,False,0
linkedin.com/in/anouk-zubkov-7260,profile_url,anouk zubkov,Anouk Zubkov,linkedin.com/in/anouk-zubkov-7260,Highmoor Cycles,Chief Data Officer,Tomás Beckett,1,1,False,0
linkedin.com/in/ansel-achterberg-7305,profile_url,ansel achterberg,Ansel Achterberg,linkedin.com/in/ansel-achterberg-7305,Corbridge Realty,Engineering Manager,Marcus Aldridge,1,1,False,0
linkedin.com/in/ansel-ashdown-9750,profile_url,ansel ashdown,Ansel Ashdown,linkedin.com/in/ansel-ashdown-9750,Highmoor Cycles,Director of Software Engineering,Marcus Aldridge,1,1,False,0
linkedin.com/in/ansel-balogun-8521,profile_url,ansel balogun,Ansel Balogun,linkedin.com/in/ansel-balogun-8521,Underwood & Vale,Chief Digital Officer,Tomás Beckett,1,1,False,0
linkedin.com/in/ansel-bellinger-8060,profile_url,ansel bellinger,Ansel Bellinger,linkedin.com/in/ansel-bellinger-8060,Zenner Foods,Engineering Manager,Dana Whitfield,1,1,False,0
linkedin.com/in/ansel-bellinger-vasquez-3994,profile_url,ansel bellinger vasquez,Ansel Bellinger-Vasquez,linkedin.com/in/ansel-bellinger-vasquez-3994,Corbridge Realty,Head of Innovation,Tomás Beckett,1,1,False,0
linkedin.com/in/ansel-brenneman-6359,profile_url,ansel brenneman,Ansel Brenneman,linkedin.com/in/ansel-brenneman-6359,Elmsworth Tutors,Director of Software Engineering,Priya Raghunathan,1,1,False,0
linkedin.com/in/ansel-cardoso-3306,profile_url,ansel cardoso,Ansel Cardoso,linkedin.com/in/ansel-cardoso-3306,Yardley Print,Engineering Manager,Tomás Beckett,1,1,False,0
linkedin.com/in/ansel-cathcart-2547,profile_url,ansel cathcart,Ansel Cathcart,linkedin.com/in/ansel-cathcart-2547,Vespermill Analytics,Staff Engineer,Marcus Aldridge,1,1,False,0
linkedin.com/in/ansel-crowther-6090,profile_url,ansel crowther,Ansel Crowther,linkedin.com/in/ansel-crowther-6090,Yardley Print,Program Manager,Marcus Aldridge,1,1,False,0
linkedin.com/in/ansel-dellinger-8104,profile_url,ansel dellinger,Ansel Dellinger,linkedin.com/in/ansel-dellinger-8104,Corbridge Realty,SVP Digital,Marcus Aldridge,1,1,False,0
linkedin.com/in/ansel-dobrescu-7032,profile_url,ansel dobrescu,Ansel Dobrescu,linkedin.com/in/ansel-dobrescu-7032,Yardley Print,Platform Lead,Priya Raghunathan,1,1,False,0
linkedin.com/in/ansel-drummond-3586,profile_url,ansel drummond,Ansel Drummond,linkedin.com/in/ansel-drummond-3586,Vespermill Analytics,Head of Innovation,Priya Raghunathan,1,1,False,0
linkedin.com/in/ansel-eastcott-3479,profile_url,ansel eastcott,Ansel Eastcott,linkedin.com/in/ansel-eastcott-3479,Tannerly Design,Product Director,Marcus Aldridge,1,1,False,0
linkedin.com/in/ansel-egerton-9165,profile_url,ansel egerton,Ansel Egerton,linkedin.com/in/ansel-egerton-9165,Dunmowe Travel,Program Manager,Marcus Aldridge,1,1,False,0
linkedin.com/in/ansel-egerton-wexford-8242,profile_url,ansel egerton wexford,Ansel Egerton-Wexford,linkedin.com/in/ansel-egerton-wexford-8242,Highmoor Cycles,Staff Engineer,Tomás Beckett,1,1,False,0
linkedin.com/in/ansel-fairweather-9520,profile_url,ansel fairweather,Ansel Fairweather,linkedin.com/in/ansel-fairweather-9520,Inglenook Bakery,Staff Engineer,Marcus Aldridge,1,1,False,0
linkedin.com/in/ansel-falkenrath-3108,profile_url,ansel falkenrath,Ansel Falkenrath,linkedin.com/in/ansel-falkenrath-3108,Corbridge Realty,VP Enterprise Architecture,Tomás Beckett,1,1,False,0
linkedin.com/in/ansel-ferreira-5987,profile_url,ansel ferreira,Ansel Ferreira,linkedin.com/in/ansel-ferreira-5987,Yardley Print,Chief Digital Officer,Dana Whitfield,1,1,False,0
linkedin.com/in/ansel-ferreira-zettergren-9182,profile_url,ansel ferreira zettergren,Ansel Ferreira-Zettergren,linkedin.com/in/ansel-ferreira-zettergren-9182,Vespermill Analytics,Chief Data Officer,Tomás Beckett,1,1,False,0
linkedin.com/in/ansel-fontaine-9492,profile_url,ansel fontaine,Ansel Fontaine,linkedin.com/in/ansel-fontaine-9492,Whitlock Staffing,Head of Automation,Marcus Aldridge,1,1,False,0
linkedin.com/in/ansel-gluckstein-1346,profile_url,ansel gluckstein,Ansel Glückstein,linkedin.com/in/ansel-gluckstein-1346,Ondermark Consulting,Head of Innovation,Dana Whitfield,1,1,False,0
linkedin.com/in/ansel-gluckstein-crowther-7962,profile_url,ansel gluckstein crowther,Ansel Glückstein-Crowther,linkedin.com/in/ansel-gluckstein-crowther-7962,Underwood & Vale,Head of Platform Engineering,Elena Duvall,1,1,False,0
linkedin.com/in/ansel-grimsby-4639,profile_url,ansel grimsby,Ansel Grimsby,linkedin.com/in/ansel-grimsby-4639,Fairbourne Fitness,Director of Software Engineering,Marcus Aldridge,1,1,False,0
linkedin.com/in/ansel-halloran-9096,profile_url,ansel halloran,Ansel Halloran,linkedin.com/in/ansel-halloran-9096,Whitlock Staffing,SVP Digital,Marcus Aldridge,1,1,False,0
linkedin.com/in/ansel-hartigan-6783,profile_url,ansel hartigan,Ansel Hartigan,linkedin.com/in/ansel-hartigan-6783,Corbridge Realty,Director of IT,Dana Whitfield,1,1,False,0
linkedin.com/in/ansel-havercamp-6316,profile_url,ansel havercamp,Ansel Havercamp,linkedin.com/in/ansel-havercamp-6316,Quintrell Advisory,Head of Platform Engineering,Dana Whitfield,1,1,False,0
linkedin.com/in/ansel-hojgaard-2726,profile_url,ansel hojgaard,Ansel Højgaard,linkedin.com/in/ansel-hojgaard-2726,Highmoor Cycles,"Senior Manager, Engineering",Marcus Aldridge,1,1,False,0
linkedin.com/in/ansel-ibarra-3198,profile_url,ansel ibarra,Ansel Ibarra,linkedin.com/in/ansel-ibarra-3198,Underwood & Vale,Head of Innovation,Marcus Aldridge,1,1,False,0
linkedin.com/in/ansel-ingleby-4013,profile_url,ansel ingleby,Ansel Ingleby,linkedin.com/in/ansel-ingleby-4013,Corbridge Realty,Platform Lead,Tomás Beckett,1,1,False,0
linkedin.com/in/ansel-ingleby-lomsadze-6056,profile_url,ansel ingleby lomsadze,Ansel Ingleby-Lomsadze,linkedin.com/in/ansel-ingleby-lomsadze-6056,Ambrose Trading,Engineering Manager,Owen Trask,1,1,False,0
linkedin.com/in/ansel-isenberg-6186,profile_url,ansel isenberg,Ansel Isenberg,linkedin.com/in/ansel-isenberg-6186,Rooksby Legal,Head of Automation,Marcus Aldridge,1,1,False,0
linkedin.com/in/ansel-jarrold-2056,profile_url,ansel jarrold,Ansel Jarrold,linkedin.com/in/ansel-jarrold-2056,Underwood & Vale,Platform Lead,Marcus Aldridge,1,1,False,0
linkedin.com/in/ansel-kettleborough-6081,profile_url,ansel kettleborough,Ansel Kettleborough,linkedin.com/in/ansel-kettleborough-6081,Zenner Foods,Engineering Manager,Marcus Aldridge,1,1,False,0
linkedin.com/in/ansel-kirkbride-3193,profile_url,ansel kirkbride,Ansel Kirkbride,linkedin.com/in/ansel-kirkbride-3193,Quintrell Advisory,Director of IT,Tomás Beckett,1,1,False,0
linkedin.com/in/ansel-lindqvist-8900,profile_url,ansel lindqvist,Ansel Lindqvist,linkedin.com/in/ansel-lindqvist-8900,Pale Harbour Studio,"Senior Manager, Engineering",Dana Whitfield,1,1,False,0
linkedin.com/in/ansel-lomsadze-1106,profile_url,ansel lomsadze,Ansel Lomsadze,linkedin.com/in/ansel-lomsadze-1106,Inglenook Bakery,Director of IT,Marcus Aldridge,1,1,False,0
linkedin.com/in/ansel-lomsadze-vandermolen-8391,profile_url,ansel lomsadze vandermolen,Ansel Lomsadze-Vandermolen,linkedin.com/in/ansel-lomsadze-vandermolen-8391,Pale Harbour Studio,Chief Digital Officer,Owen Trask,1,1,False,0
linkedin.com/in/ansel-marchetti-6223,profile_url,ansel marchetti,Ansel Marchetti,linkedin.com/in/ansel-marchetti-6223,Yardley Print,Chief Operating Officer,Priya Raghunathan,1,1,False,0
linkedin.com/in/ansel-merriweather-2456,profile_url,ansel merriweather,Ansel Merriweather,linkedin.com/in/ansel-merriweather-2456,Fairbourne Fitness,Program Manager,Tomás Beckett,1,1,False,0
linkedin.com/in/ansel-mkhize-2633,profile_url,ansel mkhize,Ansel Mkhize,linkedin.com/in/ansel-mkhize-2633,Dunmowe Travel,"Senior Manager, Engineering",Tomás Beckett,1,1,False,0
name:ansel mkhize fairweather,name_only,ansel mkhize fairweather,Ansel Mkhize-Fairweather,,Quintrell Advisory,Head of Innovation,Elena Duvall,1,1,False,1
linkedin.com/in/ansel-nakashima-4881,profile_url,ansel nakashima,Ansel Nakashima,linkedin.com/in/ansel-nakashima-4881,Whitlock Staffing,Program Manager,Priya Raghunathan,1,1,False,0
linkedin.com/in/ansel-norrington-5361,profile_url,ansel norrington,Ansel Norrington,linkedin.com/in/ansel-norrington-5361,Corbridge Realty,Head of Innovation,Marcus Aldridge,1,1,False,0
linkedin.com/in/ansel-norrington-nakashima-5785,profile_url,ansel norrington nakashima,Ansel Norrington-Nakashima,linkedin.com/in/ansel-norrington-nakashima-5785,Whitlock Staffing,Platform Lead,Elena Duvall,1,1,False,0
linkedin.com/in/ansel-norrington-oyelaran-3707,profile_url,ansel norrington oyelaran,Ansel Norrington-Oyelaran,linkedin.com/in/ansel-norrington-oyelaran-3707,Bellchamber Media,Director of IT,Owen Trask,1,1,False,0
linkedin.com/in/ansel-okonkwo-7953,profile_url,ansel okonkwo,Ansel Okonkwo,linkedin.com/in/ansel-okonkwo-7953,Yardley Print,Staff Engineer,Dana Whitfield,1,1,False,0
linkedin.com/in/ansel-oldfield-3874,profile_url,ansel oldfield,Ansel Oldfield,linkedin.com/in/ansel-oldfield-3874,Elmsworth Tutors,Product Director,Marcus Aldridge,1,1,False,0
linkedin.com/in/ansel-oyelaran-6379,profile_url,ansel oyelaran,Ansel Oyelaran,linkedin.com/in/ansel-oyelaran-6379,Whitlock Staffing,Program Manager,Dana Whitfield,1,1,False,0
linkedin.com/in/ansel-petrossian-9880,profile_url,ansel petrossian,Ansel Petrossian,linkedin.com/in/ansel-petrossian-9880,Tannerly Design,Director of IT,Dana Whitfield,1,1,False,0
linkedin.com/in/ansel-prendergast-2550,profile_url,ansel prendergast,Ansel Prendergast,linkedin.com/in/ansel-prendergast-2550,Yardley Print,Chief Digital Officer,Marcus Aldridge,1,1,False,0
linkedin.com/in/ansel-quillane-2262,profile_url,ansel quillane,Ansel Quillane,linkedin.com/in/ansel-quillane-2262,Underwood & Vale,Chief Data Officer,Priya Raghunathan,1,1,False,0
linkedin.com/in/ansel-rushworth-3432,profile_url,ansel rushworth,Ansel Rushworth,linkedin.com/in/ansel-rushworth-3432,Yardley Print,Head of Automation,Marcus Aldridge,1,1,False,0
name:ansel salcedo,name_only,ansel salcedo,Ansel Salcedo,,Fairbourne Fitness,"Senior Manager, Engineering",Marcus Aldridge,1,1,False,1
linkedin.com/in/ansel-sandoval-8325,profile_url,ansel sandoval,Ansel Sandoval,linkedin.com/in/ansel-sandoval-8325,Ambrose Trading,Head of Developer Productivity,Dana Whitfield,1,1,False,0
linkedin.com/in/ansel-sandoval-brenneman-1057,profile_url,ansel sandoval brenneman,Ansel Sandoval-Brenneman,linkedin.com/in/ansel-sandoval-brenneman-1057,Garrowby Books,Director of IT,Owen Trask,1,1,False,0
linkedin.com/in/ansel-thackeray-4859,profile_url,ansel thackeray,Ansel Thackeray,linkedin.com/in/ansel-thackeray-4859,Corbridge Realty,"Senior Manager, Engineering",Marcus Aldridge,1,1,False,0
linkedin.com/in/ansel-underhill-4543,profile_url,ansel underhill,Ansel Underhill,linkedin.com/in/ansel-underhill-4543,Corbridge Realty,Product Director,Tomás Beckett,1,1,False,0
linkedin.com/in/ansel-vandermolen-1459,profile_url,ansel vandermolen,Ansel Vandermolen,linkedin.com/in/ansel-vandermolen-1459,Whitlock Staffing,Principal Architect,Marcus Aldridge,1,1,False,0
linkedin.com/in/ansel-vasquez-9000,profile_url,ansel vasquez,Ansel Vasquez,linkedin.com/in/ansel-vasquez-9000,Garrowby Books,Staff Engineer,Marcus Aldridge,1,1,False,0
linkedin.com/in/ansel-wexford-7756,profile_url,ansel wexford,Ansel Wexford,linkedin.com/in/ansel-wexford-7756,Inglenook Bakery,Product Director,Dana Whitfield,1,1,False,0
linkedin.com/in/ansel-wolstenholme-2513,profile_url,ansel wolstenholme,Ansel Wolstenholme,linkedin.com/in/ansel-wolstenholme-2513,Underwood & Vale,Engineering Manager,Dana Whitfield,1,1,False,0
linkedin.com/in/ansel-yarrow-4415,profile_url,ansel yarrow,Ansel Yarrow,linkedin.com/in/ansel-yarrow-4415,Vespermill Analytics,Director of IT,Marcus Aldridge,1,1,False,0
linkedin.com/in/ansel-zettergren-1422,profile_url,ansel zettergren,Ansel Zettergren,linkedin.com/in/ansel-zettergren-1422,Zenner Foods,Chief Information Officer,Priya Raghunathan,1,1,False,0
linkedin.com/in/ansel-zettergren-rushworth-3885,profile_url,ansel zettergren rushworth,Ansel Zettergren-Rushworth,linkedin.com/in/ansel-zettergren-rushworth-3885,Quintrell Advisory,Head of Innovation,Owen Trask,1,1,False,0
linkedin.com/in/ansel-zubkov-5951,profile_url,ansel zubkov,Ansel Zubkov,linkedin.com/in/ansel-zubkov-5951,Quintrell Advisory,Product Director,Dana Whitfield,1,1,False,0
name:arjun achterberg,name_only,arjun achterberg,Arjun Achterberg,,Vespermill Analytics,Chief Operating Officer,Marcus Aldridge,1,1,False,1
linkedin.com/in/arjun-achterberg-zubkov-9204,profile_url,arjun achterberg zubkov,Arjun Achterberg-Zubkov,linkedin.com/in/arjun-achterberg-zubkov-9204,Ondermark Consulting,Engineering Manager,Tomás Beckett,1,1,False,0
name:arjun ashdown,name_only,arjun ashdown,Arjun Ashdown,,Whitlock Staffing,Director of IT,Marcus Aldridge,1,1,False,1
linkedin.com/in/arjun-balogun-4025,profile_url,arjun balogun,Arjun Balogun,linkedin.com/in/arjun-balogun-4025,Underwood & Vale,Principal Architect,Marcus Aldridge,1,1,False,0
linkedin.com/in/arjun-balogun-yarrow-4478,profile_url,arjun balogun yarrow,Arjun Balogun-Yarrow,linkedin.com/in/arjun-balogun-yarrow-4478,Ambrose Trading,Principal Architect,Elena Duvall,1,1,False,0
linkedin.com/in/arjun-bellinger-9207,profile_url,arjun bellinger,Arjun Bellinger,linkedin.com/in/arjun-bellinger-9207,Ondermark Consulting,Engineering Manager,Marcus Aldridge,1,1,False,0
linkedin.com/in/arjun-brenneman-9359,profile_url,arjun brenneman,Arjun Brenneman,linkedin.com/in/arjun-brenneman-9359,Inglenook Bakery,Head of Automation,Dana Whitfield,1,1,False,0
linkedin.com/in/arjun-cardoso-9168,profile_url,arjun cardoso,Arjun Cardoso,linkedin.com/in/arjun-cardoso-9168,Xanthe Labs,Chief Technology Officer,Marcus Aldridge,1,1,False,0
linkedin.com/in/arjun-cardoso-nakashima-6544,profile_url,arjun cardoso nakashima,Arjun Cardoso-Nakashima,linkedin.com/in/arjun-cardoso-nakashima-6544,Underwood & Vale,Head of Automation,Tomás Beckett,1,1,False,0
linkedin.com/in/arjun-cathcart-6144,profile_url,arjun cathcart,Arjun Cathcart,linkedin.com/in/arjun-cathcart-6144,Vireo Systems,Head of Developer Productivity,Elena Duvall; Marcus Aldridge,2,1,False,0
linkedin.com/in/arjun-crowther-6533,profile_url,arjun crowther,Arjun Crowther,linkedin.com/in/arjun-crowther-6533,Dunmowe Travel,Head of Automation,Marcus Aldridge,1,1,False,0
name:arjun dellinger,name_only,arjun dellinger,Arjun Dellinger,,Corbridge Realty,Director of IT,Marcus Aldridge,1,1,False,1
name:arjun dellinger oyelaran,name_only,arjun dellinger oyelaran,Arjun Dellinger-Oyelaran,,Elmsworth Tutors,Head of Developer Productivity,Elena Duvall,1,1,False,1
linkedin.com/in/arjun-dobrescu-5987,profile_url,arjun dobrescu,Arjun Dobrescu,linkedin.com/in/arjun-dobrescu-5987,Quintrell Advisory,Staff Engineer,Tomás Beckett,1,1,False,0
linkedin.com/in/arjun-drummond-3299,profile_url,arjun drummond,Arjun Drummond,linkedin.com/in/arjun-drummond-3299,Elmsworth Tutors,Chief Data Officer,Marcus Aldridge,1,1,False,0
linkedin.com/in/arjun-eastcott-5286,profile_url,arjun eastcott,Arjun Eastcott,linkedin.com/in/arjun-eastcott-5286,Bellchamber Media,Platform Lead,Marcus Aldridge,1,1,False,0
linkedin.com/in/arjun-eastcott-hojgaard-6857,profile_url,arjun eastcott hojgaard,Arjun Eastcott-Højgaard,linkedin.com/in/arjun-eastcott-hojgaard-6857,Rooksby Legal,Chief Information Officer,Tomás Beckett,1,1,False,0
linkedin.com/in/arjun-egerton-6215,profile_url,arjun egerton,Arjun Egerton,linkedin.com/in/arjun-egerton-6215,Underwood & Vale,Head of Innovation,Marcus Aldridge,1,1,False,0
linkedin.com/in/arjun-fairweather-4104,profile_url,arjun fairweather,Arjun Fairweather,linkedin.com/in/arjun-fairweather-4104,Tannerly Design,Director of IT,Priya Raghunathan,1,1,False,0
linkedin.com/in/arjun-falkenrath-4156,profile_url,arjun falkenrath,Arjun Falkenrath,linkedin.com/in/arjun-falkenrath-4156,Xanthe Labs,Staff Engineer,Tomás Beckett,1,1,False,0
linkedin.com/in/arjun-ferreira-5238,profile_url,arjun ferreira,Arjun Ferreira,linkedin.com/in/arjun-ferreira-5238,Quintrell Advisory,VP Engineering,Tomás Beckett,1,1,False,0
linkedin.com/in/arjun-ferreira-isenberg-1690,profile_url,arjun ferreira isenberg,Arjun Ferreira-Isenberg,linkedin.com/in/arjun-ferreira-isenberg-1690,Bellchamber Media,Engineering Manager,Tomás Beckett,1,1,False,0
linkedin.com/in/arjun-fontaine-6363,profile_url,arjun fontaine,Arjun Fontaine,linkedin.com/in/arjun-fontaine-6363,Whitlock Staffing,Head of Innovation,Marcus Aldridge,1,1,False,0
linkedin.com/in/arjun-gluckstein-4824,profile_url,arjun gluckstein,Arjun Glückstein,linkedin.com/in/arjun-gluckstein-4824,Ambrose Trading,Product Director,Marcus Aldridge,1,1,False,0
linkedin.com/in/arjun-grimsby-6918,profile_url,arjun grimsby,Arjun Grimsby,linkedin.com/in/arjun-grimsby-6918,Zenner Foods,Engineering Manager,Tomás Beckett,1,1,False,0
linkedin.com/in/arjun-halloran-6466,profile_url,arjun halloran,Arjun Halloran,linkedin.com/in/arjun-halloran-6466,Corbridge Realty,Program Manager,Dana Whitfield,1,1,False,0
linkedin.com/in/arjun-hartigan-3594,profile_url,arjun hartigan,Arjun Hartigan,linkedin.com/in/arjun-hartigan-3594,Pale Harbour Studio,"Senior Manager, Engineering",Priya Raghunathan,1,1,False,0
linkedin.com/in/arjun-havercamp-3655,profile_url,arjun havercamp,Arjun Havercamp,linkedin.com/in/arjun-havercamp-3655,Inglenook Bakery,Chief Operating Officer,Priya Raghunathan,1,1,False,0
linkedin.com/in/arjun-hojgaard-4935,profile_url,arjun hojgaard,Arjun Højgaard,linkedin.com/in/arjun-hojgaard-4935,Dunmowe Travel,VP Enterprise Architecture,Priya Raghunathan,1,1,False,0
linkedin.com/in/arjun-ibarra-1492,profile_url,arjun ibarra,Arjun Ibarra,linkedin.com/in/arjun-ibarra-1492,Rooksby Legal,VP Enterprise Architecture,Dana Whitfield,1,1,False,0
linkedin.com/in/arjun-ibarra-crowther-4189,profile_url,arjun ibarra crowther,Arjun Ibarra-Crowther,linkedin.com/in/arjun-ibarra-crowther-4189,Corbridge Realty,"Senior Manager, Engineering",Tomás Beckett,1,1,False,0
linkedin.com/in/arjun-ibarra-marchetti-7759,profile_url,arjun ibarra marchetti,Arjun Ibarra-Marchetti,linkedin.com/in/arjun-ibarra-marchetti-7759,Highmoor Cycles,Head of Innovation,Elena Duvall,1,1,False,0
linkedin.com/in/arjun-ibarra-petrossian-3196,profile_url,arjun ibarra petrossian,Arjun Ibarra-Petrossian,linkedin.com/in/arjun-ibarra-petrossian-3196,Vespermill Analytics,Head of Innovation,Tomás Beckett,1,1,False,0
linkedin.com/in/arjun-ingleby-4706,profile_url,arjun ingleby,Arjun Ingleby,linkedin.com/in/arjun-ingleby-4706,Vespermill Analytics,VP Engineering,Priya Raghunathan,1,1,False,0
linkedin.com/in/arjun-isenberg-1926,profile_url,arjun isenberg,Arjun Isenberg,linkedin.com/in/arjun-isenberg-1926,Quintrell Advisory,Head of Automation,Priya Raghunathan,1,1,False,0
linkedin.com/in/arjun-jarrold-2913,profile_url,arjun jarrold,Arjun Jarrold,linkedin.com/in/arjun-jarrold-2913,Highmoor Cycles,Head of Automation,Marcus Aldridge,1,1,False,0
linkedin.com/in/arjun-jarrold-lindqvist-5084,profile_url,arjun jarrold lindqvist,Arjun Jarrold-Lindqvist,linkedin.com/in/arjun-jarrold-lindqvist-5084,Yardley Print,Head of Automation,Owen Trask,1,1,False,0
linkedin.com/in/arjun-kettleborough-1402,profile_url,arjun kettleborough,Arjun Kettleborough,linkedin.com/in/arjun-kettleborough-1402,Dunmowe Travel,"Senior Manager, Engineering",Marcus Aldridge,1,1,False,0
linkedin.com/in/arjun-kirkbride-4100,profile_url,arjun kirkbride,Arjun Kirkbride,linkedin.com/in/arjun-kirkbride-4100,Corbridge Realty,Head of Automation,Tomás Beckett,1,1,False,0
linkedin.com/in/arjun-lindqvist-4513,profile_url,arjun lindqvist,Arjun Lindqvist,linkedin.com/in/arjun-lindqvist-4513,Pale Harbour Studio,Program Manager,Priya Raghunathan,1,1,False,0
linkedin.com/in/arjun-lomsadze-3702,profile_url,arjun lomsadze,Arjun Lomsadze,linkedin.com/in/arjun-lomsadze-3702,Inglenook Bakery,Chief Data Officer,Dana Whitfield,1,1,False,0
linkedin.com/in/arjun-marchetti-2061,profile_url,arjun marchetti,Arjun Marchetti,linkedin.com/in/arjun-marchetti-2061,Rooksby Legal,"Senior Manager, Engineering",Marcus Aldridge,1,1,False,0
linkedin.com/in/arjun-merriweather-1130,profile_url,arjun merriweather,Arjun Merriweather,linkedin.com/in/arjun-merriweather-1130,Ondermark Consulting,VP Data & Analytics,Priya Raghunathan,1,1,False,0
linkedin.com/in/arjun-mkhize-4958,profile_url,arjun mkhize,Arjun Mkhize,linkedin.com/in/arjun-mkhize-4958,Zenner Foods,Principal Architect,Marcus Aldridge,1,1,False,0
linkedin.com/in/arjun-nakashima-4526,profile_url,arjun nakashima,Arjun Nakashima,linkedin.com/in/arjun-nakashima-4526,Quintrell Advisory,Director of IT,Priya Raghunathan,1,1,False,0
linkedin.com/in/arjun-norrington-8399,profile_url,arjun norrington,Arjun Norrington,linkedin.com/in/arjun-norrington-8399,Whitlock Staffing,Chief Technology Officer,Marcus Aldridge,1,1,False,0
linkedin.com/in/arjun-okonkwo-8327,profile_url,arjun okonkwo,Arjun Okonkwo,linkedin.com/in/arjun-okonkwo-8327,Xanthe Labs,Head of Platform Engineering,Marcus Aldridge,1,1,False,0
linkedin.com/in/arjun-oldfield-3996,profile_url,arjun oldfield,Arjun Oldfield,linkedin.com/in/arjun-oldfield-3996,Bellchamber Media,Chief Technology Officer,Priya Raghunathan,1,1,False,0
linkedin.com/in/arjun-oyelaran-2139,profile_url,arjun oyelaran,Arjun Oyelaran,linkedin.com/in/arjun-oyelaran-2139,Yardley Print,Chief Operating Officer,Marcus Aldridge,1,1,False,0
linkedin.com/in/arjun-petrossian-1669,profile_url,arjun petrossian,Arjun Petrossian,linkedin.com/in/arjun-petrossian-1669,Yardley Print,Head of Innovation,Tomás Beckett,1,1,False,0
linkedin.com/in/arjun-prendergast-3454,profile_url,arjun prendergast,Arjun Prendergast,linkedin.com/in/arjun-prendergast-3454,Fairbourne Fitness,Principal Architect,Marcus Aldridge,1,1,False,0
linkedin.com/in/arjun-quillane-2474,profile_url,arjun quillane,Arjun Quillane,linkedin.com/in/arjun-quillane-2474,Ondermark Consulting,Director of Software Engineering,Marcus Aldridge,1,1,False,0
linkedin.com/in/arjun-quillane-kirkbride-1867,profile_url,arjun quillane kirkbride,Arjun Quillane-Kirkbride,linkedin.com/in/arjun-quillane-kirkbride-1867,Vespermill Analytics,Chief Information Officer,Tomás Beckett,1,1,False,0
linkedin.com/in/arjun-quillane-wexford-6401,profile_url,arjun quillane wexford,Arjun Quillane-Wexford,linkedin.com/in/arjun-quillane-wexford-6401,Corbridge Realty,Head of Automation,Owen Trask,1,1,False,0
linkedin.com/in/arjun-rushworth-9346,profile_url,arjun rushworth,Arjun Rushworth,linkedin.com/in/arjun-rushworth-9346,Elmsworth Tutors,Program Manager,Tomás Beckett,1,1,False,0
linkedin.com/in/arjun-salcedo-5308,profile_url,arjun salcedo,Arjun Salcedo,linkedin.com/in/arjun-salcedo-5308,Corbridge Realty,Director of IT,Marcus Aldridge,1,1,False,0
linkedin.com/in/arjun-sandoval-7987,profile_url,arjun sandoval,Arjun Sandoval,linkedin.com/in/arjun-sandoval-7987,Elmsworth Tutors,Chief Digital Officer,Priya Raghunathan,1,1,False,0
linkedin.com/in/arjun-thackeray-9109,profile_url,arjun thackeray,Arjun Thackeray,linkedin.com/in/arjun-thackeray-9109,Corbridge Realty,Engineering Manager,Dana Whitfield,1,1,False,0
linkedin.com/in/arjun-thackeray-hojgaard-6163,profile_url,arjun thackeray hojgaard,Arjun Thackeray-Højgaard,linkedin.com/in/arjun-thackeray-hojgaard-6163,Corbridge Realty,Head of Innovation,Elena Duvall,1,1,False,0
linkedin.com/in/arjun-thackeray-lindqvist-9009,profile_url,arjun thackeray lindqvist,Arjun Thackeray-Lindqvist,linkedin.com/in/arjun-thackeray-lindqvist-9009,Dunmowe Travel,Platform Lead,Elena Duvall,1,1,False,0
linkedin.com/in/arjun-underhill-6047,profile_url,arjun underhill,Arjun Underhill,linkedin.com/in/arjun-underhill-6047,Xanthe Labs,"Senior Manager, Engineering",Marcus Aldridge,1,1,False,0
linkedin.com/in/arjun-vandermolen-4492,profile_url,arjun vandermolen,Arjun Vandermolen,linkedin.com/in/arjun-vandermolen-4492,Ondermark Consulting,Product Director,Marcus Aldridge,1,1,False,0
linkedin.com/in/arjun-vasquez-6268,profile_url,arjun vasquez,Arjun Vasquez,linkedin.com/in/arjun-vasquez-6268,Ondermark Consulting,Platform Lead,Dana Whitfield,1,1,False,0
linkedin.com/in/arjun-wexford-1270,profile_url,arjun wexford,Arjun Wexford,linkedin.com/in/arjun-wexford-1270,Yardley Print,Director of Software Engineering,Priya Raghunathan,1,1,False,0
linkedin.com/in/arjun-wexford-brenneman-6506,profile_url,arjun wexford brenneman,Arjun Wexford-Brenneman,linkedin.com/in/arjun-wexford-brenneman-6506,Pale Harbour Studio,Engineering Manager,Elena Duvall,1,1,False,0
linkedin.com/in/arjun-wolstenholme-3545,profile_url,arjun wolstenholme,Arjun Wolstenholme,linkedin.com/in/arjun-wolstenholme-3545,Vespermill Analytics,Head of Automation,Tomás Beckett,1,1,False,0
linkedin.com/in/arjun-yarrow-4417,profile_url,arjun yarrow,Arjun Yarrow,linkedin.com/in/arjun-yarrow-4417,Bellchamber Media,Product Director,Dana Whitfield,1,1,False,0
linkedin.com/in/arjun-zettergren-6396,profile_url,arjun zettergren,Arjun Zettergren,linkedin.com/in/arjun-zettergren-6396,Highmoor Cycles,Director of IT,Marcus Aldridge,1,1,False,0
linkedin.com/in/arjun-zettergren-jarrold-5841,profile_url,arjun zettergren jarrold,Arjun Zettergren-Jarrold,linkedin.com/in/arjun-zettergren-jarrold-5841,Xanthe Labs,Head of Developer Productivity,Elena Duvall,1,1,False,0
linkedin.com/in/arjun-zubkov-6184,profile_url,arjun zubkov,Arjun Zubkov,linkedin.com/in/arjun-zubkov-6184,Rooksby Legal,Head of Developer Productivity,Tomás Beckett,1,1,False,0
linkedin.com/in/astrid-achterberg-6789,profile_url,astrid achterberg,Astrid Achterberg,linkedin.com/in/astrid-achterberg-6789,Inglenook Bakery,Chief Digital Officer,Tomás Beckett,1,1,False,0
linkedin.com/in/astrid-ashdown-7632,profile_url,astrid ashdown,Astrid Ashdown,linkedin.com/in/astrid-ashdown-7632,Garrowby Books,Engineering Manager,Priya Raghunathan,1,1,False,0
linkedin.com/in/astrid-balogun-5764,profile_url,astrid balogun,Astrid Balogun,linkedin.com/in/astrid-balogun-5764,Tannerly Design,Platform Lead,Marcus Aldridge,1,1,False,0
linkedin.com/in/astrid-balogun-cardoso-2155,profile_url,astrid balogun cardoso,Astrid Balogun-Cardoso,linkedin.com/in/astrid-balogun-cardoso-2155,Rooksby Legal,Head of Automation,Owen Trask,1,1,False,0
linkedin.com/in/astrid-balogun-sandoval-1007,profile_url,astrid balogun sandoval,Astrid Balogun-Sandoval,linkedin.com/in/astrid-balogun-sandoval-1007,Pale Harbour Studio,Platform Lead,Elena Duvall,1,1,False,0
name:astrid bellinger,name_only,astrid bellinger,Astrid Bellinger,,Garrowby Books,Staff Engineer,Priya Raghunathan,1,1,False,1
linkedin.com/in/astrid-brenneman-2659,profile_url,astrid brenneman,Astrid Brenneman,linkedin.com/in/astrid-brenneman-2659,Highmoor Cycles,Product Director,Marcus Aldridge,1,1,False,0
linkedin.com/in/astrid-brenneman-dobrescu-2383,profile_url,astrid brenneman dobrescu,Astrid Brenneman-Dobrescu,linkedin.com/in/astrid-brenneman-dobrescu-2383,Tannerly Design,"Senior Manager, Engineering",Tomás Beckett,1,1,False,0
name:astrid cardoso,name_only,astrid cardoso,Astrid Cardoso,,Corbridge Realty,Head of Innovation,Marcus Aldridge,1,1,False,1
linkedin.com/in/astrid-cathcart-4201,profile_url,astrid cathcart,Astrid Cathcart,linkedin.com/in/astrid-cathcart-4201,Inglenook Bakery,Principal Architect,Priya Raghunathan,1,1,False,0
linkedin.com/in/astrid-cathcart-oldfield-5442,profile_url,astrid cathcart oldfield,Astrid Cathcart-Oldfield,linkedin.com/in/astrid-cathcart-oldfield-5442,Rooksby Legal,VP Enterprise Architecture,Elena Duvall,1,1,False,0
linkedin.com/in/astrid-crowther-5171,profile_url,astrid crowther,Astrid Crowther,linkedin.com/in/astrid-crowther-5171,Tannerly Design,Principal Architect,Marcus Aldridge,1,1,False,0
linkedin.com/in/astrid-dellinger-8382,profile_url,astrid dellinger,Astrid Dellinger,linkedin.com/in/astrid-dellinger-8382,Ambrose Trading,Staff Engineer,Tomás Beckett,1,1,False,0
linkedin.com/in/astrid-dobrescu-3565,profile_url,astrid dobrescu,Astrid Dobrescu,linkedin.com/in/astrid-dobrescu-3565,Rooksby Legal,Head of Platform Engineering,Dana Whitfield,1,1,False,0
linkedin.com/in/astrid-drummond-4491,profile_url,astrid drummond,Astrid Drummond,linkedin.com/in/astrid-drummond-4491,Corbridge Realty,Product Director,Dana Whitfield,1,1,False,0
linkedin.com/in/astrid-eastcott-3955,profile_url,astrid eastcott,Astrid Eastcott,linkedin.com/in/astrid-eastcott-3955,Ondermark Consulting,Program Manager,Marcus Aldridge,1,1,False,0
linkedin.com/in/astrid-egerton-1883,profile_url,astrid egerton,Astrid Egerton,linkedin.com/in/astrid-egerton-1883,Zenner Foods,VP Data & Analytics,Tomás Beckett,1,1,False,0
linkedin.com/in/astrid-egerton-oldfield-2317,profile_url,astrid egerton oldfield,Astrid Egerton-Oldfield,linkedin.com/in/astrid-egerton-oldfield-2317,Garrowby Books,"Senior Manager, Engineering",Tomás Beckett,1,1,False,0
linkedin.com/in/astrid-fairweather-2370,profile_url,astrid fairweather,Astrid Fairweather,linkedin.com/in/astrid-fairweather-2370,Ondermark Consulting,Head of Platform Engineering,Marcus Aldridge,1,1,False,0
linkedin.com/in/astrid-fairweather-vasquez-3100,profile_url,astrid fairweather vasquez,Astrid Fairweather-Vasquez,linkedin.com/in/astrid-fairweather-vasquez-3100,Highmoor Cycles,Platform Lead,Elena Duvall,1,1,False,0
linkedin.com/in/astrid-falkenrath-6974,profile_url,astrid falkenrath,Astrid Falkenrath,linkedin.com/in/astrid-falkenrath-6974,Elmsworth Tutors,VP Engineering,Marcus Aldridge,1,1,False,0
linkedin.com/in/astrid-ferreira-3323,profile_url,astrid ferreira,Astrid Ferreira,linkedin.com/in/astrid-ferreira-3323,Rooksby Legal,Director of IT,Priya Raghunathan,1,1,False,0
linkedin.com/in/astrid-ferreira-achterberg-2118,profile_url,astrid ferreira achterberg,Astrid Ferreira-Achterberg,linkedin.com/in/astrid-ferreira-achterberg-2118,Garrowby Books,Chief Data Officer,Tomás Beckett,1,1,False,0
linkedin.com/in/astrid-fontaine-4570,profile_url,astrid fontaine,Astrid Fontaine,linkedin.com/in/astrid-fontaine-4570,Garrowby Books,VP Data & Analytics,Marcus Aldridge,1,1,False,0
linkedin.com/in/astrid-fontaine-dobrescu-3621,profile_url,astrid fontaine dobrescu,Astrid Fontaine-Dobrescu,linkedin.com/in/astrid-fontaine-dobrescu-3621,Whitlock Staffing,"Senior Manager, Engineering",Elena Duvall,1,1,False,0
linkedin.com/in/astrid-gluckstein-7396,profile_url,astrid gluckstein,Astrid Glückstein,linkedin.com/in/astrid-gluckstein-7396,Elmsworth Tutors,Platform Lead,Tomás Beckett,1,1,False,0
linkedin.com/in/astrid-grimsby-4016,profile_url,astrid grimsby,Astrid Grimsby,linkedin.com/in/astrid-grimsby-4016,Elmsworth Tutors,"Senior Manager, Engineering",Tomás Beckett,1,1,False,0
linkedin.com/in/astrid-halloran-6688,profile_url,astrid halloran,Astrid Halloran,linkedin.com/in/astrid-halloran-6688,Tannerly Design,VP Engineering,Marcus Aldridge,1,1,False,0
linkedin.com/in/astrid-hartigan-6664,profile_url,astrid hartigan,Astrid Hartigan,linkedin.com/in/astrid-hartigan-6664,Fairbourne Fitness,"Senior Manager, Engineering",Priya Raghunathan,1,1,False,0
linkedin.com/in/astrid-havercamp-5603,profile_url,astrid havercamp,Astrid Havercamp,linkedin.com/in/astrid-havercamp-5603,Elmsworth Tutors,"Senior Manager, Engineering",Tomás Beckett,1,1,False,0
linkedin.com/in/astrid-hojgaard-4060,profile_url,astrid hojgaard,Astrid Højgaard,linkedin.com/in/astrid-hojgaard-4060,Yardley Print,Director of Software Engineering,Tomás Beckett,1,1,False,0
linkedin.com/in/astrid-ibarra-3655,profile_url,astrid ibarra,Astrid Ibarra,linkedin.com/in/astrid-ibarra-3655,Garrowby Books,Head of Innovation,Priya Raghunathan,1,1,False,0
linkedin.com/in/astrid-ingleby-7246,profile_url,astrid ingleby,Astrid Ingleby,linkedin.com/in/astrid-ingleby-7246,Corbridge Realty,Principal Architect,Dana Whitfield,1,1,False,0
linkedin.com/in/astrid-isenberg-4444,profile_url,astrid isenberg,Astrid Isenberg,linkedin.com/in/astrid-isenberg-4444,Inglenook Bakery,Director of IT,Marcus Aldridge,1,1,False,0
linkedin.com/in/astrid-jarrold-3304,profile_url,astrid jarrold,Astrid Jarrold,linkedin.com/in/astrid-jarrold-3304,Bellchamber Media,Director of IT,Marcus Aldridge,1,1,False,0
linkedin.com/in/astrid-kettleborough-1712,profile_url,astrid kettleborough,Astrid Kettleborough,linkedin.com/in/astrid-kettleborough-1712,Pale Harbour Studio,Staff Engineer,Tomás Beckett,1,1,False,0
linkedin.com/in/astrid-kirkbride-3152,profile_url,astrid kirkbride,Astrid Kirkbride,linkedin.com/in/astrid-kirkbride-3152,Underwood & Vale,Platform Lead,Dana Whitfield,1,1,False,0
linkedin.com/in/astrid-lindqvist-4307,profile_url,astrid lindqvist,Astrid Lindqvist,linkedin.com/in/astrid-lindqvist-4307,Dunmowe Travel,Head of Automation,Dana Whitfield,1,1,False,0
linkedin.com/in/astrid-lomsadze-2057,profile_url,astrid lomsadze,Astrid Lomsadze,linkedin.com/in/astrid-lomsadze-2057,Fairbourne Fitness,Head of Automation,Priya Raghunathan,1,1,False,0
linkedin.com/in/astrid-marchetti-3676,profile_url,astrid marchetti,Astrid Marchetti,linkedin.com/in/astrid-marchetti-3676,Corbridge Realty,Product Director,Tomás Beckett,1,1,False,0
linkedin.com/in/astrid-marchetti-petrossian-2563,profile_url,astrid marchetti petrossian,Astrid Marchetti-Petrossian,linkedin.com/in/astrid-marchetti-petrossian-2563,Ambrose Trading,Staff Engineer,Elena Duvall,1,1,False,0
linkedin.com/in/astrid-merriweather-2833,profile_url,astrid merriweather,Astrid Merriweather,linkedin.com/in/astrid-merriweather-2833,Rooksby Legal,VP Enterprise Architecture,Marcus Aldridge,1,1,False,0
linkedin.com/in/astrid-mkhize-9507,profile_url,astrid mkhize,Astrid Mkhize,linkedin.com/in/astrid-mkhize-9507,Rooksby Legal,Product Director,Priya Raghunathan,1,1,False,0
linkedin.com/in/astrid-mkhize-crowther-4152,profile_url,astrid mkhize crowther,Astrid Mkhize-Crowther,linkedin.com/in/astrid-mkhize-crowther-4152,Whitlock Staffing,Chief Information Officer,Elena Duvall,1,1,False,0
linkedin.com/in/astrid-mkhize-halloran-2655,profile_url,astrid mkhize halloran,Astrid Mkhize-Halloran,linkedin.com/in/astrid-mkhize-halloran-2655,Whitlock Staffing,Product Director,Owen Trask,1,1,False,0
linkedin.com/in/astrid-nakashima-8591,profile_url,astrid nakashima,Astrid Nakashima,linkedin.com/in/astrid-nakashima-8591,Zenner Foods,Head of Developer Productivity,Dana Whitfield,1,1,False,0
linkedin.com/in/astrid-norrington-6366,profile_url,astrid norrington,Astrid Norrington,linkedin.com/in/astrid-norrington-6366,Ondermark Consulting,Staff Engineer,Tomás Beckett,1,1,False,0
linkedin.com/in/astrid-okonkwo-8042,profile_url,astrid okonkwo,Astrid Okonkwo,linkedin.com/in/astrid-okonkwo-8042,Garrowby Books,Engineering Manager,Marcus Aldridge,1,1,False,0
linkedin.com/in/astrid-oldfield-1806,profile_url,astrid oldfield,Astrid Oldfield,linkedin.com/in/astrid-oldfield-1806,Ondermark Consulting,Platform Lead,Dana Whitfield,1,1,False,0
linkedin.com/in/astrid-oyelaran-6988,profile_url,astrid oyelaran,Astrid Oyelaran,linkedin.com/in/astrid-oyelaran-6988,Fairbourne Fitness,VP Enterprise Architecture,Tomás Beckett,1,1,False,0
linkedin.com/in/astrid-petrossian-3462,profile_url,astrid petrossian,Astrid Petrossian,linkedin.com/in/astrid-petrossian-3462,Elmsworth Tutors,Platform Lead,Tomás Beckett,1,1,False,0
linkedin.com/in/astrid-prendergast-8149,profile_url,astrid prendergast,Astrid Prendergast,linkedin.com/in/astrid-prendergast-8149,Yardley Print,Program Manager,Dana Whitfield,1,1,False,0
linkedin.com/in/astrid-prendergast-oyelaran-2474,profile_url,astrid prendergast oyelaran,Astrid Prendergast-Oyelaran,linkedin.com/in/astrid-prendergast-oyelaran-2474,Ondermark Consulting,Head of Innovation,Elena Duvall,1,1,False,0
linkedin.com/in/astrid-quillane-1022,profile_url,astrid quillane,Astrid Quillane,linkedin.com/in/astrid-quillane-1022,Quintrell Advisory,"Senior Manager, Engineering",Dana Whitfield,1,1,False,0
linkedin.com/in/astrid-rushworth-3927,profile_url,astrid rushworth,Astrid Rushworth,linkedin.com/in/astrid-rushworth-3927,Vespermill Analytics,Program Manager,Marcus Aldridge,1,1,False,0
linkedin.com/in/astrid-rushworth-oyelaran-2240,profile_url,astrid rushworth oyelaran,Astrid Rushworth-Oyelaran,linkedin.com/in/astrid-rushworth-oyelaran-2240,Ondermark Consulting,Chief Data Officer,Tomás Beckett,1,1,False,0
linkedin.com/in/astrid-salcedo-5602,profile_url,astrid salcedo,Astrid Salcedo,linkedin.com/in/astrid-salcedo-5602,Apex Logistics Group,VP Data & Analytics,Marcus Aldridge,1,1,False,0
linkedin.com/in/astrid-sandoval-4487,profile_url,astrid sandoval,Astrid Sandoval,linkedin.com/in/astrid-sandoval-4487,Highmoor Cycles,"Senior Manager, Engineering",Marcus Aldridge,1,1,False,0
linkedin.com/in/astrid-thackeray-7648,profile_url,astrid thackeray,Astrid Thackeray,linkedin.com/in/astrid-thackeray-7648,Pale Harbour Studio,SVP Digital,Marcus Aldridge,1,1,False,0
linkedin.com/in/astrid-thackeray-gluckstein-8296,profile_url,astrid thackeray gluckstein,Astrid Thackeray-Glückstein,linkedin.com/in/astrid-thackeray-gluckstein-8296,Yardley Print,Staff Engineer,Elena Duvall,1,1,False,0
linkedin.com/in/astrid-underhill-8643,profile_url,astrid underhill,Astrid Underhill,linkedin.com/in/astrid-underhill-8643,Whitlock Staffing,Director of IT,Marcus Aldridge,1,1,False,0
linkedin.com/in/astrid-vandermolen-3384,profile_url,astrid vandermolen,Astrid Vandermolen,linkedin.com/in/astrid-vandermolen-3384,Vespermill Analytics,Program Manager,Marcus Aldridge,1,1,False,0
linkedin.com/in/astrid-vasquez-7674,profile_url,astrid vasquez,Astrid Vasquez,linkedin.com/in/astrid-vasquez-7674,Fairbourne Fitness,Product Director,Marcus Aldridge,1,1,False,0
linkedin.com/in/astrid-wexford-4435,profile_url,astrid wexford,Astrid Wexford,linkedin.com/in/astrid-wexford-4435,Bellchamber Media,Product Director,Tomás Beckett,1,1,False,0
linkedin.com/in/astrid-wolstenholme-5028,profile_url,astrid wolstenholme,Astrid Wolstenholme,linkedin.com/in/astrid-wolstenholme-5028,Zenner Foods,Staff Engineer,Marcus Aldridge,1,1,False,0
linkedin.com/in/astrid-yarrow-6505,profile_url,astrid yarrow,Astrid Yarrow,linkedin.com/in/astrid-yarrow-6505,Inglenook Bakery,Chief Information Officer,Marcus Aldridge,1,1,False,0
linkedin.com/in/astrid-yarrow-petrossian-6016,profile_url,astrid yarrow petrossian,Astrid Yarrow-Petrossian,linkedin.com/in/astrid-yarrow-petrossian-6016,Bellchamber Media,Engineering Manager,Tomás Beckett,1,1,False,0
linkedin.com/in/astrid-zettergren-9756,profile_url,astrid zettergren,Astrid Zettergren,linkedin.com/in/astrid-zettergren-9756,Garrowby Books,Chief Information Officer,Tomás Beckett,1,1,False,0
linkedin.com/in/astrid-zettergren-kirkbride-3774,profile_url,astrid zettergren kirkbride,Astrid Zettergren-Kirkbride,linkedin.com/in/astrid-zettergren-kirkbride-3774,Inglenook Bakery,Head of Innovation,Owen Trask,1,1,False,0
linkedin.com/in/astrid-zubkov-8150,profile_url,astrid zubkov,Astrid Zubkov,linkedin.com/in/astrid-zubkov-8150,Vespermill Analytics,Platform Lead,Marcus Aldridge,1,1,False,0
linkedin.com/in/bertrand-achterberg-4357,profile_url,bertrand achterberg,Bertrand Achterberg,linkedin.com/in/bertrand-achterberg-4357,Rooksby Legal,"Senior Manager, Engineering",Priya Raghunathan,1,1,False,0
linkedin.com/in/bertrand-ashdown-6014,profile_url,bertrand ashdown,Bertrand Ashdown,linkedin.com/in/bertrand-ashdown-6014,Vespermill Analytics,Engineering Manager,Dana Whitfield,1,1,False,0
linkedin.com/in/bertrand-balogun-9792,profile_url,bertrand balogun,Bertrand Balogun,linkedin.com/in/bertrand-balogun-9792,Tannerly Design,Head of Automation,Tomás Beckett,1,1,False,0
linkedin.com/in/bertrand-bellinger-3876,profile_url,bertrand bellinger,Bertrand Bellinger,linkedin.com/in/bertrand-bellinger-3876,Dunmowe Travel,Head of Automation,Tomás Beckett,1,1,False,0
linkedin.com/in/bertrand-brenneman-4533,profile_url,bertrand brenneman,Bertrand Brenneman,linkedin.com/in/bertrand-brenneman-4533,Ondermark Consulting,VP Data & Analytics,Marcus Aldridge,1,1,False,0
linkedin.com/in/bertrand-cardoso-4637,profile_url,bertrand cardoso,Bertrand Cardoso,linkedin.com/in/bertrand-cardoso-4637,Yarrowdale Media,Director of IT,Priya Raghunathan; Tomás Beckett,2,1,False,0
linkedin.com/in/bertrand-cardoso-mkhize-8922,profile_url,bertrand cardoso mkhize,Bertrand Cardoso-Mkhize,linkedin.com/in/bertrand-cardoso-mkhize-8922,Elmsworth Tutors,VP Engineering,Tomás Beckett,1,1,False,0
linkedin.com/in/bertrand-cathcart-7644,profile_url,bertrand cathcart,Bertrand Cathcart,linkedin.com/in/bertrand-cathcart-7644,Bellchamber Media,Chief Operating Officer,Priya Raghunathan,1,1,False,0
linkedin.com/in/bertrand-crowther-9362,profile_url,bertrand crowther,Bertrand Crowther,linkedin.com/in/bertrand-crowther-9362,Inglenook Bakery,Principal Architect,Priya Raghunathan,1,1,False,0
linkedin.com/in/bertrand-crowther-kettleborough-3810,profile_url,bertrand crowther kettleborough,Bertrand Crowther-Kettleborough,linkedin.com/in/bertrand-crowther-kettleborough-3810,Whitlock Staffing,Product Director,Owen Trask,1,1,False,0
name:bertrand dellinger,name_only,bertrand dellinger,Bertrand Dellinger,,Corbridge Realty,Product Director,Dana Whitfield,1,1,False,1
linkedin.com/in/bertrand-dellinger-dobrescu-3857,profile_url,bertrand dellinger dobrescu,Bertrand Dellinger-Dobrescu,linkedin.com/in/bertrand-dellinger-dobrescu-3857,Whitlock Staffing,VP Enterprise Architecture,Tomás Beckett,1,1,False,0
linkedin.com/in/bertrand-dobrescu-2322,profile_url,bertrand dobrescu,Bertrand Dobrescu,linkedin.com/in/bertrand-dobrescu-2322,Corbridge Realty,VP Enterprise Architecture,Dana Whitfield,1,1,False,0
name:bertrand drummond,name_only,bertrand drummond,Bertrand Drummond,,Yardley Print,Engineering Manager,Dana Whitfield,1,1,False,1
linkedin.com/in/bertrand-eastcott-9438,profile_url,bertrand eastcott,Bertrand Eastcott,linkedin.com/in/bertrand-eastcott-9438,Quintrell Advisory,Principal Architect,Marcus Aldridge,1,1,False,0
linkedin.com/in/bertrand-egerton-1256,profile_url,bertrand egerton,Bertrand Egerton,linkedin.com/in/bertrand-egerton-1256,Yardley Print,Engineering Manager,Tomás Beckett,1,1,False,0
linkedin.com/in/bertrand-fairweather-5951,profile_url,bertrand fairweather,Bertrand Fairweather,linkedin.com/in/bertrand-fairweather-5951,Vespermill Analytics,Staff Engineer,Dana Whitfield,1,1,False,0
linkedin.com/in/bertrand-fairweather-zubkov-4100,profile_url,bertrand fairweather zubkov,Bertrand Fairweather-Zubkov,linkedin.com/in/bertrand-fairweather-zubkov-4100,Highmoor Cycles,Chief Digital Officer,Elena Duvall,1,1,False,0
linkedin.com/in/bertrand-falkenrath-7708,profile_url,bertrand falkenrath,Bertrand Falkenrath,linkedin.com/in/bertrand-falkenrath-7708,Garrowby Books,Head of Developer Productivity,Dana Whitfield,1,1,False,0
linkedin.com/in/bertrand-ferreira-7170,profile_url,bertrand ferreira,Bertrand Ferreira,linkedin.com/in/bertrand-ferreira-7170,Vespermill Analytics,Engineering Manager,Dana Whitfield,1,1,False,0
linkedin.com/in/bertrand-ferreira-okonkwo-9265,profile_url,bertrand ferreira okonkwo,Bertrand Ferreira-Okonkwo,linkedin.com/in/bertrand-ferreira-okonkwo-9265,Xanthe Labs,Program Manager,Elena Duvall,1,1,False,0
linkedin.com/in/bertrand-fontaine-5664,profile_url,bertrand fontaine,Bertrand Fontaine,linkedin.com/in/bertrand-fontaine-5664,Bellchamber Media,Head of Innovation,Marcus Aldridge,1,1,False,0
linkedin.com/in/bertrand-gluckstein-9482,profile_url,bertrand gluckstein,Bertrand Glückstein,linkedin.com/in/bertrand-gluckstein-9482,Cindermill Mining,Chief Data Officer,Elena Duvall; Owen Trask,2,1,False,0
linkedin.com/in/bertrand-gluckstein-marchetti-4925,profile_url,bertrand gluckstein marchetti,Bertrand Glückstein-Marchetti,linkedin.com/in/bertrand-gluckstein-marchetti-4925,Inglenook Bakery,Chief Data Officer,Elena Duvall,1,1,False,0
linkedin.com/in/bertrand-grimsby-9922,profile_url,bertrand grimsby,Bertrand Grimsby,linkedin.com/in/bertrand-grimsby-9922,Inglenook Bakery,Director of IT,Dana Whitfield,1,1,False,0
linkedin.com/in/bertrand-grimsby-halloran-1616,profile_url,bertrand grimsby halloran,Bertrand Grimsby-Halloran,linkedin.com/in/bertrand-grimsby-halloran-1616,Tannerly Design,Director of IT,Owen Trask,1,1,False,0
linkedin.com/in/bertrand-halloran-8413,profile_url,bertrand halloran,Bertrand Halloran,linkedin.com/in/bertrand-halloran-8413,Fairbourne Fitness,"Senior Manager, Engineering",Marcus Aldridge,1,1,False,0
linkedin.com/in/bertrand-hartigan-2526,profile_url,bertrand hartigan,Bertrand Hartigan,linkedin.com/in/bertrand-hartigan-2526,Quintrell Advisory,Head of Innovation,Marcus Aldridge,1,1,False,0
linkedin.com/in/bertrand-havercamp-7812,profile_url,bertrand havercamp,Bertrand Havercamp,linkedin.com/in/bertrand-havercamp-7812,Dunmowe Travel,Chief Data Officer,Marcus Aldridge,1,1,False,0
linkedin.com/in/bertrand-hojgaard-7319,profile_url,bertrand hojgaard,Bertrand Højgaard,linkedin.com/in/bertrand-hojgaard-7319,Vespermill Analytics,Program Manager,Marcus Aldridge,1,1,False,0
linkedin.com/in/bertrand-ibarra-6793,profile_url,bertrand ibarra,Bertrand Ibarra,linkedin.com/in/bertrand-ibarra-6793,Underwood & Vale,Director of Software Engineering,Dana Whitfield,1,1,False,0
linkedin.com/in/bertrand-ibarra-prendergast-5795,profile_url,bertrand ibarra prendergast,Bertrand Ibarra-Prendergast,linkedin.com/in/bertrand-ibarra-prendergast-5795,Vespermill Analytics,Program Manager,Elena Duvall,1,1,False,0
linkedin.com/in/bertrand-ibarra-wexford-5159,profile_url,bertrand ibarra wexford,Bertrand Ibarra-Wexford,linkedin.com/in/bertrand-ibarra-wexford-5159,Corbridge Realty,Principal Architect,Owen Trask,1,1,False,0
linkedin.com/in/bertrand-ingleby-9760,profile_url,bertrand ingleby,Bertrand Ingleby,linkedin.com/in/bertrand-ingleby-9760,Yardley Print,Engineering Manager,Marcus Aldridge,1,1,False,0
linkedin.com/in/bertrand-isenberg-4265,profile_url,bertrand isenberg,Bertrand Isenberg,linkedin.com/in/bertrand-isenberg-4265,Zenner Foods,"Senior Manager, Engineering",Priya Raghunathan,1,1,False,0
linkedin.com/in/bertrand-jarrold-8915,profile_url,bertrand jarrold,Bertrand Jarrold,linkedin.com/in/bertrand-jarrold-8915,Xanthe Labs,"Senior Manager, Engineering",Marcus Aldridge,1,1,False,0
name:bertrand jarrold grimsby,name_only,bertrand jarrold grimsby,Bertrand Jarrold-Grimsby,,Underwood & Vale,Head of Automation,Owen Trask,1,1,False,1
linkedin.com/in/bertrand-jarrold-quillane-6630,profile_url,bertrand jarrold quillane,Bertrand Jarrold-Quillane,linkedin.com/in/bertrand-jarrold-quillane-6630,Tannerly Design,VP Engineering,Elena Duvall,1,1,False,0
linkedin.com/in/bertrand-kettleborough-9164,profile_url,bertrand kettleborough,Bertrand Kettleborough,linkedin.com/in/bertrand-kettleborough-9164,Xanthe Labs,Head of Developer Productivity,Marcus Aldridge,1,1,False,0
linkedin.com/in/bertrand-kirkbride-1292,profile_url,bertrand kirkbride,Bertrand Kirkbride,linkedin.com/in/bertrand-kirkbride-1292,Fairbourne Fitness,Head of Automation,Priya Raghunathan,1,1,False,0
linkedin.com/in/bertrand-lindqvist-7994,profile_url,bertrand lindqvist,Bertrand Lindqvist,linkedin.com/in/bertrand-lindqvist-7994,Bellchamber Media,Chief Digital Officer,Tomás Beckett,1,1,False,0
linkedin.com/in/bertrand-lomsadze-5713,profile_url,bertrand lomsadze,Bertrand Lomsadze,linkedin.com/in/bertrand-lomsadze-5713,Strathmore Rail,Chief Digital Officer,Elena Duvall; Tomás Beckett,2,1,False,0
linkedin.com/in/bertrand-lomsadze-cardoso-9965,profile_url,bertrand lomsadze cardoso,Bertrand Lomsadze-Cardoso,linkedin.com/in/bertrand-lomsadze-cardoso-9965,Corbridge Realty,Platform Lead,Tomás Beckett,1,1,False,0
name:bertrand lomsadze rushworth,name_only,bertrand lomsadze rushworth,Bertrand Lomsadze-Rushworth,,Pale Harbour Studio,Head of Automation,Owen Trask,1,1,False,1
linkedin.com/in/bertrand-lomsadze-vandermolen-8961,profile_url,bertrand lomsadze vandermolen,Bertrand Lomsadze-Vandermolen,linkedin.com/in/bertrand-lomsadze-vandermolen-8961,Bellchamber Media,Head of Innovation,Tomás Beckett,1,1,False,0
linkedin.com/in/bertrand-marchetti-6887,profile_url,bertrand marchetti,Bertrand Marchetti,linkedin.com/in/bertrand-marchetti-6887,Xanthe Labs,Platform Lead,Priya Raghunathan,1,1,False,0
linkedin.com/in/bertrand-merriweather-2202,profile_url,bertrand merriweather,Bertrand Merriweather,linkedin.com/in/bertrand-merriweather-2202,Corbridge Realty,Head of Developer Productivity,Priya Raghunathan,1,1,False,0
linkedin.com/in/bertrand-merriweather-ibarra-8474,profile_url,bertrand merriweather ibarra,Bertrand Merriweather-Ibarra,linkedin.com/in/bertrand-merriweather-ibarra-8474,Zenner Foods,Staff Engineer,Tomás Beckett,1,1,False,0
linkedin.com/in/bertrand-merriweather-rushworth-9526,profile_url,bertrand merriweather rushworth,Bertrand Merriweather-Rushworth,linkedin.com/in/bertrand-merriweather-rushworth-9526,Dunmowe Travel,Head of Automation,Owen Trask,1,1,False,0
linkedin.com/in/bertrand-mkhize-3816,profile_url,bertrand mkhize,Bertrand Mkhize,linkedin.com/in/bertrand-mkhize-3816,Zenner Foods,"Senior Manager, Engineering",Dana Whitfield,1,1,False,0
linkedin.com/in/bertrand-mkhize-lomsadze-2177,profile_url,bertrand mkhize lomsadze,Bertrand Mkhize-Lomsadze,linkedin.com/in/bertrand-mkhize-lomsadze-2177,Bellchamber Media,"Senior Manager, Engineering",Tomás Beckett,1,1,False,0
linkedin.com/in/bertrand-nakashima-9970,profile_url,bertrand nakashima,Bertrand Nakashima,linkedin.com/in/bertrand-nakashima-9970,Rooksby Legal,Chief Operating Officer,Marcus Aldridge,1,1,False,0
linkedin.com/in/bertrand-norrington-8409,profile_url,bertrand norrington,Bertrand Norrington,linkedin.com/in/bertrand-norrington-8409,Ondermark Consulting,Engineering Manager,Marcus Aldridge,1,1,False,0
linkedin.com/in/bertrand-norrington-fontaine-6819,profile_url,bertrand norrington fontaine,Bertrand Norrington-Fontaine,linkedin.com/in/bertrand-norrington-fontaine-6819,Rooksby Legal,SVP Digital,Elena Duvall,1,1,False,0
linkedin.com/in/bertrand-okonkwo-7488,profile_url,bertrand okonkwo,Bertrand Okonkwo,linkedin.com/in/bertrand-okonkwo-7488,Pale Harbour Studio,Staff Engineer,Dana Whitfield,1,1,False,0
linkedin.com/in/bertrand-okonkwo-egerton-9819,profile_url,bertrand okonkwo egerton,Bertrand Okonkwo-Egerton,linkedin.com/in/bertrand-okonkwo-egerton-9819,Inglenook Bakery,Program Manager,Owen Trask,1,1,False,0
name:bertrand oldfield,name_only,bertrand oldfield,Bertrand Oldfield,,Inglenook Bakery,Principal Architect,Priya Raghunathan,1,1,False,1
linkedin.com/in/bertrand-oyelaran-9588,profile_url,bertrand oyelaran,Bertrand Oyelaran,linkedin.com/in/bertrand-oyelaran-9588,Dunmowe Travel,Director of IT,Dana Whitfield,1,1,False,0
linkedin.com/in/bertrand-petrossian-2760,profile_url,bertrand petrossian,Bertrand Petrossian,linkedin.com/in/bertrand-petrossian-2760,Corbridge Realty,Product Director,Marcus Aldridge,1,1,False,0
linkedin.com/in/bertrand-petrossian-norrington-6997,profile_url,bertrand petrossian norrington,Bertrand Petrossian-Norrington,linkedin.com/in/bertrand-petrossian-norrington-6997,Garrowby Books,Director of IT,Owen Trask,1,1,False,0
linkedin.com/in/bertrand-prendergast-7775,profile_url,bertrand prendergast,Bertrand Prendergast,linkedin.com/in/bertrand-prendergast-7775,Tannerly Design,Director of IT,Marcus Aldridge,1,1,False,0
linkedin.com/in/bertrand-prendergast-zubkov-1007,profile_url,bertrand prendergast zubkov,Bertrand Prendergast-Zubkov,linkedin.com/in/bertrand-prendergast-zubkov-1007,Dunmowe Travel,Head of Automation,Tomás Beckett,1,1,False,0
linkedin.com/in/bertrand-quillane-9490,profile_url,bertrand quillane,Bertrand Quillane,linkedin.com/in/bertrand-quillane-9490,Tannerly Design,Engineering Manager,Priya Raghunathan,1,1,False,0
linkedin.com/in/bertrand-rushworth-6553,profile_url,bertrand rushworth,Bertrand Rushworth,linkedin.com/in/bertrand-rushworth-6553,Xanthe Labs,Head of Innovation,Marcus Aldridge,1,1,False,0
linkedin.com/in/bertrand-rushworth-lomsadze-7560,profile_url,bertrand rushworth lomsadze,Bertrand Rushworth-Lomsadze,linkedin.com/in/bertrand-rushworth-lomsadze-7560,Ambrose Trading,Head of Automation,Elena Duvall,1,1,False,0
linkedin.com/in/bertrand-salcedo-5372,profile_url,bertrand salcedo,Bertrand Salcedo,linkedin.com/in/bertrand-salcedo-5372,Inglenook Bakery,Platform Lead,Dana Whitfield,1,1,False,0
linkedin.com/in/bertrand-sandoval-1903,profile_url,bertrand sandoval,Bertrand Sandoval,linkedin.com/in/bertrand-sandoval-1903,Rooksby Legal,Head of Platform Engineering,Tomás Beckett,1,1,False,0
linkedin.com/in/bertrand-thackeray-9464,profile_url,bertrand thackeray,Bertrand Thackeray,linkedin.com/in/bertrand-thackeray-9464,Tannerly Design,VP Engineering,Tomás Beckett,1,1,False,0
linkedin.com/in/bertrand-thackeray-nakashima-4929,profile_url,bertrand thackeray nakashima,Bertrand Thackeray-Nakashima,linkedin.com/in/bertrand-thackeray-nakashima-4929,Quintrell Advisory,Head of Innovation,Elena Duvall,1,1,False,0
linkedin.com/in/bertrand-underhill-2676,profile_url,bertrand underhill,Bertrand Underhill,linkedin.com/in/bertrand-underhill-2676,Garrowby Books,Chief Data Officer,Marcus Aldridge,1,1,False,0
linkedin.com/in/bertrand-underhill-vasquez-7728,profile_url,bertrand underhill vasquez,Bertrand Underhill-Vasquez,linkedin.com/in/bertrand-underhill-vasquez-7728,Underwood & Vale,Principal Architect,Elena Duvall,1,1,False,0
linkedin.com/in/bertrand-vasquez-6084,profile_url,bertrand vasquez,Bertrand Vasquez,linkedin.com/in/bertrand-vasquez-6084,Underwood & Vale,Product Director,Priya Raghunathan,1,1,False,0
linkedin.com/in/bertrand-wexford-9363,profile_url,bertrand wexford,Bertrand Wexford,linkedin.com/in/bertrand-wexford-9363,Tannerly Design,Platform Lead,Tomás Beckett,1,1,False,0
linkedin.com/in/bertrand-wexford-sandoval-1903,profile_url,bertrand wexford sandoval,Bertrand Wexford-Sandoval,linkedin.com/in/bertrand-wexford-sandoval-1903,Fairbourne Fitness,Head of Automation,Owen Trask,1,1,False,0
linkedin.com/in/bertrand-wolstenholme-2005,profile_url,bertrand wolstenholme,Bertrand Wolstenholme,linkedin.com/in/bertrand-wolstenholme-2005,Zenner Foods,Chief Technology Officer,Marcus Aldridge,1,1,False,0
linkedin.com/in/bertrand-yarrow-5911,profile_url,bertrand yarrow,Bertrand Yarrow,linkedin.com/in/bertrand-yarrow-5911,Xanthe Labs,VP Data & Analytics,Marcus Aldridge,1,1,False,0
linkedin.com/in/bertrand-zettergren-5394,profile_url,bertrand zettergren,Bertrand Zettergren,linkedin.com/in/bertrand-zettergren-5394,Elmsworth Tutors,Staff Engineer,Marcus Aldridge,1,1,False,0
linkedin.com/in/bertrand-zettergren-norrington-9118,profile_url,bertrand zettergren norrington,Bertrand Zettergren-Norrington,linkedin.com/in/bertrand-zettergren-norrington-9118,Bellchamber Media,Director of Software Engineering,Owen Trask,1,1,False,0
name:bertrand zubkov,name_only,bertrand zubkov,Bertrand Zubkov,,Dunmowe Travel,Head of Automation,Marcus Aldridge,1,1,False,1
linkedin.com/in/bo-achterberg-4401,profile_url,bo achterberg,Bo Achterberg,linkedin.com/in/bo-achterberg-4401,Corbridge Realty,Head of Innovation,Marcus Aldridge,1,1,False,0
linkedin.com/in/bo-achterberg-brenneman-5495,profile_url,bo achterberg brenneman,Bo Achterberg-Brenneman,linkedin.com/in/bo-achterberg-brenneman-5495,Elmsworth Tutors,Platform Lead,Elena Duvall,1,1,False,0
linkedin.com/in/bo-achterberg-halloran-9580,profile_url,bo achterberg halloran,Bo Achterberg-Halloran,linkedin.com/in/bo-achterberg-halloran-9580,Rooksby Legal,Head of Automation,Owen Trask,1,1,False,0
linkedin.com/in/bo-ashdown-9697,profile_url,bo ashdown,Bo Ashdown,linkedin.com/in/bo-ashdown-9697,Tannerly Design,"Senior Manager, Engineering",Dana Whitfield,1,1,False,0
linkedin.com/in/bo-ashdown-drummond-5332,profile_url,bo ashdown drummond,Bo Ashdown-Drummond,linkedin.com/in/bo-ashdown-drummond-5332,Fairbourne Fitness,VP Data & Analytics,Tomás Beckett,1,1,False,0
linkedin.com/in/bo-balogun-3235,profile_url,bo balogun,Bo Balogun,linkedin.com/in/bo-balogun-3235,Vespermill Analytics,Chief Technology Officer,Priya Raghunathan,1,1,False,0
linkedin.com/in/bo-bellinger-6109,profile_url,bo bellinger,Bo Bellinger,linkedin.com/in/bo-bellinger-6109,Fairbourne Fitness,Platform Lead,Marcus Aldridge,1,1,False,0
linkedin.com/in/bo-bellinger-ferreira-5823,profile_url,bo bellinger ferreira,Bo Bellinger-Ferreira,linkedin.com/in/bo-bellinger-ferreira-5823,Pale Harbour Studio,Director of Software Engineering,Owen Trask,1,1,False,0
linkedin.com/in/bo-brenneman-7463,profile_url,bo brenneman,Bo Brenneman,linkedin.com/in/bo-brenneman-7463,Zenner Foods,Platform Lead,Priya Raghunathan,1,1,False,0
linkedin.com/in/bo-cardoso-1327,profile_url,bo cardoso,Bo Cardoso,linkedin.com/in/bo-cardoso-1327,Inglenook Bakery,VP Enterprise Architecture,Dana Whitfield,1,1,False,0
linkedin.com/in/bo-cathcart-4085,profile_url,bo cathcart,Bo Cathcart,linkedin.com/in/bo-cathcart-4085,Tannerly Design,VP Enterprise Architecture,Tomás Beckett,1,1,False,0
linkedin.com/in/bo-crowther-1266,profile_url,bo crowther,Bo Crowther,linkedin.com/in/bo-crowther-1266,Tannerly Design,Chief Information Officer,Marcus Aldridge,1,1,False,0
linkedin.com/in/bo-dellinger-6940,profile_url,bo dellinger,Bo Dellinger,linkedin.com/in/bo-dellinger-6940,Bellchamber Media,"Senior Manager, Engineering",Priya Raghunathan,1,1,False,0
linkedin.com/in/bo-dellinger-vasquez-2105,profile_url,bo dellinger vasquez,Bo Dellinger-Vasquez,linkedin.com/in/bo-dellinger-vasquez-2105,Bellchamber Media,Platform Lead,Elena Duvall,1,1,False,0
linkedin.com/in/bo-dobrescu-5006,profile_url,bo dobrescu,Bo Dobrescu,linkedin.com/in/bo-dobrescu-5006,Vespermill Analytics,Head of Innovation,Tomás Beckett,1,1,False,0
linkedin.com/in/bo-dobrescu-lindqvist-7480,profile_url,bo dobrescu lindqvist,Bo Dobrescu-Lindqvist,linkedin.com/in/bo-dobrescu-lindqvist-7480,Fairbourne Fitness,Head of Innovation,Elena Duvall,1,1,False,0
linkedin.com/in/bo-drummond-5560,profile_url,bo drummond,Bo Drummond,linkedin.com/in/bo-drummond-5560,Highmoor Cycles,Engineering Manager,Dana Whitfield,1,1,False,0
linkedin.com/in/bo-eastcott-8660,profile_url,bo eastcott,Bo Eastcott,linkedin.com/in/bo-eastcott-8660,Rooksby Legal,Program Manager,Marcus Aldridge,1,1,False,0
linkedin.com/in/bo-egerton-8240,profile_url,bo egerton,Bo Egerton,linkedin.com/in/bo-egerton-8240,Vespermill Analytics,Director of IT,Marcus Aldridge,1,1,False,0
linkedin.com/in/bo-fairweather-2856,profile_url,bo fairweather,Bo Fairweather,linkedin.com/in/bo-fairweather-2856,Garrowby Books,Platform Lead,Marcus Aldridge,1,1,False,0
linkedin.com/in/bo-falkenrath-1284,profile_url,bo falkenrath,Bo Falkenrath,linkedin.com/in/bo-falkenrath-1284,Corbridge Realty,Head of Innovation,Dana Whitfield,1,1,False,0
linkedin.com/in/bo-falkenrath-wolstenholme-6373,profile_url,bo falkenrath wolstenholme,Bo Falkenrath-Wolstenholme,linkedin.com/in/bo-falkenrath-wolstenholme-6373,Pale Harbour Studio,Program Manager,Tomás Beckett,1,1,False,0
linkedin.com/in/bo-ferreira-6378,profile_url,bo ferreira,Bo Ferreira,linkedin.com/in/bo-ferreira-6378,Elmsworth Tutors,Staff Engineer,Dana Whitfield,1,1,False,0
linkedin.com/in/bo-ferreira-ingleby-7409,profile_url,bo ferreira ingleby,Bo Ferreira-Ingleby,linkedin.com/in/bo-ferreira-ingleby-7409,Fairbourne Fitness,Director of IT,Elena Duvall,1,1,False,0
name:bo fontaine,name_only,bo fontaine,Bo Fontaine,,Ambrose Trading,"Senior Manager, Engineering",Dana Whitfield,1,1,False,1
linkedin.com/in/bo-gluckstein-4311,profile_url,bo gluckstein,Bo Glückstein,linkedin.com/in/bo-gluckstein-4311,Dunmowe Travel,Head of Automation,Tomás Beckett,1,1,False,0
linkedin.com/in/bo-gluckstein-norrington-9984,profile_url,bo gluckstein norrington,Bo Glückstein-Norrington,linkedin.com/in/bo-gluckstein-norrington-9984,Xanthe Labs,VP Data & Analytics,Tomás Beckett,1,1,False,0
linkedin.com/in/bo-grimsby-3294,profile_url,bo grimsby,Bo Grimsby,linkedin.com/in/bo-grimsby-3294,Rooksby Legal,Chief Information Officer,Priya Raghunathan,1,1,False,0
linkedin.com/in/bo-grimsby-nakashima-7713,profile_url,bo grimsby nakashima,Bo Grimsby-Nakashima,linkedin.com/in/bo-grimsby-nakashima-7713,Fairbourne Fitness,Product Director,Elena Duvall,1,1,False,0
linkedin.com/in/bo-grimsby-quillane-1987,profile_url,bo grimsby quillane,Bo Grimsby-Quillane,linkedin.com/in/bo-grimsby-quillane-1987,Pale Harbour Studio,Engineering Manager,Owen Trask,1,1,False,0
linkedin.com/in/bo-grimsby-thackeray-1113,profile_url,bo grimsby thackeray,Bo Grimsby-Thackeray,linkedin.com/in/bo-grimsby-thackeray-1113,Vespermill Analytics,"Senior Manager, Engineering",Elena Duvall,1,1,False,0
linkedin.com/in/bo-halloran-9171,profile_url,bo halloran,Bo Halloran,linkedin.com/in/bo-halloran-9171,Bellchamber Media,Head of Innovation,Marcus Aldridge,1,1,False,0
linkedin.com/in/bo-hartigan-7752,profile_url,bo hartigan,Bo Hartigan,linkedin.com/in/bo-hartigan-7752,Fairbourne Fitness,"Senior Manager, Engineering",Tomás Beckett,1,1,False,0
linkedin.com/in/bo-havercamp-3729,profile_url,bo havercamp,Bo Havercamp,linkedin.com/in/bo-havercamp-3729,Inglenook Bakery,Chief Technology Officer,Marcus Aldridge,1,1,False,0
linkedin.com/in/bo-hojgaard-3734,profile_url,bo hojgaard,Bo Højgaard,linkedin.com/in/bo-hojgaard-3734,Yardley Print,VP Engineering,Marcus Aldridge,1,1,False,0
linkedin.com/in/bo-ibarra-5559,profile_url,bo ibarra,Bo Ibarra,linkedin.com/in/bo-ibarra-5559,Tannerly Design,Chief Technology Officer,Tomás Beckett,1,1,False,0
linkedin.com/in/bo-ingleby-6430,profile_url,bo ingleby,Bo Ingleby,linkedin.com/in/bo-ingleby-6430,Bellchamber Media,Principal Architect,Dana Whitfield,1,1,False,0
linkedin.com/in/bo-isenberg-9825,profile_url,bo isenberg,Bo Isenberg,linkedin.com/in/bo-isenberg-9825,Xanthe Labs,Engineering Manager,Marcus Aldridge,1,1,False,0
linkedin.com/in/bo-isenberg-egerton-8355,profile_url,bo isenberg egerton,Bo Isenberg-Egerton,linkedin.com/in/bo-isenberg-egerton-8355,Rooksby Legal,Chief Technology Officer,Owen Trask,1,1,False,0
linkedin.com/in/bo-isenberg-ingleby-7171,profile_url,bo isenberg ingleby,Bo Isenberg-Ingleby,linkedin.com/in/bo-isenberg-ingleby-7171,Rooksby Legal,"Senior Manager, Engineering",Tomás Beckett,1,1,False,0
linkedin.com/in/bo-jarrold-1794,profile_url,bo jarrold,Bo Jarrold,linkedin.com/in/bo-jarrold-1794,Tannerly Design,Head of Automation,Marcus Aldridge,1,1,False,0
name:bo kettleborough,name_only,bo kettleborough,Bo Kettleborough,,Rooksby Legal,"Senior Manager, Engineering",Dana Whitfield,1,1,False,1
linkedin.com/in/bo-kirkbride-4585,profile_url,bo kirkbride,Bo Kirkbride,linkedin.com/in/bo-kirkbride-4585,Fairbourne Fitness,Platform Lead,Marcus Aldridge,1,1,False,0
linkedin.com/in/bo-lindqvist-8673,profile_url,bo lindqvist,Bo Lindqvist,linkedin.com/in/bo-lindqvist-8673,Bellchamber Media,Engineering Manager,Priya Raghunathan,1,1,False,0
linkedin.com/in/bo-lomsadze-6290,profile_url,bo lomsadze,Bo Lomsadze,linkedin.com/in/bo-lomsadze-6290,Underwood & Vale,Chief Technology Officer,Dana Whitfield,1,1,False,0
linkedin.com/in/bo-marchetti-4825,profile_url,bo marchetti,Bo Marchetti,linkedin.com/in/bo-marchetti-4825,Cindermill Mining,Platform Lead,Marcus Aldridge; Tomás Beckett,2,1,False,0
linkedin.com/in/bo-merriweather-2315,profile_url,bo merriweather,Bo Merriweather,linkedin.com/in/bo-merriweather-2315,Zenner Foods,Chief Information Officer,Dana Whitfield,1,1,False,0
linkedin.com/in/bo-mkhize-9474,profile_url,bo mkhize,Bo Mkhize,linkedin.com/in/bo-mkhize-9474,Whitlock Staffing,Product Director,Tomás Beckett,1,1,False,0
linkedin.com/in/bo-nakashima-3714,profile_url,bo nakashima,Bo Nakashima,linkedin.com/in/bo-nakashima-3714,Highmoor Cycles,Head of Innovation,Tomás Beckett,1,1,False,0
linkedin.com/in/bo-norrington-1145,profile_url,bo norrington,Bo Norrington,linkedin.com/in/bo-norrington-1145,Inglenook Bakery,Engineering Manager,Marcus Aldridge,1,1,False,0
linkedin.com/in/bo-norrington-oyelaran-4203,profile_url,bo norrington oyelaran,Bo Norrington-Oyelaran,linkedin.com/in/bo-norrington-oyelaran-4203,Quintrell Advisory,Product Director,Owen Trask,1,1,False,0
linkedin.com/in/bo-okonkwo-4697,profile_url,bo okonkwo,Bo Okonkwo,linkedin.com/in/bo-okonkwo-4697,Ondermark Consulting,Product Director,Marcus Aldridge,1,1,False,0
linkedin.com/in/bo-okonkwo-gluckstein-5806,profile_url,bo okonkwo gluckstein,Bo Okonkwo-Glückstein,linkedin.com/in/bo-okonkwo-gluckstein-5806,Tannerly Design,Principal Architect,Tomás Beckett,1,1,False,0
linkedin.com/in/bo-oldfield-6625,profile_url,bo oldfield,Bo Oldfield,linkedin.com/in/bo-oldfield-6625,Vespermill Analytics,Staff Engineer,Marcus Aldridge,1,1,False,0
linkedin.com/in/bo-oyelaran-2958,profile_url,bo oyelaran,Bo Oyelaran,linkedin.com/in/bo-oyelaran-2958,Inglenook Bakery,Head of Innovation,Marcus Aldridge,1,1,False,0
name:bo petrossian,name_only,bo petrossian,Bo Petrossian,,Rooksby Legal,Director of IT,Dana Whitfield,1,1,False,1
linkedin.com/in/bo-prendergast-8002,profile_url,bo prendergast,Bo Prendergast,linkedin.com/in/bo-prendergast-8002,Dunmowe Travel,Chief Data Officer,Marcus Aldridge,1,1,False,0
linkedin.com/in/bo-quillane-3924,profile_url,bo quillane,Bo Quillane,linkedin.com/in/bo-quillane-3924,Elmsworth Tutors,VP Enterprise Architecture,Tomás Beckett,1,1,False,0
name:bo rushworth,name_only,bo rushworth,Bo Rushworth,,Garrowby Books,"Senior Manager, Engineering",Marcus Aldridge,1,1,False,1
linkedin.com/in/bo-rushworth-gluckstein-4347,profile_url,bo rushworth gluckstein,Bo Rushworth-Glückstein,linkedin.com/in/bo-rushworth-gluckstein-4347,Dunmowe Travel,VP Engineering,Elena Duvall,1,1,False,0
linkedin.com/in/bo-salcedo-7993,profile_url,bo salcedo,Bo Salcedo,linkedin.com/in/bo-salcedo-7993,Xanthe Labs,Staff Engineer,Dana Whitfield,1,1,False,0
linkedin.com/in/bo-salcedo-balogun-7402,profile_url,bo salcedo balogun,Bo Salcedo-Balogun,linkedin.com/in/bo-salcedo-balogun-7402,Inglenook Bakery,VP Enterprise Architecture,Elena Duvall,1,1,False,0
name:bo sandoval,name_only,bo sandoval,Bo Sandoval,,Pale Harbour Studio,Staff Engineer,Tomás Beckett,1,1,False,1
linkedin.com/in/bo-thackeray-1411,profile_url,bo thackeray,Bo Thackeray,linkedin.com/in/bo-thackeray-1411,Tannerly Design,Staff Engineer,Marcus Aldridge,1,1,False,0
linkedin.com/in/bo-underhill-9632,profile_url,bo underhill,Bo Underhill,linkedin.com/in/bo-underhill-9632,Bellchamber Media,Director of IT,Dana Whitfield,1,1,False,0
linkedin.com/in/bo-vandermolen-5283,profile_url,bo vandermolen,Bo Vandermolen,linkedin.com/in/bo-vandermolen-5283,Fairbourne Fitness,Program Manager,Tomás Beckett,1,1,False,0
linkedin.com/in/bo-vasquez-1704,profile_url,bo vasquez,Bo Vasquez,linkedin.com/in/bo-vasquez-1704,Corbridge Realty,Principal Architect,Dana Whitfield,1,1,False,0
linkedin.com/in/bo-wexford-6632,profile_url,bo wexford,Bo Wexford,linkedin.com/in/bo-wexford-6632,Vespermill Analytics,Head of Automation,Priya Raghunathan,1,1,False,0
linkedin.com/in/bo-wolstenholme-1489,profile_url,bo wolstenholme,Bo Wolstenholme,linkedin.com/in/bo-wolstenholme-1489,Underwood & Vale,Head of Automation,Dana Whitfield,1,1,False,0
linkedin.com/in/bo-yarrow-6295,profile_url,bo yarrow,Bo Yarrow,linkedin.com/in/bo-yarrow-6295,Whitlock Staffing,Director of IT,Marcus Aldridge,1,1,False,0
linkedin.com/in/bo-zettergren-8116,profile_url,bo zettergren,Bo Zettergren,linkedin.com/in/bo-zettergren-8116,Underwood & Vale,"Senior Manager, Engineering",Marcus Aldridge,1,1,False,0
linkedin.com/in/bo-zubkov-2957,profile_url,bo zubkov,Bo Zubkov,linkedin.com/in/bo-zubkov-2957,Highmoor Cycles,Program Manager,Priya Raghunathan,1,1,False,0
linkedin.com/in/bram-achterberg-6713,profile_url,bram achterberg,Bram Achterberg,linkedin.com/in/bram-achterberg-6713,Inglenook Bakery,VP Data & Analytics,Priya Raghunathan,1,1,False,0
linkedin.com/in/bram-ashdown-6349,profile_url,bram ashdown,Bram Ashdown,linkedin.com/in/bram-ashdown-6349,Highmoor Cycles,Head of Automation,Priya Raghunathan,1,1,False,0
linkedin.com/in/bram-balogun-1113,profile_url,bram balogun,Bram Balogun,linkedin.com/in/bram-balogun-1113,Ambrose Trading,"Senior Manager, Engineering",Tomás Beckett,1,1,False,0
linkedin.com/in/bram-bellinger-4978,profile_url,bram bellinger,Bram Bellinger,linkedin.com/in/bram-bellinger-4978,Inglenook Bakery,Chief Information Officer,Dana Whitfield,1,1,False,0
linkedin.com/in/bram-brenneman-9000,profile_url,bram brenneman,Bram Brenneman,linkedin.com/in/bram-brenneman-9000,Elmsworth Tutors,"Senior Manager, Engineering",Tomás Beckett,1,1,False,0
linkedin.com/in/bram-cardoso-8764,profile_url,bram cardoso,Bram Cardoso,linkedin.com/in/bram-cardoso-8764,Yardley Print,Principal Architect,Dana Whitfield,1,1,False,0
linkedin.com/in/bram-cathcart-9280,profile_url,bram cathcart,Bram Cathcart,linkedin.com/in/bram-cathcart-9280,Tannerly Design,"Senior Manager, Engineering",Tomás Beckett,1,1,False,0
linkedin.com/in/bram-crowther-7180,profile_url,bram crowther,Bram Crowther,linkedin.com/in/bram-crowther-7180,Zenner Foods,Principal Architect,Priya Raghunathan,1,1,False,0
linkedin.com/in/bram-crowther-marchetti-2670,profile_url,bram crowther marchetti,Bram Crowther-Marchetti,linkedin.com/in/bram-crowther-marchetti-2670,Vespermill Analytics,"Senior Manager, Engineering",Tomás Beckett,1,1,False,0
linkedin.com/in/bram-dellinger-5518,profile_url,bram dellinger,Bram Dellinger,linkedin.com/in/bram-dellinger-5518,Quintrell Advisory,Head of Innovation,Tomás Beckett,1,1,False,0
linkedin.com/in/bram-dobrescu-9412,profile_url,bram dobrescu,Bram Dobrescu,linkedin.com/in/bram-dobrescu-9412,Tannerly Design,Chief Operating Officer,Marcus Aldridge,1,1,False,0
linkedin.com/in/bram-dobrescu-norrington-5283,profile_url,bram dobrescu norrington,Bram Dobrescu-Norrington,linkedin.com/in/bram-dobrescu-norrington-5283,Inglenook Bakery,Staff Engineer,Tomás Beckett,1,1,False,0
linkedin.com/in/bram-drummond-6807,profile_url,bram drummond,Bram Drummond,linkedin.com/in/bram-drummond-6807,Xanthe Labs,Chief Operating Officer,Dana Whitfield,1,1,False,0
linkedin.com/in/bram-eastcott-5350,profile_url,bram eastcott,Bram Eastcott,linkedin.com/in/bram-eastcott-5350,Elmsworth Tutors,Product Director,Dana Whitfield,1,1,False,0
linkedin.com/in/bram-egerton-6952,profile_url,bram egerton,Bram Egerton,linkedin.com/in/bram-egerton-6952,Xanthe Labs,Head of Automation,Dana Whitfield,1,1,False,0
linkedin.com/in/bram-fairweather-3353,profile_url,bram fairweather,Bram Fairweather,linkedin.com/in/bram-fairweather-3353,Whitlock Staffing,Chief Technology Officer,Marcus Aldridge,1,1,False,0
linkedin.com/in/bram-fairweather-ingleby-1492,profile_url,bram fairweather ingleby,Bram Fairweather-Ingleby,linkedin.com/in/bram-fairweather-ingleby-1492,Tannerly Design,Chief Information Officer,Owen Trask,1,1,False,0
linkedin.com/in/bram-falkenrath-2973,profile_url,bram falkenrath,Bram Falkenrath,linkedin.com/in/bram-falkenrath-2973,Xanthe Labs,Head of Automation,Priya Raghunathan,1,1,False,0
linkedin.com/in/bram-ferreira-7079,profile_url,bram ferreira,Bram Ferreira,linkedin.com/in/bram-ferreira-7079,Underwood & Vale,Director of IT,Priya Raghunathan,1,1,False,0
linkedin.com/in/bram-ferreira-kettleborough-2344,profile_url,bram ferreira kettleborough,Bram Ferreira-Kettleborough,linkedin.com/in/bram-ferreira-kettleborough-2344,Inglenook Bakery,VP Engineering,Owen Trask,1,1,False,0
linkedin.com/in/bram-ferreira-prendergast-5026,profile_url,bram ferreira prendergast,Bram Ferreira-Prendergast,linkedin.com/in/bram-ferreira-prendergast-5026,Tannerly Design,Chief Digital Officer,Tomás Beckett,1,1,False,0
linkedin.com/in/bram-fontaine-6387,profile_url,bram fontaine,Bram Fontaine,linkedin.com/in/bram-fontaine-6387,Tannerly Design,Director of Software Engineering,Dana Whitfield,1,1,False,0
linkedin.com/in/bram-gluckstein-2720,profile_url,bram gluckstein,Bram Glückstein,linkedin.com/in/bram-gluckstein-2720,Pale Harbour Studio,"Senior Manager, Engineering",Tomás Beckett,1,1,False,0
linkedin.com/in/bram-grimsby-5378,profile_url,bram grimsby,Bram Grimsby,linkedin.com/in/bram-grimsby-5378,Elmsworth Tutors,Principal Architect,Dana Whitfield,1,1,False,0
linkedin.com/in/bram-halloran-5721,profile_url,bram halloran,Bram Halloran,linkedin.com/in/bram-halloran-5721,Rooksby Legal,Program Manager,Marcus Aldridge,1,1,False,0
linkedin.com/in/bram-halloran-falkenrath-8211,profile_url,bram halloran falkenrath,Bram Halloran-Falkenrath,linkedin.com/in/bram-halloran-falkenrath-8211,Fairbourne Fitness,Platform Lead,Owen Trask,1,1,False,0
linkedin.com/in/bram-hartigan-2139,profile_url,bram hartigan,Bram Hartigan,linkedin.com/in/bram-hartigan-2139,Elmsworth Tutors,Platform Lead,Marcus Aldridge,1,1,False,0
linkedin.com/in/bram-havercamp-4958,profile_url,bram havercamp,Bram Havercamp,linkedin.com/in/bram-havercamp-4958,Rooksby Legal,Product Director,Dana Whitfield,1,1,False,0
linkedin.com/in/bram-havercamp-cathcart-3816,profile_url,bram havercamp cathcart,Bram Havercamp-Cathcart,linkedin.com/in/bram-havercamp-cathcart-3816,Whitlock Staffing,Program Manager,Elena Duvall,1,1,False,0
name:bram hojgaard,name_only,bram hojgaard,Bram Højgaard,,Zenner Foods,VP Enterprise Architecture,Dana Whitfield,1,1,False,1
linkedin.com/in/bram-hojgaard-merriweather-6831,profile_url,bram hojgaard merriweather,Bram Højgaard-Merriweather,linkedin.com/in/bram-hojgaard-merriweather-6831,Pale Harbour Studio,VP Data & Analytics,Elena Duvall,1,1,False,0
linkedin.com/in/bram-ibarra-8855,profile_url,bram ibarra,Bram Ibarra,linkedin.com/in/bram-ibarra-8855,Yardley Print,Program Manager,Marcus Aldridge,1,1,False,0
linkedin.com/in/bram-ingleby-9777,profile_url,bram ingleby,Bram Ingleby,linkedin.com/in/bram-ingleby-9777,Xanthe Labs,Staff Engineer,Marcus Aldridge,1,1,False,0
linkedin.com/in/bram-isenberg-9739,profile_url,bram isenberg,Bram Isenberg,linkedin.com/in/bram-isenberg-9739,Fairbourne Fitness,Engineering Manager,Priya Raghunathan,1,1,False,0
linkedin.com/in/bram-jarrold-6049,profile_url,bram jarrold,Bram Jarrold,linkedin.com/in/bram-jarrold-6049,Garrowby Books,"Senior Manager, Engineering",Priya Raghunathan,1,1,False,0
linkedin.com/in/bram-jarrold-hojgaard-2831,profile_url,bram jarrold hojgaard,Bram Jarrold-Højgaard,linkedin.com/in/bram-jarrold-hojgaard-2831,Inglenook Bakery,Head of Platform Engineering,Tomás Beckett,1,1,False,0
linkedin.com/in/bram-kettleborough-5945,profile_url,bram kettleborough,Bram Kettleborough,linkedin.com/in/bram-kettleborough-5945,Pale Harbour Studio,VP Engineering,Dana Whitfield,1,1,False,0
linkedin.com/in/bram-kirkbride-9086,profile_url,bram kirkbride,Bram Kirkbride,linkedin.com/in/bram-kirkbride-9086,Highmoor Cycles,Director of Software Engineering,Marcus Aldridge,1,1,False,0
linkedin.com/in/bram-lindqvist-5241,profile_url,bram lindqvist,Bram Lindqvist,linkedin.com/in/bram-lindqvist-5241,Whitlock Staffing,Chief Data Officer,Marcus Aldridge,1,1,False,0
linkedin.com/in/bram-lomsadze-6863,profile_url,bram lomsadze,Bram Lomsadze,linkedin.com/in/bram-lomsadze-6863,Dunmowe Travel,Chief Data Officer,Marcus Aldridge,1,1,False,0
linkedin.com/in/bram-marchetti-5157,profile_url,bram marchetti,Bram Marchetti,linkedin.com/in/bram-marchetti-5157,Ondermark Consulting,Director of Software Engineering,Dana Whitfield,1,1,False,0
linkedin.com/in/bram-merriweather-1644,profile_url,bram merriweather,Bram Merriweather,linkedin.com/in/bram-merriweather-1644,Dunmowe Travel,Product Director,Marcus Aldridge,1,1,False,0
linkedin.com/in/bram-mkhize-5796,profile_url,bram mkhize,Bram Mkhize,linkedin.com/in/bram-mkhize-5796,Ondermark Consulting,Principal Architect,Tomás Beckett,1,1,False,0
linkedin.com/in/bram-nakashima-7380,profile_url,bram nakashima,Bram Nakashima,linkedin.com/in/bram-nakashima-7380,Yardley Print,SVP Digital,Marcus Aldridge,1,1,False,0
linkedin.com/in/bram-norrington-9809,profile_url,bram norrington,Bram Norrington,linkedin.com/in/bram-norrington-9809,Yardley Print,Head of Automation,Tomás Beckett,1,1,False,0
linkedin.com/in/bram-okonkwo-8766,profile_url,bram okonkwo,Bram Okonkwo,linkedin.com/in/bram-okonkwo-8766,Corbridge Realty,Chief Data Officer,Marcus Aldridge,1,1,False,0
linkedin.com/in/bram-oldfield-8050,profile_url,bram oldfield,Bram Oldfield,linkedin.com/in/bram-oldfield-8050,Tannerly Design,Head of Developer Productivity,Dana Whitfield,1,1,False,0
linkedin.com/in/bram-oyelaran-3860,profile_url,bram oyelaran,Bram Oyelaran,linkedin.com/in/bram-oyelaran-3860,Corbridge Realty,Director of Software Engineering,Tomás Beckett,1,1,False,0
linkedin.com/in/bram-petrossian-5934,profile_url,bram petrossian,Bram Petrossian,linkedin.com/in/bram-petrossian-5934,Bellchamber Media,Platform Lead,Dana Whitfield,1,1,False,0
name:bram prendergast,name_only,bram prendergast,Bram Prendergast,,Ambrose Trading,Staff Engineer,Marcus Aldridge,1,1,False,1
linkedin.com/in/bram-quillane-4119,profile_url,bram quillane,Bram Quillane,linkedin.com/in/bram-quillane-4119,Blackwood Industrial,Head of Developer Productivity,Elena Duvall; Marcus Aldridge,2,1,False,0
linkedin.com/in/bram-rushworth-2874,profile_url,bram rushworth,Bram Rushworth,linkedin.com/in/bram-rushworth-2874,Fairbourne Fitness,Product Director,Marcus Aldridge,1,1,False,0
linkedin.com/in/bram-rushworth-gluckstein-1678,profile_url,bram rushworth gluckstein,Bram Rushworth-Glückstein,linkedin.com/in/bram-rushworth-gluckstein-1678,Inglenook Bakery,Director of IT,Elena Duvall,1,1,False,0
linkedin.com/in/bram-salcedo-5954,profile_url,bram salcedo,Bram Salcedo,linkedin.com/in/bram-salcedo-5954,Highmoor Cycles,Program Manager,Dana Whitfield,1,1,False,0
linkedin.com/in/bram-salcedo-crowther-2367,profile_url,bram salcedo crowther,Bram Salcedo-Crowther,linkedin.com/in/bram-salcedo-crowther-2367,Xanthe Labs,Head of Developer Productivity,Owen Trask,1,1,False,0
linkedin.com/in/bram-sandoval-9382,profile_url,bram sandoval,Bram Sandoval,linkedin.com/in/bram-sandoval-9382,Rooksby Legal,Chief Information Officer,Marcus Aldridge,1,1,False,0
linkedin.com/in/bram-thackeray-3097,profile_url,bram thackeray,Bram Thackeray,linkedin.com/in/bram-thackeray-3097,Inglenook Bakery,Product Director,Marcus Aldridge,1,1,False,0
linkedin.com/in/bram-underhill-5032,profile_url,bram underhill,Bram Underhill,linkedin.com/in/bram-underhill-5032,Tannerly Design,Chief Digital Officer,Tomás Beckett,1,1,False,0
linkedin.com/in/bram-vandermolen-3067,profile_url,bram vandermolen,Bram Vandermolen,linkedin.com/in/bram-vandermolen-3067,Highmoor Cycles,Head of Automation,Priya Raghunathan,1,1,False,0
name:bram vandermolen hojgaard,name_only,bram vandermolen hojgaard,Bram Vandermolen-Højgaard,,Vespermill Analytics,Director of IT,Tomás Beckett,1,1,False,1
linkedin.com/in/bram-vasquez-1521,profile_url,bram vasquez,Bram Vasquez,linkedin.com/in/bram-vasquez-1521,Corbridge Realty,Head of Developer Productivity,Dana Whitfield,1,1,False,0
linkedin.com/in/bram-vasquez-vandermolen-1914,profile_url,bram vasquez vandermolen,Bram Vasquez-Vandermolen,linkedin.com/in/bram-vasquez-vandermolen-1914,Yardley Print,Engineering Manager,Tomás Beckett,1,1,False,0
linkedin.com/in/bram-vasquez-yarrow-4667,profile_url,bram vasquez yarrow,Bram Vasquez-Yarrow,linkedin.com/in/bram-vasquez-yarrow-4667,Elmsworth Tutors,Engineering Manager,Tomás Beckett,1,1,False,0
linkedin.com/in/bram-wexford-9886,profile_url,bram wexford,Bram Wexford,linkedin.com/in/bram-wexford-9886,Underwood & Vale,Engineering Manager,Dana Whitfield,1,1,False,0
linkedin.com/in/bram-wolstenholme-7178,profile_url,bram wolstenholme,Bram Wolstenholme,linkedin.com/in/bram-wolstenholme-7178,Inglenook Bakery,Product Director,Dana Whitfield,1,1,False,0
linkedin.com/in/bram-wolstenholme-mkhize-1868,profile_url,bram wolstenholme mkhize,Bram Wolstenholme-Mkhize,linkedin.com/in/bram-wolstenholme-mkhize-1868,Fairbourne Fitness,Program Manager,Owen Trask,1,1,False,0
linkedin.com/in/bram-yarrow-4022,profile_url,bram yarrow,Bram Yarrow,linkedin.com/in/bram-yarrow-4022,Corbridge Realty,VP Engineering,Dana Whitfield,1,1,False,0
linkedin.com/in/bram-yarrow-marchetti-9317,profile_url,bram yarrow marchetti,Bram Yarrow-Marchetti,linkedin.com/in/bram-yarrow-marchetti-9317,Vespermill Analytics,Chief Technology Officer,Tomás Beckett,1,1,False,0
linkedin.com/in/bram-zettergren-6186,profile_url,bram zettergren,Bram Zettergren,linkedin.com/in/bram-zettergren-6186,Rooksby Legal,Program Manager,Marcus Aldridge,1,1,False,0
linkedin.com/in/bram-zubkov-9062,profile_url,bram zubkov,Bram Zubkov,linkedin.com/in/bram-zubkov-9062,Corbridge Realty,Product Director,Tomás Beckett,1,1,False,0
linkedin.com/in/callum-achterberg-2322,profile_url,callum achterberg,Callum Achterberg,linkedin.com/in/callum-achterberg-2322,Pale Harbour Studio,Head of Innovation,Marcus Aldridge,1,1,False,0
linkedin.com/in/callum-ashdown-6713,profile_url,callum ashdown,Callum Ashdown,linkedin.com/in/callum-ashdown-6713,Tannerly Design,Head of Automation,Marcus Aldridge,1,1,False,0
linkedin.com/in/callum-balogun-4733,profile_url,callum balogun,Callum Balogun,linkedin.com/in/callum-balogun-4733,Ondermark Consulting,Platform Lead,Dana Whitfield,1,1,False,0
linkedin.com/in/callum-bellinger-1370,profile_url,callum bellinger,Callum Bellinger,linkedin.com/in/callum-bellinger-1370,Pale Harbour Studio,Head of Innovation,Marcus Aldridge,1,1,False,0
name:callum brenneman,name_only,callum brenneman,Callum Brenneman,,Inglenook Bakery,Staff Engineer,Priya Raghunathan,1,1,False,1
linkedin.com/in/callum-cardoso-3204,profile_url,callum cardoso,Callum Cardoso,linkedin.com/in/callum-cardoso-3204,Underwood & Vale,Chief Data Officer,Marcus Aldridge,1,1,False,0
linkedin.com/in/callum-cathcart-4142,profile_url,callum cathcart,Callum Cathcart,linkedin.com/in/callum-cathcart-4142,Vespermill Analytics,Chief Data Officer,Tomás Beckett,1,1,False,0
linkedin.com/in/callum-cathcart-havercamp-5649,profile_url,callum cathcart havercamp,Callum Cathcart-Havercamp,linkedin.com/in/callum-cathcart-havercamp-5649,Quintrell Advisory,Head of Platform Engineering,Tomás Beckett,1,1,False,0
linkedin.com/in/callum-crowther-4782,profile_url,callum crowther,Callum Crowther,linkedin.com/in/callum-crowther-4782,Corbridge Realty,Engineering Manager,Dana Whitfield,1,1,False,0
linkedin.com/in/callum-dellinger-9987,profile_url,callum dellinger,Callum Dellinger,linkedin.com/in/callum-dellinger-9987,Whitlock Staffing,Program Manager,Marcus Aldridge,1,1,False,0
linkedin.com/in/callum-dobrescu-6750,profile_url,callum dobrescu,Callum Dobrescu,linkedin.com/in/callum-dobrescu-6750,Fairbourne Fitness,Director of IT,Marcus Aldridge,1,1,False,0
linkedin.com/in/callum-drummond-8963,profile_url,callum drummond,Callum Drummond,linkedin.com/in/callum-drummond-8963,Vespermill Analytics,VP Engineering,Priya Raghunathan,1,1,False,0
linkedin.com/in/callum-eastcott-9743,profile_url,callum eastcott,Callum Eastcott,linkedin.com/in/callum-eastcott-9743,Elmsworth Tutors,Chief Digital Officer,Dana Whitfield,1,1,False,0
name:callum eastcott achterberg,name_only,callum eastcott achterberg,Callum Eastcott-Achterberg,,Rooksby Legal,Principal Architect,Owen Trask,1,1,False,1
linkedin.com/in/callum-egerton-9674,profile_url,callum egerton,Callum Egerton,linkedin.com/in/callum-egerton-9674,Corbridge Realty,Head of Automation,Tomás Beckett,1,1,False,0
linkedin.com/in/callum-fairweather-9929,profile_url,callum fairweather,Callum Fairweather,linkedin.com/in/callum-fairweather-9929,Elmsworth Tutors,Platform Lead,Dana Whitfield,1,1,False,0
name:callum fairweather salcedo,name_only,callum fairweather salcedo,Callum Fairweather-Salcedo,,Zenner Foods,Chief Operating Officer,Elena Duvall,1,1,False,1
linkedin.com/in/callum-falkenrath-3995,profile_url,callum falkenrath,Callum Falkenrath,linkedin.com/in/callum-falkenrath-3995,Inglenook Bakery,Product Director,Priya Raghunathan,1,1,False,0
linkedin.com/in/callum-ferreira-6524,profile_url,callum ferreira,Callum Ferreira,linkedin.com/in/callum-ferreira-6524,Quintrell Advisory,Platform Lead,Dana Whitfield,1,1,False,0
linkedin.com/in/callum-fontaine-1872,profile_url,callum fontaine,Callum Fontaine,linkedin.com/in/callum-fontaine-1872,Whitlock Staffing,Engineering Manager,Marcus Aldridge,1,1,False,0
linkedin.com/in/callum-gluckstein-3455,profile_url,callum gluckstein,Callum Glückstein,linkedin.com/in/callum-gluckstein-3455,Yardley Print,Chief Digital Officer,Dana Whitfield,1,1,False,0
linkedin.com/in/callum-grimsby-9081,profile_url,callum grimsby,Callum Grimsby,linkedin.com/in/callum-grimsby-9081,Highmoor Cycles,Director of Software Engineering,Marcus Aldridge,1,1,False,0
linkedin.com/in/callum-halloran-7139,profile_url,callum halloran,Callum Halloran,linkedin.com/in/callum-halloran-7139,Highmoor Cycles,SVP Digital,Tomás Beckett,1,1,False,0
linkedin.com/in/callum-halloran-yarrow-3288,profile_url,callum halloran yarrow,Callum Halloran-Yarrow,linkedin.com/in/callum-halloran-yarrow-3288,Ondermark Consulting,Engineering Manager,Tomás Beckett,1,1,False,0
linkedin.com/in/callum-hartigan-7171,profile_url,callum hartigan,Callum Hartigan,linkedin.com/in/callum-hartigan-7171,Yardley Print,Principal Architect,Marcus Aldridge,1,1,False,0
linkedin.com/in/callum-havercamp-4889,profile_url,callum havercamp,Callum Havercamp,linkedin.com/in/callum-havercamp-4889,Vespermill Analytics,Director of Software Engineering,Tomás Beckett,1,1,False,0
linkedin.com/in/callum-havercamp-petrossian-8362,profile_url,callum havercamp petrossian,Callum Havercamp-Petrossian,linkedin.com/in/callum-havercamp-petrossian-8362,Corbridge Realty,Chief Technology Officer,Elena Duvall,1,1,False,0
linkedin.com/in/callum-hojgaard-6323,profile_url,callum hojgaard,Callum Højgaard,linkedin.com/in/callum-hojgaard-6323,Underwood & Vale,Platform Lead,Marcus Aldridge,1,1,False,0
linkedin.com/in/callum-ibarra-5581,profile_url,callum ibarra,Callum Ibarra,linkedin.com/in/callum-ibarra-5581,Underwood & Vale,Chief Data Officer,Marcus Aldridge,1,1,False,0
linkedin.com/in/callum-ingleby-4068,profile_url,callum ingleby,Callum Ingleby,linkedin.com/in/callum-ingleby-4068,Zenner Foods,Head of Platform Engineering,Marcus Aldridge,1,1,False,0
linkedin.com/in/callum-ingleby-prendergast-9357,profile_url,callum ingleby prendergast,Callum Ingleby-Prendergast,linkedin.com/in/callum-ingleby-prendergast-9357,Dunmowe Travel,Product Director,Elena Duvall,1,1,False,0
linkedin.com/in/callum-isenberg-9736,profile_url,callum isenberg,Callum Isenberg,linkedin.com/in/callum-isenberg-9736,Quintrell Advisory,Chief Operating Officer,Marcus Aldridge,1,1,False,0
linkedin.com/in/callum-jarrold-9458,profile_url,callum jarrold,Callum Jarrold,linkedin.com/in/callum-jarrold-9458,Corbridge Realty,Principal Architect,Marcus Aldridge,1,1,False,0
linkedin.com/in/callum-kettleborough-3578,profile_url,callum kettleborough,Callum Kettleborough,linkedin.com/in/callum-kettleborough-3578,Corbridge Realty,SVP Digital,Marcus Aldridge,1,1,False,0
linkedin.com/in/callum-kirkbride-2049,profile_url,callum kirkbride,Callum Kirkbride,linkedin.com/in/callum-kirkbride-2049,Ondermark Consulting,Program Manager,Priya Raghunathan,1,1,False,0
linkedin.com/in/callum-lindqvist-7358,profile_url,callum lindqvist,Callum Lindqvist,linkedin.com/in/callum-lindqvist-7358,Dunmowe Travel,Head of Innovation,Priya Raghunathan,1,1,False,0
linkedin.com/in/callum-lomsadze-6547,profile_url,callum lomsadze,Callum Lomsadze,linkedin.com/in/callum-lomsadze-6547,Inglenook Bakery,Staff Engineer,Marcus Aldridge,1,1,False,0
linkedin.com/in/callum-lomsadze-nakashima-4552,profile_url,callum lomsadze nakashima,Callum Lomsadze-Nakashima,linkedin.com/in/callum-lomsadze-nakashima-4552,Xanthe Labs,SVP Digital,Owen Trask,1,1,False,0
linkedin.com/in/callum-marchetti-1079,profile_url,callum marchetti,Callum Marchetti,linkedin.com/in/callum-marchetti-1079,Fairbourne Fitness,Engineering Manager,Marcus Aldridge,1,1,False,0
linkedin.com/in/callum-merriweather-8864,profile_url,callum merriweather,Callum Merriweather,linkedin.com/in/callum-merriweather-8864,Corbridge Realty,Product Director,Marcus Aldridge,1,1,False,0
linkedin.com/in/callum-mkhize-5399,profile_url,callum mkhize,Callum Mkhize,linkedin.com/in/callum-mkhize-5399,Yardley Print,Director of IT,Priya Raghunathan,1,1,False,0
linkedin.com/in/callum-mkhize-fairweather-4348,profile_url,callum mkhize fairweather,Callum Mkhize-Fairweather,linkedin.com/in/callum-mkhize-fairweather-4348,Yardley Print,Head of Automation,Tomás Beckett,1,1,False,0
linkedin.com/in/callum-nakashima-9374,profile_url,callum nakashima,Callum Nakashima,linkedin.com/in/callum-nakashima-9374,Dunmowe Travel,Program Manager,Dana Whitfield,1,1,False,0
linkedin.com/in/callum-nakashima-oyelaran-1610,profile_url,callum nakashima oyelaran,Callum Nakashima-Oyelaran,linkedin.com/in/callum-nakashima-oyelaran-1610,Tannerly Design,Director of IT,Elena Duvall,1,1,False,0
linkedin.com/in/callum-norrington-8198,profile_url,callum norrington,Callum Norrington,linkedin.com/in/callum-norrington-8198,Bellchamber Media,Chief Data Officer,Marcus Aldridge,1,1,False,0
linkedin.com/in/callum-okonkwo-2667,profile_url,callum okonkwo,Callum Okonkwo,linkedin.com/in/callum-okonkwo-2667,Whitlock Staffing,Director of IT,Priya Raghunathan,1,1,False,0
linkedin.com/in/callum-oldfield-4920,profile_url,callum oldfield,Callum Oldfield,linkedin.com/in/callum-oldfield-4920,Whitlock Staffing,SVP Digital,Marcus Aldridge,1,1,False,0
name:callum oyelaran,name_only,callum oyelaran,Callum Oyelaran,,Ondermark Consulting,Director of IT,Priya Raghunathan,1,1,False,1
linkedin.com/in/callum-petrossian-1458,profile_url,callum petrossian,Callum Petrossian,linkedin.com/in/callum-petrossian-1458,Whitlock Staffing,Chief Operating Officer,Tomás Beckett,1,1,False,0
linkedin.com/in/callum-prendergast-7165,profile_url,callum prendergast,Callum Prendergast,linkedin.com/in/callum-prendergast-7165,Fairbourne Fitness,VP Engineering,Tomás Beckett,1,1,False,0
linkedin.com/in/callum-quillane-7437,profile_url,callum quillane,Callum Quillane,linkedin.com/in/callum-quillane-7437,Quintrell Advisory,Head of Developer Productivity,Priya Raghunathan,1,1,False,0
linkedin.com/in/callum-rushworth-3647,profile_url,callum rushworth,Callum Rushworth,linkedin.com/in/callum-rushworth-3647,Zenner Foods,SVP Digital,Priya Raghunathan,1,1,False,0
linkedin.com/in/callum-salcedo-9608,profile_url,callum salcedo,Callum Salcedo,linkedin.com/in/callum-salcedo-9608,Elmsworth Tutors,Head of Automation,Tomás Beckett,1,1,False,0
linkedin.com/in/callum-sandoval-3561,profile_url,callum sandoval,Callum Sandoval,linkedin.com/in/callum-sandoval-3561,Whitlock Staffing,Chief Information Officer,Tomás Beckett,1,1,False,0
linkedin.com/in/callum-sandoval-okonkwo-3205,profile_url,callum sandoval okonkwo,Callum Sandoval-Okonkwo,linkedin.com/in/callum-sandoval-okonkwo-3205,Rooksby Legal,VP Engineering,Elena Duvall,1,1,False,0
linkedin.com/in/callum-thackeray-4061,profile_url,callum thackeray,Callum Thackeray,linkedin.com/in/callum-thackeray-4061,Bellchamber Media,Chief Data Officer,Dana Whitfield,1,1,False,0
linkedin.com/in/callum-thackeray-salcedo-1707,profile_url,callum thackeray salcedo,Callum Thackeray-Salcedo,linkedin.com/in/callum-thackeray-salcedo-1707,Highmoor Cycles,Principal Architect,Owen Trask,1,1,False,0
linkedin.com/in/callum-underhill-3492,profile_url,callum underhill,Callum Underhill,linkedin.com/in/callum-underhill-3492,Inglenook Bakery,Head of Automation,Marcus Aldridge,1,1,False,0
linkedin.com/in/callum-underhill-fontaine-7409,profile_url,callum underhill fontaine,Callum Underhill-Fontaine,linkedin.com/in/callum-underhill-fontaine-7409,Garrowby Books,Program Manager,Owen Trask,1,1,False,0
linkedin.com/in/callum-vandermolen-6299,profile_url,callum vandermolen,Callum Vandermolen,linkedin.com/in/callum-vandermolen-6299,Xanthe Labs,Product Director,Dana Whitfield,1,1,False,0
name:callum vasquez,name_only,callum vasquez,Callum Vasquez,,Pale Harbour Studio,Head of Innovation,Marcus Aldridge,1,1,False,1
name:callum wexford,name_only,callum wexford,Callum Wexford,,Ondermark Consulting,"Senior Manager, Engineering",Priya Raghunathan,1,1,False,1
linkedin.com/in/callum-wolstenholme-3408,profile_url,callum wolstenholme,Callum Wolstenholme,linkedin.com/in/callum-wolstenholme-3408,Bellchamber Media,Engineering Manager,Marcus Aldridge,1,1,False,0
name:callum wolstenholme hojgaard,name_only,callum wolstenholme hojgaard,Callum Wolstenholme-Højgaard,,Ondermark Consulting,SVP Digital,Owen Trask,1,1,False,1
linkedin.com/in/callum-yarrow-2396,profile_url,callum yarrow,Callum Yarrow,linkedin.com/in/callum-yarrow-2396,Tannerly Design,Chief Information Officer,Priya Raghunathan,1,1,False,0
linkedin.com/in/callum-zettergren-4828,profile_url,callum zettergren,Callum Zettergren,linkedin.com/in/callum-zettergren-4828,Inglenook Bakery,Head of Automation,Marcus Aldridge,1,1,False,0
linkedin.com/in/callum-zettergren-vandermolen-1014,profile_url,callum zettergren vandermolen,Callum Zettergren-Vandermolen,linkedin.com/in/callum-zettergren-vandermolen-1014,Fairbourne Fitness,Head of Platform Engineering,Tomás Beckett,1,1,False,0
name:callum zubkov,name_only,callum zubkov,Callum Zubkov,,Highmoor Cycles,Director of IT,Tomás Beckett,1,1,False,1
linkedin.com/in/callum-zubkov-havercamp-2774,profile_url,callum zubkov havercamp,Callum Zubkov-Havercamp,linkedin.com/in/callum-zubkov-havercamp-2774,Whitlock Staffing,Product Director,Owen Trask,1,1,False,0
linkedin.com/in/callum-zubkov-wolstenholme-4414,profile_url,callum zubkov wolstenholme,Callum Zubkov-Wolstenholme,linkedin.com/in/callum-zubkov-wolstenholme-4414,Elmsworth Tutors,Head of Innovation,Owen Trask,1,1,False,0
linkedin.com/in/camille-achterberg-4594,profile_url,camille achterberg,Camille Achterberg,linkedin.com/in/camille-achterberg-4594,Whitlock Staffing,Program Manager,Marcus Aldridge,1,1,False,0
linkedin.com/in/camille-ashdown-5897,profile_url,camille ashdown,Camille Ashdown,linkedin.com/in/camille-ashdown-5897,Inglenook Bakery,Head of Automation,Dana Whitfield,1,1,False,0
name:camille ashdown hartigan,name_only,camille ashdown hartigan,Camille Ashdown-Hartigan,,Rooksby Legal,Chief Digital Officer,Elena Duvall,1,1,False,1
linkedin.com/in/camille-balogun-4664,profile_url,camille balogun,Camille Balogun,linkedin.com/in/camille-balogun-4664,Rooksby Legal,"Senior Manager, Engineering",Dana Whitfield,1,1,False,0
linkedin.com/in/camille-bellinger-5614,profile_url,camille bellinger,Camille Bellinger,linkedin.com/in/camille-bellinger-5614,Garrowby Books,Head of Innovation,Priya Raghunathan,1,1,False,0
linkedin.com/in/camille-brenneman-7010,profile_url,camille brenneman,Camille Brenneman,linkedin.com/in/camille-brenneman-7010,Xanthe Labs,SVP Digital,Marcus Aldridge,1,1,False,0
linkedin.com/in/camille-cardoso-2386,profile_url,camille cardoso,Camille Cardoso,linkedin.com/in/camille-cardoso-2386,Ondermark Consulting,Platform Lead,Tomás Beckett,1,1,False,0
linkedin.com/in/camille-cardoso-gluckstein-2648,profile_url,camille cardoso gluckstein,Camille Cardoso-Glückstein,linkedin.com/in/camille-cardoso-gluckstein-2648,Garrowby Books,Program Manager,Elena Duvall,1,1,False,0
linkedin.com/in/camille-cathcart-1783,profile_url,camille cathcart,Camille Cathcart,linkedin.com/in/camille-cathcart-1783,Garrowby Books,VP Engineering,Priya Raghunathan,1,1,False,0
linkedin.com/in/camille-cathcart-oldfield-1892,profile_url,camille cathcart oldfield,Camille Cathcart-Oldfield,linkedin.com/in/camille-cathcart-oldfield-1892,Bellchamber Media,Director of Software Engineering,Owen Trask,1,1,False,0
linkedin.com/in/camille-cathcart-petrossian-8296,profile_url,camille cathcart petrossian,Camille Cathcart-Petrossian,linkedin.com/in/camille-cathcart-petrossian-8296,Underwood & Vale,VP Engineering,Tomás Beckett,1,1,False,0
linkedin.com/in/camille-cathcart-rushworth-1471,profile_url,camille cathcart rushworth,Camille Cathcart-Rushworth,linkedin.com/in/camille-cathcart-rushworth-1471,Whitlock Staffing,VP Enterprise Architecture,Elena Duvall,1,1,False,0
linkedin.com/in/camille-crowther-1954,profile_url,camille crowther,Camille Crowther,linkedin.com/in/camille-crowther-1954,Zenner Foods,"Senior Manager, Engineering",Tomás Beckett,1,1,False,0
linkedin.com/in/camille-crowther-cathcart-4206,profile_url,camille crowther cathcart,Camille Crowther-Cathcart,linkedin.com/in/camille-crowther-cathcart-4206,Bellchamber Media,"Senior Manager, Engineering",Tomás Beckett,1,1,False,0
linkedin.com/in/camille-crowther-gluckstein-8154,profile_url,camille crowther gluckstein,Camille Crowther-Glückstein,linkedin.com/in/camille-crowther-gluckstein-8154,Corbridge Realty,Product Director,Elena Duvall,1,1,False,0
linkedin.com/in/camille-dellinger-4787,profile_url,camille dellinger,Camille Dellinger,linkedin.com/in/camille-dellinger-4787,Yardley Print,Engineering Manager,Marcus Aldridge,1,1,False,0
linkedin.com/in/camille-dellinger-ingleby-8277,profile_url,camille dellinger ingleby,Camille Dellinger-Ingleby,linkedin.com/in/camille-dellinger-ingleby-8277,Whitlock Staffing,Chief Digital Officer,Elena Duvall,1,1,False,0
linkedin.com/in/camille-dobrescu-5569,profile_url,camille dobrescu,Camille Dobrescu,linkedin.com/in/camille-dobrescu-5569,Fairbourne Fitness,Principal Architect,Marcus Aldridge,1,1,False,0
linkedin.com/in/camille-dobrescu-mkhize-6090,profile_url,camille dobrescu mkhize,Camille Dobrescu-Mkhize,linkedin.com/in/camille-dobrescu-mkhize-6090,Fairbourne Fitness,Head of Platform Engineering,Owen Trask,1,1,False,0
linkedin.com/in/camille-dobrescu-wexford-9943,profile_url,camille dobrescu wexford,Camille Dobrescu-Wexford,linkedin.com/in/camille-dobrescu-wexford-9943,Tannerly Design,Staff Engineer,Tomás Beckett,1,1,False,0
linkedin.com/in/camille-drummond-6241,profile_url,camille drummond,Camille Drummond,linkedin.com/in/camille-drummond-6241,Ondermark Consulting,Platform Lead,Marcus Aldridge,1,1,False,0
linkedin.com/in/camille-drummond-kirkbride-8783,profile_url,camille drummond kirkbride,Camille Drummond-Kirkbride,linkedin.com/in/camille-drummond-kirkbride-8783,Quintrell Advisory,Head of Platform Engineering,Tomás Beckett,1,1,False,0
linkedin.com/in/camille-eastcott-7466,profile_url,camille eastcott,Camille Eastcott,linkedin.com/in/camille-eastcott-7466,Ambrose Trading,VP Enterprise Architecture,Tomás Beckett,1,1,False,0
linkedin.com/in/camille-egerton-8766,profile_url,camille egerton,Camille Egerton,linkedin.com/in/camille-egerton-8766,Corbridge Realty,Head of Innovation,Priya Raghunathan,1,1,False,0
linkedin.com/in/camille-fairweather-6686,profile_url,camille fairweather,Camille Fairweather,linkedin.com/in/camille-fairweather-6686,Calderon Aerospace,VP Engineering,Marcus Aldridge; Priya Raghunathan,2,1,False,0
linkedin.com/in/camille-falkenrath-7626,profile_url,camille falkenrath,Camille Falkenrath,linkedin.com/in/camille-falkenrath-7626,Rooksby Legal,Program Manager,Dana Whitfield,1,1,False,0
linkedin.com/in/camille-ferreira-5949,profile_url,camille ferreira,Camille Ferreira,linkedin.com/in/camille-ferreira-5949,Ondermark Consulting,Chief Digital Officer,Marcus Aldridge,1,1,False,0
linkedin.com/in/camille-ferreira-grimsby-9319,profile_url,camille ferreira grimsby,Camille Ferreira-Grimsby,linkedin.com/in/camille-ferreira-grimsby-9319,Zenner Foods,Principal Architect,Owen Trask,1,1,False,0
linkedin.com/in/camille-ferreira-ingleby-2672,profile_url,camille ferreira ingleby,Camille Ferreira-Ingleby,linkedin.com/in/camille-ferreira-ingleby-2672,Xanthe Labs,VP Engineering,Tomás Beckett,1,1,False,0
linkedin.com/in/camille-fontaine-8325,profile_url,camille fontaine,Camille Fontaine,linkedin.com/in/camille-fontaine-8325,Xanthe Labs,Director of Software Engineering,Tomás Beckett,1,1,False,0
linkedin.com/in/camille-gluckstein-3645,profile_url,camille gluckstein,Camille Glückstein,linkedin.com/in/camille-gluckstein-3645,Whitlock Staffing,Program Manager,Priya Raghunathan,1,1,False,0
linkedin.com/in/camille-gluckstein-fairweather-3235,profile_url,camille gluckstein fairweather,Camille Glückstein-Fairweather,linkedin.com/in/camille-gluckstein-fairweather-3235,Vespermill Analytics,Staff Engineer,Tomás Beckett,1,1,False,0
name:camille grimsby,name_only,camille grimsby,Camille Grimsby,,Elmsworth Tutors,Engineering Manager,Tomás Beckett,1,1,False,1
linkedin.com/in/camille-halloran-3669,profile_url,camille halloran,Camille Halloran,linkedin.com/in/camille-halloran-3669,Elmsworth Tutors,VP Data & Analytics,Tomás Beckett,1,1,False,0
linkedin.com/in/camille-halloran-bellinger-3703,profile_url,camille halloran bellinger,Camille Halloran-Bellinger,linkedin.com/in/camille-halloran-bellinger-3703,Inglenook Bakery,Platform Lead,Owen Trask,1,1,False,0
linkedin.com/in/camille-hartigan-9832,profile_url,camille hartigan,Camille Hartigan,linkedin.com/in/camille-hartigan-9832,Pale Harbour Studio,Product Director,Dana Whitfield,1,1,False,0
linkedin.com/in/camille-havercamp-8389,profile_url,camille havercamp,Camille Havercamp,linkedin.com/in/camille-havercamp-8389,Underwood & Vale,Principal Architect,Marcus Aldridge,1,1,False,0
linkedin.com/in/camille-havercamp-brenneman-8320,profile_url,camille havercamp brenneman,Camille Havercamp-Brenneman,linkedin.com/in/camille-havercamp-brenneman-8320,Vespermill Analytics,Head of Innovation,Elena Duvall,1,1,False,0
linkedin.com/in/camille-hojgaard-3801,profile_url,camille hojgaard,Camille Højgaard,linkedin.com/in/camille-hojgaard-3801,Pale Harbour Studio,Platform Lead,Marcus Aldridge,1,1,False,0
linkedin.com/in/camille-ibarra-1970,profile_url,camille ibarra,Camille Ibarra,linkedin.com/in/camille-ibarra-1970,Whitlock Staffing,"Senior Manager, Engineering",Priya Raghunathan,1,1,False,0
linkedin.com/in/camille-ingleby-6050,profile_url,camille ingleby,Camille Ingleby,linkedin.com/in/camille-ingleby-6050,Tannerly Design,VP Engineering,Dana Whitfield,1,1,False,0
linkedin.com/in/camille-isenberg-5059,profile_url,camille isenberg,Camille Isenberg,linkedin.com/in/camille-isenberg-5059,Quintrell Advisory,Chief Technology Officer,Marcus Aldridge,1,1,False,0
name:camille jarrold,name_only,camille jarrold,Camille Jarrold,,Zenner Foods,Head of Innovation,Dana Whitfield,1,1,False,1
linkedin.com/in/camille-kettleborough-3269,profile_url,camille kettleborough,Camille Kettleborough,linkedin.com/in/camille-kettleborough-3269,Tannerly Design,Director of Software Engineering,Tomás Beckett,1,1,False,0
linkedin.com/in/camille-kirkbride-6019,profile_url,camille kirkbride,Camille Kirkbride,linkedin.com/in/camille-kirkbride-6019,Highmoor Cycles,Chief Information Officer,Marcus Aldridge,1,1,False,0
linkedin.com/in/camille-lindqvist-9492,profile_url,camille lindqvist,Camille Lindqvist,linkedin.com/in/camille-lindqvist-9492,Fairbourne Fitness,Chief Information Officer,Priya Raghunathan,1,1,False,0
linkedin.com/in/camille-lomsadze-1147,profile_url,camille lomsadze,Camille Lomsadze,linkedin.com/in/camille-lomsadze-1147,Highmoor Cycles,SVP Digital,Marcus Aldridge,1,1,False,0
linkedin.com/in/camille-marchetti-3379,profile_url,camille marchetti,Camille Marchetti,linkedin.com/in/camille-marchetti-3379,Underwood & Vale,Head of Platform Engineering,Marcus Aldridge,1,1,False,0
linkedin.com/in/camille-merriweather-3389,profile_url,camille merriweather,Camille Merriweather,linkedin.com/in/camille-merriweather-3389,Underwood & Vale,Head of Innovation,Tomás Beckett,1,1,False,0
linkedin.com/in/camille-mkhize-5378,profile_url,camille mkhize,Camille Mkhize,linkedin.com/in/camille-mkhize-5378,Ondermark Consulting,Director of IT,Marcus Aldridge,1,1,False,0
linkedin.com/in/camille-nakashima-4993,profile_url,camille nakashima,Camille Nakashima,linkedin.com/in/camille-nakashima-4993,Quintrell Advisory,SVP Digital,Priya Raghunathan,1,1,False,0
linkedin.com/in/camille-norrington-6643,profile_url,camille norrington,Camille Norrington,linkedin.com/in/camille-norrington-6643,Ondermark Consulting,Product Director,Priya Raghunathan,1,1,False,0
linkedin.com/in/camille-okonkwo-1057,profile_url,camille okonkwo,Camille Okonkwo,linkedin.com/in/camille-okonkwo-1057,Xanthe Labs,Head of Automation,Marcus Aldridge,1,1,False,0
name:camille oldfield,name_only,camille oldfield,Camille Oldfield,,Ondermark Consulting,Director of IT,Priya Raghunathan,1,1,False,1
linkedin.com/in/camille-oldfield-kirkbride-5208,profile_url,camille oldfield kirkbride,Camille Oldfield-Kirkbride,linkedin.com/in/camille-oldfield-kirkbride-5208,Ambrose Trading,Director of IT,Elena Duvall,1,1,False,0
linkedin.com/in/camille-oyelaran-6816,profile_url,camille oyelaran,Camille Oyelaran,linkedin.com/in/camille-oyelaran-6816,Yardley Print,Chief Data Officer,Marcus Aldridge,1,1,False,0
linkedin.com/in/camille-petrossian-7062,profile_url,camille petrossian,Camille Petrossian,linkedin.com/in/camille-petrossian-7062,Yardley Print,Chief Data Officer,Marcus Aldridge,1,1,False,0
linkedin.com/in/camille-petrossian-eastcott-1191,profile_url,camille petrossian eastcott,Camille Petrossian-Eastcott,linkedin.com/in/camille-petrossian-eastcott-1191,Highmoor Cycles,Chief Operating Officer,Tomás Beckett,1,1,False,0
linkedin.com/in/camille-petrossian-lindqvist-7683,profile_url,camille petrossian lindqvist,Camille Petrossian-Lindqvist,linkedin.com/in/camille-petrossian-lindqvist-7683,Pale Harbour Studio,Product Director,Elena Duvall,1,1,False,0
linkedin.com/in/camille-prendergast-3993,profile_url,camille prendergast,Camille Prendergast,linkedin.com/in/camille-prendergast-3993,Highmoor Cycles,Director of IT,Marcus Aldridge,1,1,False,0
linkedin.com/in/camille-prendergast-lomsadze-7697,profile_url,camille prendergast lomsadze,Camille Prendergast-Lomsadze,linkedin.com/in/camille-prendergast-lomsadze-7697,Xanthe Labs,Head of Automation,Elena Duvall,1,1,False,0
linkedin.com/in/camille-quillane-9566,profile_url,camille quillane,Camille Quillane,linkedin.com/in/camille-quillane-9566,Whitlock Staffing,Program Manager,Dana Whitfield,1,1,False,0
linkedin.com/in/camille-rushworth-9564,profile_url,camille rushworth,Camille Rushworth,linkedin.com/in/camille-rushworth-9564,Dunmowe Travel,Staff Engineer,Marcus Aldridge,1,1,False,0
linkedin.com/in/camille-rushworth-eastcott-3878,profile_url,camille rushworth eastcott,Camille Rushworth-Eastcott,linkedin.com/in/camille-rushworth-eastcott-3878,Yardley Print,SVP Digital,Elena Duvall,1,1,False,0
linkedin.com/in/camille-salcedo-8059,profile_url,camille salcedo,Camille Salcedo,linkedin.com/in/camille-salcedo-8059,Elmsworth Tutors,Chief Data Officer,Tomás Beckett,1,1,False,0
linkedin.com/in/camille-sandoval-6334,profile_url,camille sandoval,Camille Sandoval,linkedin.com/in/camille-sandoval-6334,Corbridge Realty,Staff Engineer,Marcus Aldridge,1,1,False,0
linkedin.com/in/camille-thackeray-5593,profile_url,camille thackeray,Camille Thackeray,linkedin.com/in/camille-thackeray-5593,Garrowby Books,Chief Digital Officer,Marcus Aldridge,1,1,False,0
linkedin.com/in/camille-underhill-7265,profile_url,camille underhill,Camille Underhill,linkedin.com/in/camille-underhill-7265,Elmsworth Tutors,SVP Digital,Tomás Beckett,1,1,False,0
linkedin.com/in/camille-vandermolen-4435,profile_url,camille vandermolen,Camille Vandermolen,linkedin.com/in/camille-vandermolen-4435,Corbridge Realty,Staff Engineer,Priya Raghunathan,1,1,False,0
linkedin.com/in/camille-vasquez-4201,profile_url,camille vasquez,Camille Vasquez,linkedin.com/in/camille-vasquez-4201,Elmsworth Tutors,Engineering Manager,Dana Whitfield,1,1,False,0
linkedin.com/in/camille-wexford-6742,profile_url,camille wexford,Camille Wexford,linkedin.com/in/camille-wexford-6742,Corbridge Realty,Director of IT,Dana Whitfield,1,1,False,0
linkedin.com/in/camille-wolstenholme-1256,profile_url,camille wolstenholme,Camille Wolstenholme,linkedin.com/in/camille-wolstenholme-1256,Quintrell Advisory,Platform Lead,Marcus Aldridge,1,1,False,0
linkedin.com/in/camille-wolstenholme-halloran-6341,profile_url,camille wolstenholme halloran,Camille Wolstenholme-Halloran,linkedin.com/in/camille-wolstenholme-halloran-6341,Xanthe Labs,Head of Developer Productivity,Tomás Beckett,1,1,False,0
linkedin.com/in/camille-wolstenholme-thackeray-3293,profile_url,camille wolstenholme thackeray,Camille Wolstenholme-Thackeray,linkedin.com/in/camille-wolstenholme-thackeray-3293,Tannerly Design,Chief Operating Officer,Owen Trask,1,1,False,0
linkedin.com/in/camille-yarrow-3725,profile_url,camille yarrow,Camille Yarrow,linkedin.com/in/camille-yarrow-3725,Dunmowe Travel,Product Director,Tomás Beckett,1,1,False,0
linkedin.com/in/camille-yarrow-cardoso-3090,profile_url,camille yarrow cardoso,Camille Yarrow-Cardoso,linkedin.com/in/camille-yarrow-cardoso-3090,Highmoor Cycles,Head of Automation,Tomás Beckett,1,1,False,0
linkedin.com/in/camille-yarrow-norrington-8659,profile_url,camille yarrow norrington,Camille Yarrow-Norrington,linkedin.com/in/camille-yarrow-norrington-8659,Rooksby Legal,Head of Automation,Tomás Beckett,1,1,False,0
linkedin.com/in/camille-zettergren-1502,profile_url,camille zettergren,Camille Zettergren,linkedin.com/in/camille-zettergren-1502,Underwood & Vale,Product Director,Dana Whitfield,1,1,False,0
linkedin.com/in/camille-zettergren-rushworth-4053,profile_url,camille zettergren rushworth,Camille Zettergren-Rushworth,linkedin.com/in/camille-zettergren-rushworth-4053,Inglenook Bakery,Head of Automation,Owen Trask,1,1,False,0
linkedin.com/in/camille-zubkov-8078,profile_url,camille zubkov,Camille Zubkov,linkedin.com/in/camille-zubkov-8078,Elmsworth Tutors,Head of Automation,Dana Whitfield,1,1,False,0
linkedin.com/in/camille-zubkov-achterberg-4076,profile_url,camille zubkov achterberg,Camille Zubkov-Achterberg,linkedin.com/in/camille-zubkov-achterberg-4076,Whitlock Staffing,Staff Engineer,Elena Duvall,1,1,False,0
linkedin.com/in/casper-achterberg-8269,profile_url,casper achterberg,Casper Achterberg,linkedin.com/in/casper-achterberg-8269,Quintrell Advisory,Program Manager,Dana Whitfield,1,1,False,0
linkedin.com/in/casper-ashdown-2009,profile_url,casper ashdown,Casper Ashdown,linkedin.com/in/casper-ashdown-2009,Bellchamber Media,SVP Digital,Marcus Aldridge,1,1,False,0
linkedin.com/in/casper-balogun-1298,profile_url,casper balogun,Casper Balogun,linkedin.com/in/casper-balogun-1298,Quintrell Advisory,Staff Engineer,Marcus Aldridge,1,1,False,0
linkedin.com/in/casper-bellinger-6150,profile_url,casper bellinger,Casper Bellinger,linkedin.com/in/casper-bellinger-6150,Quillon Pharma,VP Enterprise Architecture,Marcus Aldridge; Priya Raghunathan,2,1,False,0
linkedin.com/in/casper-bellinger-grimsby-6748,profile_url,casper bellinger grimsby,Casper Bellinger-Grimsby,linkedin.com/in/casper-bellinger-grimsby-6748,Quintrell Advisory,Principal Architect,Elena Duvall,1,1,False,0
linkedin.com/in/casper-brenneman-8501,profile_url,casper brenneman,Casper Brenneman,linkedin.com/in/casper-brenneman-8501,Vespermill Analytics,"Senior Manager, Engineering",Dana Whitfield,1,1,False,0
linkedin.com/in/casper-cardoso-2151,profile_url,casper cardoso,Casper Cardoso,linkedin.com/in/casper-cardoso-2151,Xanthe Labs,Engineering Manager,Dana Whitfield,1,1,False,0
linkedin.com/in/casper-cathcart-7047,profile_url,casper cathcart,Casper Cathcart,linkedin.com/in/casper-cathcart-7047,Highmoor Cycles,Head of Automation,Marcus Aldridge,1,1,False,0
linkedin.com/in/casper-crowther-9980,profile_url,casper crowther,Casper Crowther,linkedin.com/in/casper-crowther-9980,Underwood & Vale,"Senior Manager, Engineering",Tomás Beckett,1,1,False,0
linkedin.com/in/casper-crowther-ingleby-8791,profile_url,casper crowther ingleby,Casper Crowther-Ingleby,linkedin.com/in/casper-crowther-ingleby-8791,Quintrell Advisory,Program Manager,Tomás Beckett,1,1,False,0
linkedin.com/in/casper-dellinger-8573,profile_url,casper dellinger,Casper Dellinger,linkedin.com/in/casper-dellinger-8573,Vespermill Analytics,Director of Software Engineering,Tomás Beckett,1,1,False,0
linkedin.com/in/casper-dobrescu-8348,profile_url,casper dobrescu,Casper Dobrescu,linkedin.com/in/casper-dobrescu-8348,Pale Harbour Studio,Director of IT,Marcus Aldridge,1,1,False,0
linkedin.com/in/casper-drummond-3958,profile_url,casper drummond,Casper Drummond,linkedin.com/in/casper-drummond-3958,Garrowby Books,Staff Engineer,Priya Raghunathan,1,1,False,0
linkedin.com/in/casper-drummond-bellinger-1608,profile_url,casper drummond bellinger,Casper Drummond-Bellinger,linkedin.com/in/casper-drummond-bellinger-1608,Yardley Print,Product Director,Tomás Beckett,1,1,False,0
linkedin.com/in/casper-drummond-norrington-2005,profile_url,casper drummond norrington,Casper Drummond-Norrington,linkedin.com/in/casper-drummond-norrington-2005,Rooksby Legal,Product Director,Owen Trask,1,1,False,0
linkedin.com/in/casper-eastcott-8635,profile_url,casper eastcott,Casper Eastcott,linkedin.com/in/casper-eastcott-8635,Fairbourne Fitness,Chief Data Officer,Tomás Beckett,1,1,False,0
linkedin.com/in/casper-egerton-5669,profile_url,casper egerton,Casper Egerton,linkedin.com/in/casper-egerton-5669,Bellchamber Media,Engineering Manager,Marcus Aldridge,1,1,False,0
linkedin.com/in/casper-fairweather-6609,profile_url,casper fairweather,Casper Fairweather,linkedin.com/in/casper-fairweather-6609,Rooksby Legal,VP Enterprise Architecture,Marcus Aldridge,1,1,False,0
linkedin.com/in/casper-falkenrath-7388,profile_url,casper falkenrath,Casper Falkenrath,linkedin.com/in/casper-falkenrath-7388,Quintrell Advisory,Engineering Manager,Priya Raghunathan,1,1,False,0
linkedin.com/in/casper-ferreira-8215,profile_url,casper ferreira,Casper Ferreira,linkedin.com/in/casper-ferreira-8215,Underwood & Vale,Platform Lead,Marcus Aldridge,1,1,False,0
linkedin.com/in/casper-fontaine-9368,profile_url,casper fontaine,Casper Fontaine,linkedin.com/in/casper-fontaine-9368,Ambrose Trading,Principal Architect,Tomás Beckett,1,1,False,0
linkedin.com/in/casper-gluckstein-9678,profile_url,casper gluckstein,Casper Glückstein,linkedin.com/in/casper-gluckstein-9678,Zenner Foods,SVP Digital,Marcus Aldridge,1,1,False,0
linkedin.com/in/casper-gluckstein-grimsby-5231,profile_url,casper gluckstein grimsby,Casper Glückstein-Grimsby,linkedin.com/in/casper-gluckstein-grimsby-5231,Highmoor Cycles,Program Manager,Tomás Beckett,1,1,False,0
linkedin.com/in/casper-grimsby-8918,profile_url,casper grimsby,Casper Grimsby,linkedin.com/in/casper-grimsby-8918,Underwood & Vale,Director of Software Engineering,Marcus Aldridge,1,1,False,0
linkedin.com/in/casper-halloran-5046,profile_url,casper halloran,Casper Halloran,linkedin.com/in/casper-halloran-5046,Elmsworth Tutors,Program Manager,Dana Whitfield,1,1,False,0
linkedin.com/in/casper-halloran-petrossian-2882,profile_url,casper halloran petrossian,Casper Halloran-Petrossian,linkedin.com/in/casper-halloran-petrossian-2882,Fairbourne Fitness,VP Engineering,Elena Duvall,1,1,False,0
linkedin.com/in/casper-hartigan-1881,profile_url,casper hartigan,Casper Hartigan,linkedin.com/in/casper-hartigan-1881,Ambrose Trading,Engineering Manager,Marcus Aldridge,1,1,False,0
linkedin.com/in/casper-havercamp-7175,profile_url,casper havercamp,Casper Havercamp,linkedin.com/in/casper-havercamp-7175,Highmoor Cycles,"Senior Manager, Engineering",Marcus Aldridge,1,1,False,0
linkedin.com/in/casper-havercamp-lomsadze-5946,profile_url,casper havercamp lomsadze,Casper Havercamp-Lomsadze,linkedin.com/in/casper-havercamp-lomsadze-5946,Inglenook Bakery,Platform Lead,Tomás Beckett,1,1,False,0
linkedin.com/in/casper-hojgaard-7898,profile_url,casper hojgaard,Casper Højgaard,linkedin.com/in/casper-hojgaard-7898,Ambrose Trading,Platform Lead,Dana Whitfield,1,1,False,0
linkedin.com/in/casper-ibarra-1986,profile_url,casper ibarra,Casper Ibarra,linkedin.com/in/casper-ibarra-1986,Highmoor Cycles,VP Engineering,Priya Raghunathan,1,1,False,0
linkedin.com/in/casper-ingleby-5400,profile_url,casper ingleby,Casper Ingleby,linkedin.com/in/casper-ingleby-5400,Whitlock Staffing,VP Data & Analytics,Tomás Beckett,1,1,False,0
linkedin.com/in/casper-isenberg-3328,profile_url,casper isenberg,Casper Isenberg,linkedin.com/in/casper-isenberg-3328,Highmoor Cycles,Program Manager,Marcus Aldridge,1,1,False,0
linkedin.com/in/casper-jarrold-4305,profile_url,casper jarrold,Casper Jarrold,linkedin.com/in/casper-jarrold-4305,Elmsworth Tutors,Product Director,Tomás Beckett,1,1,False,0
linkedin.com/in/casper-kettleborough-3363,profile_url,casper kettleborough,Casper Kettleborough,linkedin.com/in/casper-kettleborough-3363,Whitlock Staffing,"Senior Manager, Engineering",Dana Whitfield,1,1,False,0
linkedin.com/in/casper-kirkbride-9663,profile_url,casper kirkbride,Casper Kirkbride,linkedin.com/in/casper-kirkbride-9663,Rooksby Legal,Principal Architect,Priya Raghunathan,1,1,False,0
linkedin.com/in/casper-lindqvist-3638,profile_url,casper lindqvist,Casper Lindqvist,linkedin.com/in/casper-lindqvist-3638,Whitlock Staffing,Chief Data Officer,Marcus Aldridge,1,1,False,0
linkedin.com/in/casper-lomsadze-4945,profile_url,casper lomsadze,Casper Lomsadze,linkedin.com/in/casper-lomsadze-4945,Ondermark Consulting,Product Director,Priya Raghunathan,1,1,False,0
linkedin.com/in/casper-lomsadze-crowther-3221,profile_url,casper lomsadze crowther,Casper Lomsadze-Crowther,linkedin.com/in/casper-lomsadze-crowther-3221,Highmoor Cycles,Staff Engineer,Owen Trask,1,1,False,0
linkedin.com/in/casper-marchetti-2203,profile_url,casper marchetti,Casper Marchetti,linkedin.com/in/casper-marchetti-2203,Xanthe Labs,SVP Digital,Marcus Aldridge,1,1,False,0
name:casper merriweather,name_only,casper merriweather,Casper Merriweather,,Tannerly Design,Principal Architect,Marcus Aldridge,1,1,False,1
linkedin.com/in/casper-mkhize-9253,profile_url,casper mkhize,Casper Mkhize,linkedin.com/in/casper-mkhize-9253,Underwood & Vale,Chief Technology Officer,Priya Raghunathan,1,1,False,0
linkedin.com/in/casper-mkhize-grimsby-9677,profile_url,casper mkhize grimsby,Casper Mkhize-Grimsby,linkedin.com/in/casper-mkhize-grimsby-9677,Pale Harbour Studio,Head of Innovation,Owen Trask,1,1,False,0
linkedin.com/in/casper-mkhize-isenberg-7805,profile_url,casper mkhize isenberg,Casper Mkhize-Isenberg,linkedin.com/in/casper-mkhize-isenberg-7805,Vespermill Analytics,Chief Digital Officer,Elena Duvall,1,1,False,0
linkedin.com/in/casper-nakashima-1878,profile_url,casper nakashima,Casper Nakashima,linkedin.com/in/casper-nakashima-1878,Yardley Print,Product Director,Marcus Aldridge,1,1,False,0
linkedin.com/in/casper-norrington-9017,profile_url,casper norrington,Casper Norrington,linkedin.com/in/casper-norrington-9017,Underwood & Vale,Head of Platform Engineering,Marcus Aldridge,1,1,False,0
linkedin.com/in/casper-okonkwo-7416,profile_url,casper okonkwo,Casper Okonkwo,linkedin.com/in/casper-okonkwo-7416,Pale Harbour Studio,Platform Lead,Marcus Aldridge,1,1,False,0
linkedin.com/in/casper-oldfield-5662,profile_url,casper oldfield,Casper Oldfield,linkedin.com/in/casper-oldfield-5662,Ambrose Trading,Chief Technology Officer,Tomás Beckett,1,1,False,0
linkedin.com/in/casper-oyelaran-3890,profile_url,casper oyelaran,Casper Oyelaran,linkedin.com/in/casper-oyelaran-3890,Ambrose Trading,"Senior Manager, Engineering",Marcus Aldridge,1,1,False,0
linkedin.com/in/casper-petrossian-9868,profile_url,casper petrossian,Casper Petrossian,linkedin.com/in/casper-petrossian-9868,Dunmowe Travel,Program Manager,Marcus Aldridge,1,1,False,0
linkedin.com/in/casper-prendergast-3816,profile_url,casper prendergast,Casper Prendergast,linkedin.com/in/casper-prendergast-3816,Zenner Foods,Head of Automation,Marcus Aldridge,1,1,False,0
linkedin.com/in/casper-quillane-4631,profile_url,casper quillane,Casper Quillane,linkedin.com/in/casper-quillane-4631,Underwood & Vale,Head of Automation,Dana Whitfield,1,1,False,0
linkedin.com/in/casper-rushworth-6943,profile_url,casper rushworth,Casper Rushworth,linkedin.com/in/casper-rushworth-6943,Ambrose Trading,Head of Innovation,Marcus Aldridge,1,1,False,0
linkedin.com/in/casper-rushworth-crowther-2254,profile_url,casper rushworth crowther,Casper Rushworth-Crowther,linkedin.com/in/casper-rushworth-crowther-2254,Vespermill Analytics,Principal Architect,Tomás Beckett,1,1,False,0
linkedin.com/in/casper-rushworth-havercamp-2366,profile_url,casper rushworth havercamp,Casper Rushworth-Havercamp,linkedin.com/in/casper-rushworth-havercamp-2366,Pale Harbour Studio,Engineering Manager,Tomás Beckett,1,1,False,0
linkedin.com/in/casper-salcedo-2960,profile_url,casper salcedo,Casper Salcedo,linkedin.com/in/casper-salcedo-2960,Quintrell Advisory,Platform Lead,Priya Raghunathan,1,1,False,0
linkedin.com/in/casper-sandoval-5408,profile_url,casper sandoval,Casper Sandoval,linkedin.com/in/casper-sandoval-5408,Garrowby Books,Staff Engineer,Priya Raghunathan,1,1,False,0
linkedin.com/in/casper-thackeray-3795,profile_url,casper thackeray,Casper Thackeray,linkedin.com/in/casper-thackeray-3795,Elmsworth Tutors,Engineering Manager,Dana Whitfield,1,1,False,0
linkedin.com/in/casper-underhill-7370,profile_url,casper underhill,Casper Underhill,linkedin.com/in/casper-underhill-7370,Inglenook Bakery,Product Director,Marcus Aldridge,1,1,False,0
linkedin.com/in/casper-vandermolen-4594,profile_url,casper vandermolen,Casper Vandermolen,linkedin.com/in/casper-vandermolen-4594,Ondermark Consulting,Program Manager,Dana Whitfield,1,1,False,0
linkedin.com/in/casper-vasquez-5976,profile_url,casper vasquez,Casper Vasquez,linkedin.com/in/casper-vasquez-5976,Underwood & Vale,Head of Innovation,Dana Whitfield,1,1,False,0
linkedin.com/in/casper-vasquez-hartigan-3631,profile_url,casper vasquez hartigan,Casper Vasquez-Hartigan,linkedin.com/in/casper-vasquez-hartigan-3631,Tannerly Design,Engineering Manager,Tomás Beckett,1,1,False,0
linkedin.com/in/casper-wexford-9082,profile_url,casper wexford,Casper Wexford,linkedin.com/in/casper-wexford-9082,Zenner Foods,Product Director,Tomás Beckett,1,1,False,0
linkedin.com/in/casper-wolstenholme-3173,profile_url,casper wolstenholme,Casper Wolstenholme,linkedin.com/in/casper-wolstenholme-3173,Inglenook Bakery,Principal Architect,Tomás Beckett,1,1,False,0
linkedin.com/in/casper-wolstenholme-crowther-9648,profile_url,casper wolstenholme crowther,Casper Wolstenholme-Crowther,linkedin.com/in/casper-wolstenholme-crowther-9648,Xanthe Labs,Engineering Manager,Elena Duvall,1,1,False,0
linkedin.com/in/casper-yarrow-9666,profile_url,casper yarrow,Casper Yarrow,linkedin.com/in/casper-yarrow-9666,Garrowby Books,Product Director,Marcus Aldridge,1,1,False,0
name:casper zettergren,name_only,casper zettergren,Casper Zettergren,,Tannerly Design,Head of Innovation,Marcus Aldridge,1,1,False,1
linkedin.com/in/casper-zubkov-7737,profile_url,casper zubkov,Casper Zubkov,linkedin.com/in/casper-zubkov-7737,Whitlock Staffing,SVP Digital,Dana Whitfield,1,1,False,0
linkedin.com/in/coretta-achterberg-2882,profile_url,coretta achterberg,Coretta Achterberg,linkedin.com/in/coretta-achterberg-2882,Inglenook Bakery,Chief Operating Officer,Marcus Aldridge,1,1,False,0
linkedin.com/in/coretta-ashdown-1900,profile_url,coretta ashdown,Coretta Ashdown,linkedin.com/in/coretta-ashdown-1900,Underwood & Vale,Director of IT,Tomás Beckett,1,1,False,0
linkedin.com/in/coretta-ashdown-wolstenholme-4372,profile_url,coretta ashdown wolstenholme,Coretta Ashdown-Wolstenholme,linkedin.com/in/coretta-ashdown-wolstenholme-4372,Vespermill Analytics,Staff Engineer,Owen Trask,1,1,False,0
linkedin.com/in/coretta-balogun-1049,profile_url,coretta balogun,Coretta Balogun,linkedin.com/in/coretta-balogun-1049,Quintrell Advisory,Chief Data Officer,Dana Whitfield,1,1,False,0
linkedin.com/in/coretta-balogun-gluckstein-3991,profile_url,coretta balogun gluckstein,Coretta Balogun-Glückstein,linkedin.com/in/coretta-balogun-gluckstein-3991,Xanthe Labs,Chief Digital Officer,Tomás Beckett,1,1,False,0
linkedin.com/in/coretta-bellinger-7016,profile_url,coretta bellinger,Coretta Bellinger,linkedin.com/in/coretta-bellinger-7016,Redtree Foods,VP Data & Analytics,Priya Raghunathan,1,1,False,0
linkedin.com/in/coretta-brenneman-2807,profile_url,coretta brenneman,Coretta Brenneman,linkedin.com/in/coretta-brenneman-2807,Xanthe Labs,Head of Automation,Marcus Aldridge,1,1,False,0
linkedin.com/in/coretta-cardoso-1816,profile_url,coretta cardoso,Coretta Cardoso,linkedin.com/in/coretta-cardoso-1816,Garrowby Books,Chief Technology Officer,Priya Raghunathan,1,1,False,0
linkedin.com/in/coretta-cathcart-5925,profile_url,coretta cathcart,Coretta Cathcart,linkedin.com/in/coretta-cathcart-5925,Highmoor Cycles,Principal Architect,Priya Raghunathan,1,1,False,0
name:coretta cathcart halloran,name_only,coretta cathcart halloran,Coretta Cathcart-Halloran,,Fairbourne Fitness,Head of Automation,Tomás Beckett,1,1,False,1
linkedin.com/in/coretta-crowther-6196,profile_url,coretta crowther,Coretta Crowther,linkedin.com/in/coretta-crowther-6196,Rooksby Legal,Chief Technology Officer,Tomás Beckett,1,1,False,0
linkedin.com/in/coretta-dellinger-7337,profile_url,coretta dellinger,Coretta Dellinger,linkedin.com/in/coretta-dellinger-7337,Tannerly Design,Director of IT,Marcus Aldridge,1,1,False,0
linkedin.com/in/coretta-dellinger-crowther-9117,profile_url,coretta dellinger crowther,Coretta Dellinger-Crowther,linkedin.com/in/coretta-dellinger-crowther-9117,Ondermark Consulting,VP Data & Analytics,Owen Trask,1,1,False,0
linkedin.com/in/coretta-dobrescu-5354,profile_url,coretta dobrescu,Coretta Dobrescu,linkedin.com/in/coretta-dobrescu-5354,Dunmowe Travel,"Senior Manager, Engineering",Marcus Aldridge,1,1,False,0
linkedin.com/in/coretta-dobrescu-prendergast-8206,profile_url,coretta dobrescu prendergast,Coretta Dobrescu-Prendergast,linkedin.com/in/coretta-dobrescu-prendergast-8206,Yardley Print,"Senior Manager, Engineering",Elena Duvall,1,1,False,0
linkedin.com/in/coretta-drummond-1915,profile_url,coretta drummond,Coretta Drummond,linkedin.com/in/coretta-drummond-1915,Ambrose Trading,Program Manager,Dana Whitfield,1,1,False,0
linkedin.com/in/coretta-drummond-sandoval-4317,profile_url,coretta drummond sandoval,Coretta Drummond-Sandoval,linkedin.com/in/coretta-drummond-sandoval-4317,Ambrose Trading,Head of Innovation,Owen Trask,1,1,False,0
linkedin.com/in/coretta-drummond-vandermolen-2355,profile_url,coretta drummond vandermolen,Coretta Drummond-Vandermolen,linkedin.com/in/coretta-drummond-vandermolen-2355,Tannerly Design,Product Director,Owen Trask,1,1,False,0
linkedin.com/in/coretta-eastcott-8937,profile_url,coretta eastcott,Coretta Eastcott,linkedin.com/in/coretta-eastcott-8937,Bellchamber Media,Staff Engineer,Priya Raghunathan,1,1,False,0
name:coretta egerton,name_only,coretta egerton,Coretta Egerton,,Yardley Print,"Senior Manager, Engineering",Priya Raghunathan,1,1,False,1
linkedin.com/in/coretta-egerton-jarrold-3112,profile_url,coretta egerton jarrold,Coretta Egerton-Jarrold,linkedin.com/in/coretta-egerton-jarrold-3112,Garrowby Books,Head of Platform Engineering,Elena Duvall,1,1,False,0
linkedin.com/in/coretta-fairweather-4362,profile_url,coretta fairweather,Coretta Fairweather,linkedin.com/in/coretta-fairweather-4362,Yardley Print,Head of Innovation,Tomás Beckett,1,1,False,0
linkedin.com/in/coretta-falkenrath-1596,profile_url,coretta falkenrath,Coretta Falkenrath,linkedin.com/in/coretta-falkenrath-1596,Underwood & Vale,Staff Engineer,Marcus Aldridge,1,1,False,0
linkedin.com/in/coretta-ferreira-1560,profile_url,coretta ferreira,Coretta Ferreira,linkedin.com/in/coretta-ferreira-1560,Vespermill Analytics,Staff Engineer,Marcus Aldridge,1,1,False,0
linkedin.com/in/coretta-ferreira-prendergast-1521,profile_url,coretta ferreira prendergast,Coretta Ferreira-Prendergast,linkedin.com/in/coretta-ferreira-prendergast-1521,Elmsworth Tutors,Platform Lead,Owen Trask,1,1,False,0
linkedin.com/in/coretta-fontaine-1152,profile_url,coretta fontaine,Coretta Fontaine,linkedin.com/in/coretta-fontaine-1152,Inglenook Bakery,Program Manager,Marcus Aldridge,1,1,False,0
linkedin.com/in/coretta-gluckstein-5272,profile_url,coretta gluckstein,Coretta Glückstein,linkedin.com/in/coretta-gluckstein-5272,Bellchamber Media,Platform Lead,Dana Whitfield,1,1,False,0
linkedin.com/in/coretta-grimsby-5523,profile_url,coretta grimsby,Coretta Grimsby,linkedin.com/in/coretta-grimsby-5523,Whitlock Staffing,SVP Digital,Marcus Aldridge,1,1,False,0
linkedin.com/in/coretta-grimsby-jarrold-2770,profile_url,coretta grimsby jarrold,Coretta Grimsby-Jarrold,linkedin.com/in/coretta-grimsby-jarrold-2770,Zenner Foods,Platform Lead,Tomás Beckett,1,1,False,0
linkedin.com/in/coretta-halloran-3269,profile_url,coretta halloran,Coretta Halloran,linkedin.com/in/coretta-halloran-3269,Pale Harbour Studio,Program Manager,Priya Raghunathan,1,1,False,0
linkedin.com/in/coretta-hartigan-7546,profile_url,coretta hartigan,Coretta Hartigan,linkedin.com/in/coretta-hartigan-7546,Bellchamber Media,Principal Architect,Marcus Aldridge,1,1,False,0
linkedin.com/in/coretta-havercamp-8043,profile_url,coretta havercamp,Coretta Havercamp,linkedin.com/in/coretta-havercamp-8043,Corbridge Realty,Head of Innovation,Marcus Aldridge,1,1,False,0
linkedin.com/in/coretta-hojgaard-2810,profile_url,coretta hojgaard,Coretta Højgaard,linkedin.com/in/coretta-hojgaard-2810,Ondermark Consulting,Staff Engineer,Marcus Aldridge,1,1,False,0
linkedin.com/in/coretta-ibarra-6869,profile_url,coretta ibarra,Coretta Ibarra,linkedin.com/in/coretta-ibarra-6869,Bellchamber Media,Product Director,Tomás Beckett,1,1,False,0
linkedin.com/in/coretta-ibarra-quillane-3262,profile_url,coretta ibarra quillane,Coretta Ibarra-Quillane,linkedin.com/in/coretta-ibarra-quillane-3262,Elmsworth Tutors,Engineering Manager,Tomás Beckett,1,1,False,0
linkedin.com/in/coretta-ingleby-4355,profile_url,coretta ingleby,Coretta Ingleby,linkedin.com/in/coretta-ingleby-4355,Elmsworth Tutors,Program Manager,Priya Raghunathan,1,1,False,0
linkedin.com/in/coretta-isenberg-9962,profile_url,coretta isenberg,Coretta Isenberg,linkedin.com/in/coretta-isenberg-9962,Dunmowe Travel,Platform Lead,Dana Whitfield,1,1,False,0
linkedin.com/in/coretta-isenberg-quillane-7974,profile_url,coretta isenberg quillane,Coretta Isenberg-Quillane,linkedin.com/in/coretta-isenberg-quillane-7974,Dunmowe Travel,Principal Architect,Elena Duvall,1,1,False,0
name:coretta jarrold,name_only,coretta jarrold,Coretta Jarrold,,Quintrell Advisory,Program Manager,Marcus Aldridge,1,1,False,1
linkedin.com/in/coretta-kettleborough-3066,profile_url,coretta kettleborough,Coretta Kettleborough,linkedin.com/in/coretta-kettleborough-3066,Xanthe Labs,VP Enterprise Architecture,Marcus Aldridge,1,1,False,0
linkedin.com/in/coretta-kettleborough-falkenrath-5191,profile_url,coretta kettleborough falkenrath,Coretta Kettleborough-Falkenrath,linkedin.com/in/coretta-kettleborough-falkenrath-5191,Garrowby Books,Director of Software Engineering,Elena Duvall,1,1,False,0
name:coretta kirkbride,name_only,coretta kirkbride,Coretta Kirkbride,,Dunmowe Travel,Principal Architect,Marcus Aldridge,1,1,False,1
linkedin.com/in/coretta-kirkbride-petrossian-9540,profile_url,coretta kirkbride petrossian,Coretta Kirkbride-Petrossian,linkedin.com/in/coretta-kirkbride-petrossian-9540,Tannerly Design,Head of Developer Productivity,Owen Trask,1,1,False,0
linkedin.com/in/coretta-lindqvist-1686,profile_url,coretta lindqvist,Coretta Lindqvist,linkedin.com/in/coretta-lindqvist-1686,Yardley Print,Staff Engineer,Marcus Aldridge,1,1,False,0
linkedin.com/in/coretta-lomsadze-2743,profile_url,coretta lomsadze,Coretta Lomsadze,linkedin.com/in/coretta-lomsadze-2743,Fairbourne Fitness,Principal Architect,Tomás Beckett,1,1,False,0
linkedin.com/in/coretta-lomsadze-fontaine-6255,profile_url,coretta lomsadze fontaine,Coretta Lomsadze-Fontaine,linkedin.com/in/coretta-lomsadze-fontaine-6255,Zenner Foods,VP Enterprise Architecture,Tomás Beckett,1,1,False,0
linkedin.com/in/coretta-marchetti-6835,profile_url,coretta marchetti,Coretta Marchetti,linkedin.com/in/coretta-marchetti-6835,Bellchamber Media,Director of IT,Marcus Aldridge,1,1,False,0
linkedin.com/in/coretta-marchetti-dobrescu-5646,profile_url,coretta marchetti dobrescu,Coretta Marchetti-Dobrescu,linkedin.com/in/coretta-marchetti-dobrescu-5646,Vespermill Analytics,Director of IT,Elena Duvall,1,1,False,0
linkedin.com/in/coretta-marchetti-ferreira-5299,profile_url,coretta marchetti ferreira,Coretta Marchetti-Ferreira,linkedin.com/in/coretta-marchetti-ferreira-5299,Whitlock Staffing,Chief Digital Officer,Tomás Beckett,1,1,False,0
linkedin.com/in/coretta-merriweather-2020,profile_url,coretta merriweather,Coretta Merriweather,linkedin.com/in/coretta-merriweather-2020,Inglenook Bakery,Program Manager,Tomás Beckett,1,1,False,0
name:coretta merriweather fairweather,name_only,coretta merriweather fairweather,Coretta Merriweather-Fairweather,,Ambrose Trading,Product Director,Owen Trask,1,1,False,1
linkedin.com/in/coretta-mkhize-9051,profile_url,coretta mkhize,Coretta Mkhize,linkedin.com/in/coretta-mkhize-9051,Corbridge Realty,Director of IT,Marcus Aldridge,1,1,False,0
linkedin.com/in/coretta-nakashima-7644,profile_url,coretta nakashima,Coretta Nakashima,linkedin.com/in/coretta-nakashima-7644,Inglenook Bakery,Head of Automation,Tomás Beckett,1,1,False,0
linkedin.com/in/coretta-nakashima-wolstenholme-1740,profile_url,coretta nakashima wolstenholme,Coretta Nakashima-Wolstenholme,linkedin.com/in/coretta-nakashima-wolstenholme-1740,Xanthe Labs,Director of Software Engineering,Elena Duvall,1,1,False,0
name:coretta norrington,name_only,coretta norrington,Coretta Norrington,,Yardley Print,Engineering Manager,Marcus Aldridge,1,1,False,1
linkedin.com/in/coretta-okonkwo-5745,profile_url,coretta okonkwo,Coretta Okonkwo,linkedin.com/in/coretta-okonkwo-5745,Bellchamber Media,Head of Innovation,Marcus Aldridge,1,1,False,0
linkedin.com/in/coretta-okonkwo-jarrold-9430,profile_url,coretta okonkwo jarrold,Coretta Okonkwo-Jarrold,linkedin.com/in/coretta-okonkwo-jarrold-9430,Yardley Print,Chief Technology Officer,Owen Trask,1,1,False,0
linkedin.com/in/coretta-oldfield-4555,profile_url,coretta oldfield,Coretta Oldfield,linkedin.com/in/coretta-oldfield-4555,Elmsworth Tutors,VP Engineering,Tomás Beckett,1,1,False,0
linkedin.com/in/coretta-oyelaran-7515,profile_url,coretta oyelaran,Coretta Oyelaran,linkedin.com/in/coretta-oyelaran-7515,Garrowby Books,Chief Digital Officer,Marcus Aldridge,1,1,False,0
linkedin.com/in/coretta-petrossian-2021,profile_url,coretta petrossian,Coretta Petrossian,linkedin.com/in/coretta-petrossian-2021,Corbridge Realty,"Senior Manager, Engineering",Marcus Aldridge,1,1,False,0
linkedin.com/in/coretta-prendergast-5940,profile_url,coretta prendergast,Coretta Prendergast,linkedin.com/in/coretta-prendergast-5940,Highmoor Cycles,"Senior Manager, Engineering",Dana Whitfield,1,1,False,0
linkedin.com/in/coretta-prendergast-norrington-8131,profile_url,coretta prendergast norrington,Coretta Prendergast-Norrington,linkedin.com/in/coretta-prendergast-norrington-8131,Highmoor Cycles,Engineering Manager,Owen Trask,1,1,False,0
linkedin.com/in/coretta-quillane-3299,profile_url,coretta quillane,Coretta Quillane,linkedin.com/in/coretta-quillane-3299,Fairbourne Fitness,Engineering Manager,Tomás Beckett,1,1,False,0
linkedin.com/in/coretta-quillane-salcedo-2601,profile_url,coretta quillane salcedo,Coretta Quillane-Salcedo,linkedin.com/in/coretta-quillane-salcedo-2601,Rooksby Legal,Head of Automation,Tomás Beckett,1,1,False,0
name:coretta rushworth,name_only,coretta rushworth,Coretta Rushworth,,Tannerly Design,Principal Architect,Priya Raghunathan,1,1,False,1
linkedin.com/in/coretta-salcedo-9290,profile_url,coretta salcedo,Coretta Salcedo,linkedin.com/in/coretta-salcedo-9290,Vespermill Analytics,VP Data & Analytics,Tomás Beckett,1,1,False,0
linkedin.com/in/coretta-salcedo-marchetti-5942,profile_url,coretta salcedo marchetti,Coretta Salcedo-Marchetti,linkedin.com/in/coretta-salcedo-marchetti-5942,Zenner Foods,Director of IT,Tomás Beckett,1,1,False,0
linkedin.com/in/coretta-sandoval-8068,profile_url,coretta sandoval,Coretta Sandoval,linkedin.com/in/coretta-sandoval-8068,Corbridge Realty,Staff Engineer,Marcus Aldridge,1,1,False,0
linkedin.com/in/coretta-thackeray-2566,profile_url,coretta thackeray,Coretta Thackeray,linkedin.com/in/coretta-thackeray-2566,Underwood & Vale,Head of Innovation,Dana Whitfield,1,1,False,0
linkedin.com/in/coretta-underhill-1871,profile_url,coretta underhill,Coretta Underhill,linkedin.com/in/coretta-underhill-1871,Dunmowe Travel,Program Manager,Dana Whitfield,1,1,False,0
linkedin.com/in/coretta-vandermolen-2856,profile_url,coretta vandermolen,Coretta Vandermolen,linkedin.com/in/coretta-vandermolen-2856,Ondermark Consulting,Program Manager,Priya Raghunathan,1,1,False,0
linkedin.com/in/coretta-vandermolen-havercamp-2768,profile_url,coretta vandermolen havercamp,Coretta Vandermolen-Havercamp,linkedin.com/in/coretta-vandermolen-havercamp-2768,Inglenook Bakery,Principal Architect,Tomás Beckett,1,1,False,0
linkedin.com/in/coretta-vasquez-9413,profile_url,coretta vasquez,Coretta Vasquez,linkedin.com/in/coretta-vasquez-9413,Ambrose Trading,Director of IT,Marcus Aldridge,1,1,False,0
linkedin.com/in/coretta-vasquez-norrington-4367,profile_url,coretta vasquez norrington,Coretta Vasquez-Norrington,linkedin.com/in/coretta-vasquez-norrington-4367,Inglenook Bakery,Head of Innovation,Elena Duvall,1,1,False,0
linkedin.com/in/coretta-wexford-2370,profile_url,coretta wexford,Coretta Wexford,linkedin.com/in/coretta-wexford-2370,Tannerly Design,Director of IT,Marcus Aldridge,1,1,False,0
name:coretta wolstenholme,name_only,coretta wolstenholme,Coretta Wolstenholme,,Ambrose Trading,Head of Automation,Dana Whitfield,1,1,False,1
linkedin.com/in/coretta-yarrow-7395,profile_url,coretta yarrow,Coretta Yarrow,linkedin.com/in/coretta-yarrow-7395,Yardley Print,Head of Automation,Marcus Aldridge,1,1,False,0
linkedin.com/in/coretta-zettergren-1451,profile_url,coretta zettergren,Coretta Zettergren,linkedin.com/in/coretta-zettergren-1451,Tannerly Design,Engineering Manager,Marcus Aldridge,1,1,False,0
linkedin.com/in/coretta-zubkov-2203,profile_url,coretta zubkov,Coretta Zubkov,linkedin.com/in/coretta-zubkov-2203,Xanthe Labs,"Senior Manager, Engineering",Tomás Beckett,1,1,False,0
name:curtis achterberg,name_only,curtis achterberg,Curtis Achterberg,,Ambrose Trading,Head of Automation,Marcus Aldridge,1,1,False,1
linkedin.com/in/curtis-achterberg-fontaine-3496,profile_url,curtis achterberg fontaine,Curtis Achterberg-Fontaine,linkedin.com/in/curtis-achterberg-fontaine-3496,Inglenook Bakery,Chief Operating Officer,Elena Duvall,1,1,False,0
linkedin.com/in/curtis-ashdown-1634,profile_url,curtis ashdown,Curtis Ashdown,linkedin.com/in/curtis-ashdown-1634,Xanthe Labs,Head of Innovation,Marcus Aldridge,1,1,False,0
linkedin.com/in/curtis-ashdown-ibarra-9531,profile_url,curtis ashdown ibarra,Curtis Ashdown-Ibarra,linkedin.com/in/curtis-ashdown-ibarra-9531,Corbridge Realty,Head of Automation,Elena Duvall,1,1,False,0
linkedin.com/in/curtis-balogun-2164,profile_url,curtis balogun,Curtis Balogun,linkedin.com/in/curtis-balogun-2164,Whitlock Staffing,Engineering Manager,Marcus Aldridge,1,1,False,0
linkedin.com/in/curtis-bellinger-9445,profile_url,curtis bellinger,Curtis Bellinger,linkedin.com/in/curtis-bellinger-9445,Elmsworth Tutors,Program Manager,Dana Whitfield,1,1,False,0
linkedin.com/in/curtis-brenneman-1210,profile_url,curtis brenneman,Curtis Brenneman,linkedin.com/in/curtis-brenneman-1210,Zenner Foods,SVP Digital,Dana Whitfield,1,1,False,0
linkedin.com/in/curtis-brenneman-fairweather-7259,profile_url,curtis brenneman fairweather,Curtis Brenneman-Fairweather,linkedin.com/in/curtis-brenneman-fairweather-7259,Yardley Print,Staff Engineer,Tomás Beckett,1,1,False,0
linkedin.com/in/curtis-cardoso-7655,profile_url,curtis cardoso,Curtis Cardoso,linkedin.com/in/curtis-cardoso-7655,Zenner Foods,Head of Automation,Dana Whitfield,1,1,False,0
linkedin.com/in/curtis-cathcart-1351,profile_url,curtis cathcart,Curtis Cathcart,linkedin.com/in/curtis-cathcart-1351,Dunmowe Travel,SVP Digital,Priya Raghunathan,1,1,False,0
linkedin.com/in/curtis-cathcart-halloran-5001,profile_url,curtis cathcart halloran,Curtis Cathcart-Halloran,linkedin.com/in/curtis-cathcart-halloran-5001,Highmoor Cycles,Product Director,Owen Trask,1,1,False,0
linkedin.com/in/curtis-crowther-9605,profile_url,curtis crowther,Curtis Crowther,linkedin.com/in/curtis-crowther-9605,Ondermark Consulting,Director of Software Engineering,Priya Raghunathan,1,1,False,0
linkedin.com/in/curtis-crowther-havercamp-4322,profile_url,curtis crowther havercamp,Curtis Crowther-Havercamp,linkedin.com/in/curtis-crowther-havercamp-4322,Bellchamber Media,Principal Architect,Elena Duvall,1,1,False,0
linkedin.com/in/curtis-dellinger-7489,profile_url,curtis dellinger,Curtis Dellinger,linkedin.com/in/curtis-dellinger-7489,Fairbourne Fitness,Head of Innovation,Dana Whitfield,1,1,False,0
linkedin.com/in/curtis-dobrescu-9547,profile_url,curtis dobrescu,Curtis Dobrescu,linkedin.com/in/curtis-dobrescu-9547,Rooksby Legal,Program Manager,Priya Raghunathan,1,1,False,0
linkedin.com/in/curtis-drummond-2841,profile_url,curtis drummond,Curtis Drummond,linkedin.com/in/curtis-drummond-2841,Ondermark Consulting,VP Enterprise Architecture,Dana Whitfield,1,1,False,0
linkedin.com/in/curtis-eastcott-9012,profile_url,curtis eastcott,Curtis Eastcott,linkedin.com/in/curtis-eastcott-9012,Underwood & Vale,SVP Digital,Priya Raghunathan,1,1,False,0
linkedin.com/in/curtis-egerton-1538,profile_url,curtis egerton,Curtis Egerton,linkedin.com/in/curtis-egerton-1538,Corbridge Realty,Head of Automation,Tomás Beckett,1,1,False,0
linkedin.com/in/curtis-egerton-halloran-3005,profile_url,curtis egerton halloran,Curtis Egerton-Halloran,linkedin.com/in/curtis-egerton-halloran-3005,Bellchamber Media,Principal Architect,Elena Duvall,1,1,False,0
linkedin.com/in/curtis-egerton-norrington-4186,profile_url,curtis egerton norrington,Curtis Egerton-Norrington,linkedin.com/in/curtis-egerton-norrington-4186,Quintrell Advisory,Engineering Manager,Tomás Beckett,1,1,False,0
linkedin.com/in/curtis-fairweather-7437,profile_url,curtis fairweather,Curtis Fairweather,linkedin.com/in/curtis-fairweather-7437,Vespermill Analytics,Director of IT,Priya Raghunathan,1,1,False,0
linkedin.com/in/curtis-fairweather-wexford-6462,profile_url,curtis fairweather wexford,Curtis Fairweather-Wexford,linkedin.com/in/curtis-fairweather-wexford-6462,Tannerly Design,Product Director,Owen Trask,1,1,False,0
linkedin.com/in/curtis-falkenrath-9634,profile_url,curtis falkenrath,Curtis Falkenrath,linkedin.com/in/curtis-falkenrath-9634,Corbridge Realty,Director of IT,Priya Raghunathan,1,1,False,0
linkedin.com/in/curtis-ferreira-5562,profile_url,curtis ferreira,Curtis Ferreira,linkedin.com/in/curtis-ferreira-5562,Rooksby Legal,Head of Developer Productivity,Marcus Aldridge,1,1,False,0
linkedin.com/in/curtis-fontaine-6839,profile_url,curtis fontaine,Curtis Fontaine,linkedin.com/in/curtis-fontaine-6839,Highmoor Cycles,Director of IT,Priya Raghunathan,1,1,False,0
linkedin.com/in/curtis-gluckstein-2136,profile_url,curtis gluckstein,Curtis Glückstein,linkedin.com/in/curtis-gluckstein-2136,Rooksby Legal,Staff Engineer,Marcus Aldridge,1,1,False,0
linkedin.com/in/curtis-grimsby-5559,profile_url,curtis grimsby,Curtis Grimsby,linkedin.com/in/curtis-grimsby-5559,Yardley Print,Head of Platform Engineering,Marcus Aldridge,1,1,False,0
linkedin.com/in/curtis-halloran-5749,profile_url,curtis halloran,Curtis Halloran,linkedin.com/in/curtis-halloran-5749,Vespermill Analytics,Chief Data Officer,Tomás Beckett,1,1,False,0
linkedin.com/in/curtis-havercamp-5314,profile_url,curtis havercamp,Curtis Havercamp,linkedin.com/in/curtis-havercamp-5314,Quintrell Advisory,Director of Software Engineering,Priya Raghunathan,1,1,False,0
linkedin.com/in/curtis-hojgaard-5044,profile_url,curtis hojgaard,Curtis Højgaard,linkedin.com/in/curtis-hojgaard-5044,Quintrell Advisory,Product Director,Marcus Aldridge,1,1,False,0
linkedin.com/in/curtis-ibarra-9181,profile_url,curtis ibarra,Curtis Ibarra,linkedin.com/in/curtis-ibarra-9181,Ondermark Consulting,Product Director,Marcus Aldridge,1,1,False,0
linkedin.com/in/curtis-ingleby-1339,profile_url,curtis ingleby,Curtis Ingleby,linkedin.com/in/curtis-ingleby-1339,Vespermill Analytics,Platform Lead,Marcus Aldridge,1,1,False,0
linkedin.com/in/curtis-isenberg-2863,profile_url,curtis isenberg,Curtis Isenberg,linkedin.com/in/curtis-isenberg-2863,Tannerly Design,Director of IT,Dana Whitfield,1,1,False,0
linkedin.com/in/curtis-jarrold-1863,profile_url,curtis jarrold,Curtis Jarrold,linkedin.com/in/curtis-jarrold-1863,Ondermark Consulting,Engineering Manager,Dana Whitfield,1,1,False,0
linkedin.com/in/curtis-jarrold-ferreira-5781,profile_url,curtis jarrold ferreira,Curtis Jarrold-Ferreira,linkedin.com/in/curtis-jarrold-ferreira-5781,Highmoor Cycles,Engineering Manager,Tomás Beckett,1,1,False,0
linkedin.com/in/curtis-kettleborough-6857,profile_url,curtis kettleborough,Curtis Kettleborough,linkedin.com/in/curtis-kettleborough-6857,Fairbourne Fitness,Head of Innovation,Marcus Aldridge,1,1,False,0
linkedin.com/in/curtis-kirkbride-7910,profile_url,curtis kirkbride,Curtis Kirkbride,linkedin.com/in/curtis-kirkbride-7910,Pale Harbour Studio,Platform Lead,Dana Whitfield,1,1,False,0
linkedin.com/in/curtis-lindqvist-3167,profile_url,curtis lindqvist,Curtis Lindqvist,linkedin.com/in/curtis-lindqvist-3167,Garrowby Books,SVP Digital,Dana Whitfield,1,1,False,0
linkedin.com/in/curtis-lindqvist-rushworth-9365,profile_url,curtis lindqvist rushworth,Curtis Lindqvist-Rushworth,linkedin.com/in/curtis-lindqvist-rushworth-9365,Underwood & Vale,Head of Automation,Tomás Beckett,1,1,False,0
linkedin.com/in/curtis-lomsadze-6392,profile_url,curtis lomsadze,Curtis Lomsadze,linkedin.com/in/curtis-lomsadze-6392,Whitlock Staffing,VP Engineering,Priya Raghunathan,1,1,False,0
linkedin.com/in/curtis-marchetti-3117,profile_url,curtis marchetti,Curtis Marchetti,linkedin.com/in/curtis-marchetti-3117,Priorwood Chemicals,VP Enterprise Architecture,Elena Duvall; Tomás Beckett,2,1,False,0
linkedin.com/in/curtis-merriweather-3996,profile_url,curtis merriweather,Curtis Merriweather,linkedin.com/in/curtis-merriweather-3996,Ambrose Trading,Director of IT,Priya Raghunathan,1,1,False,0
linkedin.com/in/curtis-mkhize-6768,profile_url,curtis mkhize,Curtis Mkhize,linkedin.com/in/curtis-mkhize-6768,Ambrose Trading,Staff Engineer,Priya Raghunathan,1,1,False,0
linkedin.com/in/curtis-nakashima-8016,profile_url,curtis nakashima,Curtis Nakashima,linkedin.com/in/curtis-nakashima-8016,Whitlock Staffing,VP Enterprise Architecture,Dana Whitfield,1,1,False,0
name:curtis norrington,name_only,curtis norrington,Curtis Norrington,,Vespermill Analytics,Platform Lead,Marcus Aldridge,1,1,False,1
linkedin.com/in/curtis-okonkwo-9832,profile_url,curtis okonkwo,Curtis Okonkwo,linkedin.com/in/curtis-okonkwo-9832,Yardley Print,Staff Engineer,Dana Whitfield,1,1,False,0
linkedin.com/in/curtis-okonkwo-balogun-8266,profile_url,curtis okonkwo balogun,Curtis Okonkwo-Balogun,linkedin.com/in/curtis-okonkwo-balogun-8266,Elmsworth Tutors,Head of Innovation,Owen Trask,1,1,False,0
linkedin.com/in/curtis-oldfield-1648,profile_url,curtis oldfield,Curtis Oldfield,linkedin.com/in/curtis-oldfield-1648,Corbridge Realty,Staff Engineer,Dana Whitfield,1,1,False,0
linkedin.com/in/curtis-oldfield-brenneman-8983,profile_url,curtis oldfield brenneman,Curtis Oldfield-Brenneman,linkedin.com/in/curtis-oldfield-brenneman-8983,Elmsworth Tutors,Head of Innovation,Owen Trask,1,1,False,0
linkedin.com/in/curtis-oldfield-yarrow-3929,profile_url,curtis oldfield yarrow,Curtis Oldfield-Yarrow,linkedin.com/in/curtis-oldfield-yarrow-3929,Whitlock Staffing,Chief Data Officer,Tomás Beckett,1,1,False,0
linkedin.com/in/curtis-oyelaran-7028,profile_url,curtis oyelaran,Curtis Oyelaran,linkedin.com/in/curtis-oyelaran-7028,Whitlock Staffing,Platform Lead,Priya Raghunathan,1,1,False,0
linkedin.com/in/curtis-petrossian-4473,profile_url,curtis petrossian,Curtis Petrossian,linkedin.com/in/curtis-petrossian-4473,Dunmowe Travel,"Senior Manager, Engineering",Priya Raghunathan,1,1,False,0
linkedin.com/in/curtis-prendergast-7943,profile_url,curtis prendergast,Curtis Prendergast,linkedin.com/in/curtis-prendergast-7943,Apex Logistics,SVP Digital,Elena Duvall; Marcus Aldridge,2,1,False,0
name:curtis quillane,name_only,curtis quillane,Curtis Quillane,,Vespermill Analytics,Director of IT,Priya Raghunathan,1,1,False,1
linkedin.com/in/curtis-rushworth-6137,profile_url,curtis rushworth,Curtis Rushworth,linkedin.com/in/curtis-rushworth-6137,Tannerly Design,Staff Engineer,Marcus Aldridge,1,1,False,0
linkedin.com/in/curtis-rushworth-norrington-3758,profile_url,curtis rushworth norrington,Curtis Rushworth-Norrington,linkedin.com/in/curtis-rushworth-norrington-3758,Dunmowe Travel,Chief Information Officer,Elena Duvall,1,1,False,0
linkedin.com/in/curtis-salcedo-6983,profile_url,curtis salcedo,Curtis Salcedo,linkedin.com/in/curtis-salcedo-6983,Vespermill Analytics,VP Data & Analytics,Marcus Aldridge,1,1,False,0
linkedin.com/in/curtis-salcedo-thackeray-6395,profile_url,curtis salcedo thackeray,Curtis Salcedo-Thackeray,linkedin.com/in/curtis-salcedo-thackeray-6395,Xanthe Labs,Principal Architect,Tomás Beckett,1,1,False,0
linkedin.com/in/curtis-sandoval-8107,profile_url,curtis sandoval,Curtis Sandoval,linkedin.com/in/curtis-sandoval-8107,Rooksby Legal,Product Director,Dana Whitfield,1,1,False,0
linkedin.com/in/curtis-thackeray-3996,profile_url,curtis thackeray,Curtis Thackeray,linkedin.com/in/curtis-thackeray-3996,Xanthe Labs,Product Director,Marcus Aldridge,1,1,False,0
linkedin.com/in/curtis-underhill-7560,profile_url,curtis underhill,Curtis Underhill,linkedin.com/in/curtis-underhill-7560,Tannerly Design,Staff Engineer,Priya Raghunathan,1,1,False,0
linkedin.com/in/curtis-vandermolen-7903,profile_url,curtis vandermolen,Curtis Vandermolen,linkedin.com/in/curtis-vandermolen-7903,Zenner Foods,Program Manager,Tomás Beckett,1,1,False,0
linkedin.com/in/curtis-vasquez-9941,profile_url,curtis vasquez,Curtis Vasquez,linkedin.com/in/curtis-vasquez-9941,Zenner Foods,Head of Innovation,Dana Whitfield,1,1,False,0
linkedin.com/in/curtis-vasquez-cathcart-7723,profile_url,curtis vasquez cathcart,Curtis Vasquez-Cathcart,linkedin.com/in/curtis-vasquez-cathcart-7723,Rooksby Legal,Staff Engineer,Elena Duvall,1,1,False,0
linkedin.com/in/curtis-wexford-8281,profile_url,curtis wexford,Curtis Wexford,linkedin.com/in/curtis-wexford-8281,Fairbourne Fitness,Director of IT,Tomás Beckett,1,1,False,0
linkedin.com/in/curtis-wolstenholme-9580,profile_url,curtis wolstenholme,Curtis Wolstenholme,linkedin.com/in/curtis-wolstenholme-9580,Highmoor Cycles,Engineering Manager,Marcus Aldridge,1,1,False,0
linkedin.com/in/curtis-yarrow-7053,profile_url,curtis yarrow,Curtis Yarrow,linkedin.com/in/curtis-yarrow-7053,Ambrose Trading,Head of Innovation,Dana Whitfield,1,1,False,0
linkedin.com/in/curtis-zettergren-1649,profile_url,curtis zettergren,Curtis Zettergren,linkedin.com/in/curtis-zettergren-1649,Quintrell Advisory,Chief Technology Officer,Marcus Aldridge,1,1,False,0
linkedin.com/in/curtis-zubkov-3901,profile_url,curtis zubkov,Curtis Zubkov,linkedin.com/in/curtis-zubkov-3901,Highmoor Cycles,Program Manager,Marcus Aldridge,1,1,False,0
linkedin.com/in/curtis-zubkov-wexford-7362,profile_url,curtis zubkov wexford,Curtis Zubkov-Wexford,linkedin.com/in/curtis-zubkov-wexford-7362,Vespermill Analytics,Director of Software Engineering,Owen Trask,1,1,False,0
name:dana achterberg,name_only,dana achterberg,Dana Achterberg,,Corbridge Realty,"Senior Manager, Engineering",Priya Raghunathan,1,1,False,1
linkedin.com/in/dana-ashdown-2996,profile_url,dana ashdown,Dana Ashdown,linkedin.com/in/dana-ashdown-2996,Pale Harbour Studio,Platform Lead,Marcus Aldridge,1,1,False,0
linkedin.com/in/dana-balogun-8957,profile_url,dana balogun,Dana Balogun,linkedin.com/in/dana-balogun-8957,Highmoor Cycles,"Senior Manager, Engineering",Marcus Aldridge,1,1,False,0
linkedin.com/in/dana-bellinger-9016,profile_url,dana bellinger,Dana Bellinger,linkedin.com/in/dana-bellinger-9016,Yardley Print,Program Manager,Priya Raghunathan,1,1,False,0
linkedin.com/in/dana-bellinger-fontaine-6627,profile_url,dana bellinger fontaine,Dana Bellinger-Fontaine,linkedin.com/in/dana-bellinger-fontaine-6627,Xanthe Labs,Engineering Manager,Owen Trask,1,1,False,0
linkedin.com/in/dana-bellinger-grimsby-4506,profile_url,dana bellinger grimsby,Dana Bellinger-Grimsby,linkedin.com/in/dana-bellinger-grimsby-4506,Xanthe Labs,VP Engineering,Owen Trask,1,1,False,0
linkedin.com/in/dana-brenneman-9253,profile_url,dana brenneman,Dana Brenneman,linkedin.com/in/dana-brenneman-9253,Xanthe Labs,VP Engineering,Dana Whitfield,1,1,False,0
linkedin.com/in/dana-cardoso-7838,profile_url,dana cardoso,Dana Cardoso,linkedin.com/in/dana-cardoso-7838,Vespermill Analytics,Head of Innovation,Marcus Aldridge,1,1,False,0
linkedin.com/in/dana-cathcart-5251,profile_url,dana cathcart,Dana Cathcart,linkedin.com/in/dana-cathcart-5251,Dunmowe Travel,Principal Architect,Priya Raghunathan,1,1,False,0
linkedin.com/in/dana-crowther-9381,profile_url,dana crowther,Dana Crowther,linkedin.com/in/dana-crowther-9381,Quintrell Advisory,Engineering Manager,Marcus Aldridge,1,1,False,0
linkedin.com/in/dana-dellinger-6723,profile_url,dana dellinger,Dana Dellinger,linkedin.com/in/dana-dellinger-6723,Elmsworth Tutors,Staff Engineer,Tomás Beckett,1,1,False,0
linkedin.com/in/dana-dobrescu-6136,profile_url,dana dobrescu,Dana Dobrescu,linkedin.com/in/dana-dobrescu-6136,Rooksby Legal,"Senior Manager, Engineering",Dana Whitfield,1,1,False,0
linkedin.com/in/dana-drummond-7276,profile_url,dana drummond,Dana Drummond,linkedin.com/in/dana-drummond-7276,Elmsworth Tutors,Engineering Manager,Priya Raghunathan,1,1,False,0
linkedin.com/in/dana-eastcott-4237,profile_url,dana eastcott,Dana Eastcott,linkedin.com/in/dana-eastcott-4237,Tannerly Design,Engineering Manager,Dana Whitfield,1,1,False,0
linkedin.com/in/dana-eastcott-ashdown-7742,profile_url,dana eastcott ashdown,Dana Eastcott-Ashdown,linkedin.com/in/dana-eastcott-ashdown-7742,Zenner Foods,Platform Lead,Elena Duvall,1,1,False,0
linkedin.com/in/dana-egerton-7695,profile_url,dana egerton,Dana Egerton,linkedin.com/in/dana-egerton-7695,Inglenook Bakery,Director of IT,Priya Raghunathan,1,1,False,0
linkedin.com/in/dana-fairweather-9151,profile_url,dana fairweather,Dana Fairweather,linkedin.com/in/dana-fairweather-9151,Ambrose Trading,Director of Software Engineering,Dana Whitfield,1,1,False,0
linkedin.com/in/dana-falkenrath-2254,profile_url,dana falkenrath,Dana Falkenrath,linkedin.com/in/dana-falkenrath-2254,Vespermill Analytics,Platform Lead,Marcus Aldridge,1,1,False,0
linkedin.com/in/dana-ferreira-3970,profile_url,dana ferreira,Dana Ferreira,linkedin.com/in/dana-ferreira-3970,Xanthe Labs,Product Director,Dana Whitfield,1,1,False,0
linkedin.com/in/dana-fontaine-2216,profile_url,dana fontaine,Dana Fontaine,linkedin.com/in/dana-fontaine-2216,Yardley Print,Platform Lead,Marcus Aldridge,1,1,False,0
linkedin.com/in/dana-gluckstein-7613,profile_url,dana gluckstein,Dana Glückstein,linkedin.com/in/dana-gluckstein-7613,Inglenook Bakery,Chief Information Officer,Marcus Aldridge,1,1,False,0
name:dana grimsby,name_only,dana grimsby,Dana Grimsby,,Bellchamber Media,Head of Automation,Dana Whitfield,1,1,False,1
linkedin.com/in/dana-halloran-7294,profile_url,dana halloran,Dana Halloran,linkedin.com/in/dana-halloran-7294,Fairbourne Fitness,Engineering Manager,Dana Whitfield,1,1,False,0
linkedin.com/in/dana-hartigan-5487,profile_url,dana hartigan,Dana Hartigan,linkedin.com/in/dana-hartigan-5487,Zenner Foods,"Senior Manager, Engineering",Marcus Aldridge,1,1,False,0
linkedin.com/in/dana-havercamp-7388,profile_url,dana havercamp,Dana Havercamp,linkedin.com/in/dana-havercamp-7388,Xanthe Labs,Director of Software Engineering,Priya Raghunathan,1,1,False,0
linkedin.com/in/dana-havercamp-vasquez-2520,profile_url,dana havercamp vasquez,Dana Havercamp-Vasquez,linkedin.com/in/dana-havercamp-vasquez-2520,Ambrose Trading,Head of Platform Engineering,Owen Trask,1,1,False,0
linkedin.com/in/dana-hojgaard-9052,profile_url,dana hojgaard,Dana Højgaard,linkedin.com/in/dana-hojgaard-9052,Pale Harbour Studio,Program Manager,Marcus Aldridge,1,1,False,0
linkedin.com/in/dana-ibarra-6032,profile_url,dana ibarra,Dana Ibarra,linkedin.com/in/dana-ibarra-6032,Zenner Foods,Head of Automation,Dana Whitfield,1,1,False,0
linkedin.com/in/dana-ingleby-6216,profile_url,dana ingleby,Dana Ingleby,linkedin.com/in/dana-ingleby-6216,Highmoor Cycles,Staff Engineer,Priya Raghunathan,1,1,False,0
linkedin.com/in/dana-isenberg-3295,profile_url,dana isenberg,Dana Isenberg,linkedin.com/in/dana-isenberg-3295,Elmsworth Tutors,VP Engineering,Dana Whitfield,1,1,False,0
linkedin.com/in/dana-jarrold-1446,profile_url,dana jarrold,Dana Jarrold,linkedin.com/in/dana-jarrold-1446,Whitlock Staffing,Product Director,Marcus Aldridge,1,1,False,0
linkedin.com/in/dana-kettleborough-3551,profile_url,dana kettleborough,Dana Kettleborough,linkedin.com/in/dana-kettleborough-3551,Underwood & Vale,Head of Automation,Marcus Aldridge,1,1,False,0
linkedin.com/in/dana-kirkbride-8572,profile_url,dana kirkbride,Dana Kirkbride,linkedin.com/in/dana-kirkbride-8572,Ondermark Consulting,Platform Lead,Marcus Aldridge,1,1,False,0
linkedin.com/in/dana-lindqvist-1855,profile_url,dana lindqvist,Dana Lindqvist,linkedin.com/in/dana-lindqvist-1855,Ondermark Consulting,VP Enterprise Architecture,Dana Whitfield,1,1,False,0
linkedin.com/in/dana-lomsadze-6404,profile_url,dana lomsadze,Dana Lomsadze,linkedin.com/in/dana-lomsadze-6404,Ondermark Consulting,Head of Developer Productivity,Tomás Beckett,1,1,False,0
linkedin.com/in/dana-marchetti-3990,profile_url,dana marchetti,Dana Marchetti,linkedin.com/in/dana-marchetti-3990,Rooksby Legal,VP Data & Analytics,Marcus Aldridge,1,1,False,0
linkedin.com/in/dana-merriweather-9007,profile_url,dana merriweather,Dana Merriweather,linkedin.com/in/dana-merriweather-9007,Whitlock Staffing,Director of IT,Tomás Beckett,1,1,False,0
linkedin.com/in/dana-mkhize-6309,profile_url,dana mkhize,Dana Mkhize,linkedin.com/in/dana-mkhize-6309,Ambrose Trading,Chief Technology Officer,Dana Whitfield,1,1,False,0
linkedin.com/in/dana-mkhize-ingleby-2005,profile_url,dana mkhize ingleby,Dana Mkhize-Ingleby,linkedin.com/in/dana-mkhize-ingleby-2005,Ondermark Consulting,Engineering Manager,Tomás Beckett,1,1,False,0
linkedin.com/in/dana-nakashima-1859,profile_url,dana nakashima,Dana Nakashima,linkedin.com/in/dana-nakashima-1859,Pale Harbour Studio,Principal Architect,Dana Whitfield,1,1,False,0
linkedin.com/in/dana-nakashima-gluckstein-2551,profile_url,dana nakashima gluckstein,Dana Nakashima-Glückstein,linkedin.com/in/dana-nakashima-gluckstein-2551,Highmoor Cycles,Product Director,Tomás Beckett,1,1,False,0
linkedin.com/in/dana-norrington-8939,profile_url,dana norrington,Dana Norrington,linkedin.com/in/dana-norrington-8939,Inglenook Bakery,Engineering Manager,Priya Raghunathan,1,1,False,0
linkedin.com/in/dana-okonkwo-4048,profile_url,dana okonkwo,Dana Okonkwo,linkedin.com/in/dana-okonkwo-4048,Xanthe Labs,Staff Engineer,Priya Raghunathan,1,1,False,0
linkedin.com/in/dana-okonkwo-drummond-8937,profile_url,dana okonkwo drummond,Dana Okonkwo-Drummond,linkedin.com/in/dana-okonkwo-drummond-8937,Underwood & Vale,Staff Engineer,Owen Trask,1,1,False,0
linkedin.com/in/dana-oldfield-4784,profile_url,dana oldfield,Dana Oldfield,linkedin.com/in/dana-oldfield-4784,Zenner Foods,Program Manager,Marcus Aldridge,1,1,False,0
linkedin.com/in/dana-oyelaran-8161,profile_url,dana oyelaran,Dana Oyelaran,linkedin.com/in/dana-oyelaran-8161,Whitlock Staffing,Head of Platform Engineering,Dana Whitfield,1,1,False,0
linkedin.com/in/dana-petrossian-1297,profile_url,dana petrossian,Dana Petrossian,linkedin.com/in/dana-petrossian-1297,Rooksby Legal,Chief Information Officer,Marcus Aldridge,1,1,False,0
linkedin.com/in/dana-prendergast-4212,profile_url,dana prendergast,Dana Prendergast,linkedin.com/in/dana-prendergast-4212,Underwood & Vale,Director of IT,Marcus Aldridge,1,1,False,0
linkedin.com/in/dana-quillane-2403,profile_url,dana quillane,Dana Quillane,linkedin.com/in/dana-quillane-2403,Dunmowe Travel,"Senior Manager, Engineering",Dana Whitfield,1,1,False,0
linkedin.com/in/dana-rushworth-9464,profile_url,dana rushworth,Dana Rushworth,linkedin.com/in/dana-rushworth-9464,Elmsworth Tutors,Director of Software Engineering,Priya Raghunathan,1,1,False,0
linkedin.com/in/dana-salcedo-1171,profile_url,dana salcedo,Dana Salcedo,linkedin.com/in/dana-salcedo-1171,Whitlock Staffing,SVP Digital,Marcus Aldridge,1,1,False,0
linkedin.com/in/dana-sandoval-1724,profile_url,dana sandoval,Dana Sandoval,linkedin.com/in/dana-sandoval-1724,Pale Harbour Studio,Staff Engineer,Priya Raghunathan,1,1,False,0
linkedin.com/in/dana-thackeray-9098,profile_url,dana thackeray,Dana Thackeray,linkedin.com/in/dana-thackeray-9098,Xanthe Labs,Program Manager,Priya Raghunathan,1,1,False,0
linkedin.com/in/dana-underhill-5868,profile_url,dana underhill,Dana Underhill,linkedin.com/in/dana-underhill-5868,Corbridge Realty,"Senior Manager, Engineering",Marcus Aldridge,1,1,False,0
linkedin.com/in/dana-vandermolen-8770,profile_url,dana vandermolen,Dana Vandermolen,linkedin.com/in/dana-vandermolen-8770,Pale Harbour Studio,Director of Software Engineering,Dana Whitfield,1,1,False,0
linkedin.com/in/dana-vandermolen-kettleborough-8164,profile_url,dana vandermolen kettleborough,Dana Vandermolen-Kettleborough,linkedin.com/in/dana-vandermolen-kettleborough-8164,Highmoor Cycles,Product Director,Elena Duvall,1,1,False,0
linkedin.com/in/dana-vasquez-4143,profile_url,dana vasquez,Dana Vasquez,linkedin.com/in/dana-vasquez-4143,Garrowby Books,Engineering Manager,Marcus Aldridge,1,1,False,0
linkedin.com/in/dana-wexford-8841,profile_url,dana wexford,Dana Wexford,linkedin.com/in/dana-wexford-8841,Whitlock Staffing,SVP Digital,Priya Raghunathan,1,1,False,0
linkedin.com/in/dana-wolstenholme-6188,profile_url,dana wolstenholme,Dana Wolstenholme,linkedin.com/in/dana-wolstenholme-6188,Rooksby Legal,Program Manager,Marcus Aldridge,1,1,False,0
linkedin.com/in/dana-yarrow-4749,profile_url,dana yarrow,Dana Yarrow,linkedin.com/in/dana-yarrow-4749,Yardley Print,SVP Digital,Tomás Beckett,1,1,False,0
linkedin.com/in/dana-zettergren-5614,profile_url,dana zettergren,Dana Zettergren,linkedin.com/in/dana-zettergren-5614,Xanthe Labs,Director of IT,Marcus Aldridge,1,1,False,0
linkedin.com/in/dana-zubkov-7990,profile_url,dana zubkov,Dana Zubkov,linkedin.com/in/dana-zubkov-7990,Underwood & Vale,Chief Data Officer,Dana Whitfield,1,1,False,0
linkedin.com/in/desmond-achterberg-2025,profile_url,desmond achterberg,Desmond Achterberg,linkedin.com/in/desmond-achterberg-2025,Garrowby Books,Platform Lead,Dana Whitfield,1,1,False,0
linkedin.com/in/desmond-ashdown-1383,profile_url,desmond ashdown,Desmond Ashdown,linkedin.com/in/desmond-ashdown-1383,Underwood & Vale,Chief Data Officer,Dana Whitfield,1,1,False,0
linkedin.com/in/desmond-balogun-6282,profile_url,desmond balogun,Desmond Balogun,linkedin.com/in/desmond-balogun-6282,Inglenook Bakery,VP Engineering,Marcus Aldridge,1,1,False,0
linkedin.com/in/desmond-bellinger-6904,profile_url,desmond bellinger,Desmond Bellinger,linkedin.com/in/desmond-bellinger-6904,Pale Harbour Studio,Engineering Manager,Marcus Aldridge,1,1,False,0
linkedin.com/in/desmond-brenneman-9635,profile_url,desmond brenneman,Desmond Brenneman,linkedin.com/in/desmond-brenneman-9635,Whitlock Staffing,Platform Lead,Tomás Beckett,1,1,False,0
linkedin.com/in/desmond-cardoso-1014,profile_url,desmond cardoso,Desmond Cardoso,linkedin.com/in/desmond-cardoso-1014,Meridian Peak Foods,Director of IT,Dana Whitfield; Owen Trask,2,1,False,0
linkedin.com/in/desmond-cathcart-8749,profile_url,desmond cathcart,Desmond Cathcart,linkedin.com/in/desmond-cathcart-8749,Ambrose Trading,Staff Engineer,Priya Raghunathan,1,1,False,0
linkedin.com/in/desmond-crowther-3559,profile_url,desmond crowther,Desmond Crowther,linkedin.com/in/desmond-crowther-3559,Quintrell Advisory,Engineering Manager,Marcus Aldridge,1,1,False,0
linkedin.com/in/desmond-dellinger-2313,profile_url,desmond dellinger,Desmond Dellinger,linkedin.com/in/desmond-dellinger-2313,Tannerly Design,Product Director,Marcus Aldridge,1,1,False,0
linkedin.com/in/desmond-dobrescu-8022,profile_url,desmond dobrescu,Desmond Dobrescu,linkedin.com/in/desmond-dobrescu-8022,Whitlock Staffing,Program Manager,Dana Whitfield,1,1,False,0
linkedin.com/in/desmond-drummond-6583,profile_url,desmond drummond,Desmond Drummond,linkedin.com/in/desmond-drummond-6583,Ambrose Trading,Platform Lead,Priya Raghunathan,1,1,False,0
linkedin.com/in/desmond-eastcott-6068,profile_url,desmond eastcott,Desmond Eastcott,linkedin.com/in/desmond-eastcott-6068,Corbridge Realty,Platform Lead,Priya Raghunathan,1,1,False,0
linkedin.com/in/desmond-egerton-5027,profile_url,desmond egerton,Desmond Egerton,linkedin.com/in/desmond-egerton-5027,Rooksby Legal,Head of Automation,Priya Raghunathan,1,1,False,0
linkedin.com/in/desmond-egerton-vandermolen-6432,profile_url,desmond egerton vandermolen,Desmond Egerton-Vandermolen,linkedin.com/in/desmond-egerton-vandermolen-6432,Tannerly Design,Head of Innovation,Elena Duvall,1,1,False,0
linkedin.com/in/desmond-fairweather-2878,profile_url,desmond fairweather,Desmond Fairweather,linkedin.com/in/desmond-fairweather-2878,Ambrose Trading,Chief Data Officer,Dana Whitfield,1,1,False,0
linkedin.com/in/desmond-falkenrath-7839,profile_url,desmond falkenrath,Desmond Falkenrath,linkedin.com/in/desmond-falkenrath-7839,Vespermill Analytics,Program Manager,Marcus Aldridge,1,1,False,0
linkedin.com/in/desmond-ferreira-4202,profile_url,desmond ferreira,Desmond Ferreira,linkedin.com/in/desmond-ferreira-4202,Bellchamber Media,Head of Automation,Tomás Beckett,1,1,False,0
linkedin.com/in/desmond-fontaine-7328,profile_url,desmond fontaine,Desmond Fontaine,linkedin.com/in/desmond-fontaine-7328,Tannerly Design,Head of Automation,Marcus Aldridge,1,1,False,0
linkedin.com/in/desmond-fontaine-vasquez-8751,profile_url,desmond fontaine vasquez,Desmond Fontaine-Vasquez,linkedin.com/in/desmond-fontaine-vasquez-8751,Zenner Foods,Platform Lead,Elena Duvall,1,1,False,0
linkedin.com/in/desmond-gluckstein-1725,profile_url,desmond gluckstein,Desmond Glückstein,linkedin.com/in/desmond-gluckstein-1725,Xanthe Labs,Head of Developer Productivity,Priya Raghunathan,1,1,False,0
linkedin.com/in/desmond-gluckstein-bellinger-8751,profile_url,desmond gluckstein bellinger,Desmond Glückstein-Bellinger,linkedin.com/in/desmond-gluckstein-bellinger-8751,Inglenook Bakery,Director of Software Engineering,Owen Trask,1,1,False,0
linkedin.com/in/desmond-grimsby-4768,profile_url,desmond grimsby,Desmond Grimsby,linkedin.com/in/desmond-grimsby-4768,Inglenook Bakery,VP Enterprise Architecture,Marcus Aldridge,1,1,False,0
linkedin.com/in/desmond-halloran-8871,profile_url,desmond halloran,Desmond Halloran,linkedin.com/in/desmond-halloran-8871,Quintrell Advisory,Chief Operating Officer,Marcus Aldridge,1,1,False,0
linkedin.com/in/desmond-halloran-thackeray-1392,profile_url,desmond halloran thackeray,Desmond Halloran-Thackeray,linkedin.com/in/desmond-halloran-thackeray-1392,Ondermark Consulting,Director of IT,Owen Trask,1,1,False,0
linkedin.com/in/desmond-hartigan-7885,profile_url,desmond hartigan,Desmond Hartigan,linkedin.com/in/desmond-hartigan-7885,Dunmowe Travel,Head of Innovation,Tomás Beckett,1,1,False,0
linkedin.com/in/desmond-hartigan-rushworth-5355,profile_url,desmond hartigan rushworth,Desmond Hartigan-Rushworth,linkedin.com/in/desmond-hartigan-rushworth-5355,Corbridge Realty,Director of IT,Elena Duvall,1,1,False,0
linkedin.com/in/desmond-havercamp-2323,profile_url,desmond havercamp,Desmond Havercamp,linkedin.com/in/desmond-havercamp-2323,Quintrell Advisory,"Senior Manager, Engineering",Dana Whitfield,1,1,False,0
linkedin.com/in/desmond-hojgaard-9055,profile_url,desmond hojgaard,Desmond Højgaard,linkedin.com/in/desmond-hojgaard-9055,Quintrell Advisory,Staff Engineer,Priya Raghunathan,1,1,False,0
name:desmond ibarra,name_only,desmond ibarra,Desmond Ibarra,,Ambrose Trading,Product Director,Marcus Aldridge,1,1,False,1
linkedin.com/in/desmond-ingleby-2452,profile_url,desmond ingleby,Desmond Ingleby,linkedin.com/in/desmond-ingleby-2452,Rooksby Legal,Staff Engineer,Marcus Aldridge,1,1,False,0
linkedin.com/in/desmond-ingleby-norrington-3069,profile_url,desmond ingleby norrington,Desmond Ingleby-Norrington,linkedin.com/in/desmond-ingleby-norrington-3069,Highmoor Cycles,Director of Software Engineering,Elena Duvall,1,1,False,0
name:desmond ingleby zubkov,name_only,desmond ingleby zubkov,Desmond Ingleby-Zubkov,,Inglenook Bakery,"Senior Manager, Engineering",Elena Duvall,1,1,False,1
linkedin.com/in/desmond-isenberg-5779,profile_url,desmond isenberg,Desmond Isenberg,linkedin.com/in/desmond-isenberg-5779,Bellchamber Media,"Senior Manager, Engineering",Priya Raghunathan,1,1,False,0
linkedin.com/in/desmond-jarrold-9762,profile_url,desmond jarrold,Desmond Jarrold,linkedin.com/in/desmond-jarrold-9762,Yardley Print,Head of Innovation,Dana Whitfield,1,1,False,0
linkedin.com/in/desmond-kettleborough-9223,profile_url,desmond kettleborough,Desmond Kettleborough,linkedin.com/in/desmond-kettleborough-9223,Zenner Foods,Platform Lead,Marcus Aldridge,1,1,False,0
linkedin.com/in/desmond-kettleborough-cardoso-6458,profile_url,desmond kettleborough cardoso,Desmond Kettleborough-Cardoso,linkedin.com/in/desmond-kettleborough-cardoso-6458,Yardley Print,Staff Engineer,Owen Trask,1,1,False,0
linkedin.com/in/desmond-kirkbride-6481,profile_url,desmond kirkbride,Desmond Kirkbride,linkedin.com/in/desmond-kirkbride-6481,Yardley Print,Head of Platform Engineering,Dana Whitfield,1,1,False,0
linkedin.com/in/desmond-lindqvist-1117,profile_url,desmond lindqvist,Desmond Lindqvist,linkedin.com/in/desmond-lindqvist-1117,Rooksby Legal,SVP Digital,Tomás Beckett,1,1,False,0
linkedin.com/in/desmond-lomsadze-6524,profile_url,desmond lomsadze,Desmond Lomsadze,linkedin.com/in/desmond-lomsadze-6524,Vespermill Analytics,Director of IT,Marcus Aldridge,1,1,False,0
linkedin.com/in/desmond-marchetti-3995,profile_url,desmond marchetti,Desmond Marchetti,linkedin.com/in/desmond-marchetti-3995,Vespermill Analytics,Engineering Manager,Marcus Aldridge,1,1,False,0
linkedin.com/in/desmond-merriweather-3105,profile_url,desmond merriweather,Desmond Merriweather,linkedin.com/in/desmond-merriweather-3105,Bellchamber Media,Engineering Manager,Marcus Aldridge,1,1,False,0
linkedin.com/in/desmond-mkhize-9307,profile_url,desmond mkhize,Desmond Mkhize,linkedin.com/in/desmond-mkhize-9307,Underwood & Vale,Head of Developer Productivity,Dana Whitfield,1,1,False,0
linkedin.com/in/desmond-nakashima-5403,profile_url,desmond nakashima,Desmond Nakashima,linkedin.com/in/desmond-nakashima-5403,Pale Harbour Studio,Chief Operating Officer,Dana Whitfield,1,1,False,0
linkedin.com/in/desmond-norrington-9544,profile_url,desmond norrington,Desmond Norrington,linkedin.com/in/desmond-norrington-9544,Tannerly Design,Principal Architect,Dana Whitfield,1,1,False,0
linkedin.com/in/desmond-okonkwo-7909,profile_url,desmond okonkwo,Desmond Okonkwo,linkedin.com/in/desmond-okonkwo-7909,Pale Harbour Studio,Head of Automation,Marcus Aldridge,1,1,False,0
linkedin.com/in/desmond-oldfield-9209,profile_url,desmond oldfield,Desmond Oldfield,linkedin.com/in/desmond-oldfield-9209,Ambrose Trading,Staff Engineer,Tomás Beckett,1,1,False,0
linkedin.com/in/desmond-oldfield-yarrow-4379,profile_url,desmond oldfield yarrow,Desmond Oldfield-Yarrow,linkedin.com/in/desmond-oldfield-yarrow-4379,Vespermill Analytics,Staff Engineer,Elena Duvall,1,1,False,0
linkedin.com/in/desmond-oyelaran-5988,profile_url,desmond oyelaran,Desmond Oyelaran,linkedin.com/in/desmond-oyelaran-5988,Underwood & Vale,Principal Architect,Marcus Aldridge,1,1,False,0
linkedin.com/in/desmond-petrossian-1180,profile_url,desmond petrossian,Desmond Petrossian,linkedin.com/in/desmond-petrossian-1180,Yardley Print,Engineering Manager,Marcus Aldridge,1,1,False,0
linkedin.com/in/desmond-petrossian-vasquez-6902,profile_url,desmond petrossian vasquez,Desmond Petrossian-Vasquez,linkedin.com/in/desmond-petrossian-vasquez-6902,Quintrell Advisory,Engineering Manager,Tomás Beckett,1,1,False,0
name:desmond prendergast,name_only,desmond prendergast,Desmond Prendergast,,Rooksby Legal,"Senior Manager, Engineering",Dana Whitfield,1,1,False,1
linkedin.com/in/desmond-quillane-4349,profile_url,desmond quillane,Desmond Quillane,linkedin.com/in/desmond-quillane-4349,Dunmowe Travel,Head of Innovation,Marcus Aldridge,1,1,False,0
linkedin.com/in/desmond-rushworth-2452,profile_url,desmond rushworth,Desmond Rushworth,linkedin.com/in/desmond-rushworth-2452,Fairbourne Fitness,Product Director,Marcus Aldridge,1,1,False,0
linkedin.com/in/desmond-salcedo-6730,profile_url,desmond salcedo,Desmond Salcedo,linkedin.com/in/desmond-salcedo-6730,Inglenook Bakery,Engineering Manager,Marcus Aldridge,1,1,False,0
linkedin.com/in/desmond-sandoval-2275,profile_url,desmond sandoval,Desmond Sandoval,linkedin.com/in/desmond-sandoval-2275,Fairbourne Fitness,"Senior Manager, Engineering",Marcus Aldridge,1,1,False,0
linkedin.com/in/desmond-thackeray-6616,profile_url,desmond thackeray,Desmond Thackeray,linkedin.com/in/desmond-thackeray-6616,Pale Harbour Studio,Head of Platform Engineering,Dana Whitfield,1,1,False,0
linkedin.com/in/desmond-underhill-9779,profile_url,desmond underhill,Desmond Underhill,linkedin.com/in/desmond-underhill-9779,Tannerly Design,Program Manager,Dana Whitfield,1,1,False,0
linkedin.com/in/desmond-vandermolen-2713,profile_url,desmond vandermolen,Desmond Vandermolen,linkedin.com/in/desmond-vandermolen-2713,Ambrose Trading,Head of Platform Engineering,Priya Raghunathan,1,1,False,0
linkedin.com/in/desmond-vasquez-9287,profile_url,desmond vasquez,Desmond Vasquez,linkedin.com/in/desmond-vasquez-9287,Zenner Foods,Director of Software Engineering,Dana Whitfield,1,1,False,0
name:desmond wexford,name_only,desmond wexford,Desmond Wexford,,Underwood & Vale,Chief Technology Officer,Dana Whitfield,1,1,False,1
linkedin.com/in/desmond-wexford-brenneman-9913,profile_url,desmond wexford brenneman,Desmond Wexford-Brenneman,linkedin.com/in/desmond-wexford-brenneman-9913,Yardley Print,Program Manager,Elena Duvall,1,1,False,0
linkedin.com/in/desmond-wolstenholme-3951,profile_url,desmond wolstenholme,Desmond Wolstenholme,linkedin.com/in/desmond-wolstenholme-3951,Yardley Print,Platform Lead,Tomás Beckett,1,1,False,0
linkedin.com/in/desmond-yarrow-3294,profile_url,desmond yarrow,Desmond Yarrow,linkedin.com/in/desmond-yarrow-3294,Ondermark Consulting,Product Director,Dana Whitfield,1,1,False,0
linkedin.com/in/desmond-zettergren-9930,profile_url,desmond zettergren,Desmond Zettergren,linkedin.com/in/desmond-zettergren-9930,Ambrose Trading,VP Data & Analytics,Tomás Beckett,1,1,False,0
linkedin.com/in/desmond-zubkov-8454,profile_url,desmond zubkov,Desmond Zubkov,linkedin.com/in/desmond-zubkov-8454,Garrowby Books,Staff Engineer,Dana Whitfield,1,1,False,0
linkedin.com/in/dev-achterberg-8071,profile_url,dev achterberg,Dev Achterberg,linkedin.com/in/dev-achterberg-8071,Quintrell Advisory,VP Enterprise Architecture,Priya Raghunathan,1,1,False,0
linkedin.com/in/dev-ashdown-6773,profile_url,dev ashdown,Dev Ashdown,linkedin.com/in/dev-ashdown-6773,Yardley Print,Program Manager,Marcus Aldridge,1,1,False,0
linkedin.com/in/dev-balogun-9198,profile_url,dev balogun,Dev Balogun,linkedin.com/in/dev-balogun-9198,Ondermark Consulting,Chief Information Officer,Priya Raghunathan,1,1,False,0
linkedin.com/in/dev-balogun-lomsadze-4848,profile_url,dev balogun lomsadze,Dev Balogun-Lomsadze,linkedin.com/in/dev-balogun-lomsadze-4848,Highmoor Cycles,Director of IT,Elena Duvall,1,1,False,0
linkedin.com/in/dev-balogun-marchetti-7541,profile_url,dev balogun marchetti,Dev Balogun-Marchetti,linkedin.com/in/dev-balogun-marchetti-7541,Garrowby Books,Head of Automation,Tomás Beckett,1,1,False,0
linkedin.com/in/dev-bellinger-9896,profile_url,dev bellinger,Dev Bellinger,linkedin.com/in/dev-bellinger-9896,Inglenook Bakery,"Senior Manager, Engineering",Dana Whitfield,1,1,False,0
linkedin.com/in/dev-bellinger-ingleby-6276,profile_url,dev bellinger ingleby,Dev Bellinger-Ingleby,linkedin.com/in/dev-bellinger-ingleby-6276,Rooksby Legal,Chief Digital Officer,Elena Duvall,1,1,False,0
linkedin.com/in/dev-brenneman-2424,profile_url,dev brenneman,Dev Brenneman,linkedin.com/in/dev-brenneman-2424,Underwood & Vale,Product Director,Dana Whitfield,1,1,False,0
linkedin.com/in/dev-cardoso-3905,profile_url,dev cardoso,Dev Cardoso,linkedin.com/in/dev-cardoso-3905,Ambrose Trading,Platform Lead,Tomás Beckett,1,1,False,0
linkedin.com/in/dev-cathcart-3764,profile_url,dev cathcart,Dev Cathcart,linkedin.com/in/dev-cathcart-3764,Highmoor Cycles,Staff Engineer,Marcus Aldridge,1,1,False,0
linkedin.com/in/dev-crowther-3732,profile_url,dev crowther,Dev Crowther,linkedin.com/in/dev-crowther-3732,Highmoor Cycles,VP Engineering,Priya Raghunathan,1,1,False,0
linkedin.com/in/dev-dellinger-7872,profile_url,dev dellinger,Dev Dellinger,linkedin.com/in/dev-dellinger-7872,Elmsworth Tutors,VP Data & Analytics,Dana Whitfield,1,1,False,0
name:dev dobrescu,name_only,dev dobrescu,Dev Dobrescu,,Yardley Print,Engineering Manager,Priya Raghunathan,1,1,False,1
linkedin.com/in/dev-drummond-9813,profile_url,dev drummond,Dev Drummond,linkedin.com/in/dev-drummond-9813,Tannerly Design,Product Director,Priya Raghunathan,1,1,False,0
linkedin.com/in/dev-drummond-petrossian-7665,profile_url,dev drummond petrossian,Dev Drummond-Petrossian,linkedin.com/in/dev-drummond-petrossian-7665,Corbridge Realty,Chief Operating Officer,Owen Trask,1,1,False,0
linkedin.com/in/dev-eastcott-3791,profile_url,dev eastcott,Dev Eastcott,linkedin.com/in/dev-eastcott-3791,Tannerly Design,Head of Innovation,Marcus Aldridge,1,1,False,0
linkedin.com/in/dev-egerton-5248,profile_url,dev egerton,Dev Egerton,linkedin.com/in/dev-egerton-5248,Vespermill Analytics,Head of Innovation,Marcus Aldridge,1,1,False,0
linkedin.com/in/dev-fairweather-6974,profile_url,dev fairweather,Dev Fairweather,linkedin.com/in/dev-fairweather-6974,Garrowby Books,Program Manager,Marcus Aldridge,1,1,False,0
linkedin.com/in/dev-fairweather-dellinger-5422,profile_url,dev fairweather dellinger,Dev Fairweather-Dellinger,linkedin.com/in/dev-fairweather-dellinger-5422,Dunmowe Travel,Head of Automation,Owen Trask,1,1,False,0
linkedin.com/in/dev-falkenrath-1916,profile_url,dev falkenrath,Dev Falkenrath,linkedin.com/in/dev-falkenrath-1916,Underwood & Vale,Chief Operating Officer,Tomás Beckett,1,1,False,0
linkedin.com/in/dev-ferreira-6526,profile_url,dev ferreira,Dev Ferreira,linkedin.com/in/dev-ferreira-6526,Inglenook Bakery,Engineering Manager,Marcus Aldridge,1,1,False,0
linkedin.com/in/dev-ferreira-rushworth-8813,profile_url,dev ferreira rushworth,Dev Ferreira-Rushworth,linkedin.com/in/dev-ferreira-rushworth-8813,Yardley Print,Chief Information Officer,Elena Duvall,1,1,False,0
linkedin.com/in/dev-fontaine-9229,profile_url,dev fontaine,Dev Fontaine,linkedin.com/in/dev-fontaine-9229,Highmoor Cycles,Staff Engineer,Dana Whitfield,1,1,False,0
linkedin.com/in/dev-gluckstein-2561,profile_url,dev gluckstein,Dev Glückstein,linkedin.com/in/dev-gluckstein-2561,Corbridge Realty,VP Data & Analytics,Priya Raghunathan,1,1,False,0
linkedin.com/in/dev-grimsby-8983,profile_url,dev grimsby,Dev Grimsby,linkedin.com/in/dev-grimsby-8983,Xanthe Labs,Head of Innovation,Marcus Aldridge,1,1,False,0
linkedin.com/in/dev-grimsby-quillane-1474,profile_url,dev grimsby quillane,Dev Grimsby-Quillane,linkedin.com/in/dev-grimsby-quillane-1474,Whitlock Staffing,VP Engineering,Elena Duvall,1,1,False,0
linkedin.com/in/dev-halloran-5803,profile_url,dev halloran,Dev Halloran,linkedin.com/in/dev-halloran-5803,Elmsworth Tutors,Director of IT,Dana Whitfield,1,1,False,0
name:dev halloran dobrescu,name_only,dev halloran dobrescu,Dev Halloran-Dobrescu,,Bellchamber Media,SVP Digital,Elena Duvall,1,1,False,1
linkedin.com/in/dev-hartigan-3430,profile_url,dev hartigan,Dev Hartigan,linkedin.com/in/dev-hartigan-3430,Pale Harbour Studio,"Senior Manager, Engineering",Tomás Beckett,1,1,False,0
linkedin.com/in/dev-hartigan-jarrold-4762,profile_url,dev hartigan jarrold,Dev Hartigan-Jarrold,linkedin.com/in/dev-hartigan-jarrold-4762,Quintrell Advisory,Head of Automation,Elena Duvall,1,1,False,0
name:dev havercamp,name_only,dev havercamp,Dev Havercamp,,Ambrose Trading,Director of Software Engineering,Dana Whitfield,1,1,False,1
linkedin.com/in/dev-hojgaard-4491,profile_url,dev hojgaard,Dev Højgaard,linkedin.com/in/dev-hojgaard-4491,Zenner Foods,Chief Data Officer,Dana Whitfield,1,1,False,0
linkedin.com/in/dev-ibarra-4593,profile_url,dev ibarra,Dev Ibarra,linkedin.com/in/dev-ibarra-4593,Zenner Foods,Platform Lead,Tomás Beckett,1,1,False,0
linkedin.com/in/dev-ingleby-1191,profile_url,dev ingleby,Dev Ingleby,linkedin.com/in/dev-ingleby-1191,Meridian Peak Foods,Head of Platform Engineering,Priya Raghunathan,1,1,False,0
linkedin.com/in/dev-isenberg-1983,profile_url,dev isenberg,Dev Isenberg,linkedin.com/in/dev-isenberg-1983,Quintrell Advisory,Program Manager,Dana Whitfield,1,1,False,0
linkedin.com/in/dev-isenberg-crowther-5738,profile_url,dev isenberg crowther,Dev Isenberg-Crowther,linkedin.com/in/dev-isenberg-crowther-5738,Zenner Foods,Chief Operating Officer,Owen Trask,1,1,False,0
linkedin.com/in/dev-isenberg-thackeray-3647,profile_url,dev isenberg thackeray,Dev Isenberg-Thackeray,linkedin.com/in/dev-isenberg-thackeray-3647,Vespermill Analytics,Chief Data Officer,Tomás Beckett,1,1,False,0
linkedin.com/in/dev-jarrold-8234,profile_url,dev jarrold,Dev Jarrold,linkedin.com/in/dev-jarrold-8234,Dunmowe Travel,VP Engineering,Tomás Beckett,1,1,False,0
linkedin.com/in/dev-jarrold-hartigan-9685,profile_url,dev jarrold hartigan,Dev Jarrold-Hartigan,linkedin.com/in/dev-jarrold-hartigan-9685,Pale Harbour Studio,Platform Lead,Owen Trask,1,1,False,0
linkedin.com/in/dev-kettleborough-8957,profile_url,dev kettleborough,Dev Kettleborough,linkedin.com/in/dev-kettleborough-8957,Inglenook Bakery,Head of Developer Productivity,Tomás Beckett,1,1,False,0
linkedin.com/in/dev-kirkbride-2608,profile_url,dev kirkbride,Dev Kirkbride,linkedin.com/in/dev-kirkbride-2608,Corbridge Realty,Platform Lead,Priya Raghunathan,1,1,False,0
linkedin.com/in/dev-lindqvist-3620,profile_url,dev lindqvist,Dev Lindqvist,linkedin.com/in/dev-lindqvist-3620,Tannerly Design,Engineering Manager,Priya Raghunathan,1,1,False,0
linkedin.com/in/dev-lomsadze-8035,profile_url,dev lomsadze,Dev Lomsadze,linkedin.com/in/dev-lomsadze-8035,Rooksby Legal,Head of Developer Productivity,Priya Raghunathan,1,1,False,0
linkedin.com/in/dev-marchetti-6867,profile_url,dev marchetti,Dev Marchetti,linkedin.com/in/dev-marchetti-6867,Quintrell Advisory,Head of Innovation,Priya Raghunathan,1,1,False,0
linkedin.com/in/dev-merriweather-3825,profile_url,dev merriweather,Dev Merriweather,linkedin.com/in/dev-merriweather-3825,Ambrose Trading,Chief Technology Officer,Tomás Beckett,1,1,False,0
linkedin.com/in/dev-mkhize-5583,profile_url,dev mkhize,Dev Mkhize,linkedin.com/in/dev-mkhize-5583,Yardley Print,Head of Innovation,Marcus Aldridge,1,1,False,0
linkedin.com/in/dev-nakashima-8969,profile_url,dev nakashima,Dev Nakashima,linkedin.com/in/dev-nakashima-8969,Dunmowe Travel,"Senior Manager, Engineering",Tomás Beckett,1,1,False,0
linkedin.com/in/dev-norrington-4860,profile_url,dev norrington,Dev Norrington,linkedin.com/in/dev-norrington-4860,Elmsworth Tutors,"Senior Manager, Engineering",Marcus Aldridge,1,1,False,0
linkedin.com/in/dev-norrington-cardoso-7869,profile_url,dev norrington cardoso,Dev Norrington-Cardoso,linkedin.com/in/dev-norrington-cardoso-7869,Elmsworth Tutors,Head of Developer Productivity,Owen Trask,1,1,False,0
linkedin.com/in/dev-okonkwo-1830,profile_url,dev okonkwo,Dev Okonkwo,linkedin.com/in/dev-okonkwo-1830,Garrowby Books,Director of IT,Priya Raghunathan,1,1,False,0
linkedin.com/in/dev-oldfield-4307,profile_url,dev oldfield,Dev Oldfield,linkedin.com/in/dev-oldfield-4307,Yardley Print,Head of Automation,Priya Raghunathan,1,1,False,0
linkedin.com/in/dev-oyelaran-2084,profile_url,dev oyelaran,Dev Oyelaran,linkedin.com/in/dev-oyelaran-2084,Vespermill Analytics,Chief Digital Officer,Priya Raghunathan,1,1,False,0
linkedin.com/in/dev-oyelaran-lindqvist-4845,profile_url,dev oyelaran lindqvist,Dev Oyelaran-Lindqvist,linkedin.com/in/dev-oyelaran-lindqvist-4845,Highmoor Cycles,Platform Lead,Tomás Beckett,1,1,False,0
linkedin.com/in/dev-petrossian-4759,profile_url,dev petrossian,Dev Petrossian,linkedin.com/in/dev-petrossian-4759,Whitlock Staffing,Product Director,Dana Whitfield,1,1,False,0
linkedin.com/in/dev-prendergast-2282,profile_url,dev prendergast,Dev Prendergast,linkedin.com/in/dev-prendergast-2282,Zenner Foods,Director of IT,Priya Raghunathan,1,1,False,0
linkedin.com/in/dev-prendergast-zubkov-7194,profile_url,dev prendergast zubkov,Dev Prendergast-Zubkov,linkedin.com/in/dev-prendergast-zubkov-7194,Fairbourne Fitness,Program Manager,Owen Trask,1,1,False,0
linkedin.com/in/dev-quillane-3774,profile_url,dev quillane,Dev Quillane,linkedin.com/in/dev-quillane-3774,Inglenook Bakery,Staff Engineer,Dana Whitfield,1,1,False,0
linkedin.com/in/dev-rushworth-1305,profile_url,dev rushworth,Dev Rushworth,linkedin.com/in/dev-rushworth-1305,Dunmowe Travel,Product Director,Marcus Aldridge,1,1,False,0
linkedin.com/in/dev-salcedo-2380,profile_url,dev salcedo,Dev Salcedo,linkedin.com/in/dev-salcedo-2380,Tannerly Design,Director of IT,Marcus Aldridge,1,1,False,0
linkedin.com/in/dev-sandoval-2560,profile_url,dev sandoval,Dev Sandoval,linkedin.com/in/dev-sandoval-2560,Inglenook Bakery,Principal Architect,Priya Raghunathan,1,1,False,0
linkedin.com/in/dev-thackeray-2420,profile_url,dev thackeray,Dev Thackeray,linkedin.com/in/dev-thackeray-2420,Pale Harbour Studio,VP Enterprise Architecture,Tomás Beckett,1,1,False,0
linkedin.com/in/dev-thackeray-dellinger-4541,profile_url,dev thackeray dellinger,Dev Thackeray-Dellinger,linkedin.com/in/dev-thackeray-dellinger-4541,Garrowby Books,Head of Platform Engineering,Elena Duvall,1,1,False,0
linkedin.com/in/dev-underhill-4912,profile_url,dev underhill,Dev Underhill,linkedin.com/in/dev-underhill-4912,Whitlock Staffing,Engineering Manager,Marcus Aldridge,1,1,False,0
linkedin.com/in/dev-vandermolen-7781,profile_url,dev vandermolen,Dev Vandermolen,linkedin.com/in/dev-vandermolen-7781,Yardley Print,Head of Automation,Tomás Beckett,1,1,False,0
linkedin.com/in/dev-vasquez-8084,profile_url,dev vasquez,Dev Vasquez,linkedin.com/in/dev-vasquez-8084,Tannerly Design,Head of Automation,Tomás Beckett,1,1,False,0
linkedin.com/in/dev-wexford-3357,profile_url,dev wexford,Dev Wexford,linkedin.com/in/dev-wexford-3357,Bellchamber Media,Chief Technology Officer,Tomás Beckett,1,1,False,0
linkedin.com/in/dev-wolstenholme-6901,profile_url,dev wolstenholme,Dev Wolstenholme,linkedin.com/in/dev-wolstenholme-6901,Pale Harbour Studio,Engineering Manager,Dana Whitfield,1,1,False,0
name:dev yarrow,name_only,dev yarrow,Dev Yarrow,,Dunmowe Travel,"Senior Manager, Engineering",Tomás Beckett,1,1,False,1
linkedin.com/in/dev-zettergren-8872,profile_url,dev zettergren,Dev Zettergren,linkedin.com/in/dev-zettergren-8872,Ambrose Trading,Platform Lead,Dana Whitfield,1,1,False,0
linkedin.com/in/dev-zettergren-kettleborough-9069,profile_url,dev zettergren kettleborough,Dev Zettergren-Kettleborough,linkedin.com/in/dev-zettergren-kettleborough-9069,Corbridge Realty,SVP Digital,Tomás Beckett,1,1,False,0
linkedin.com/in/dev-zubkov-7983,profile_url,dev zubkov,Dev Zubkov,linkedin.com/in/dev-zubkov-7983,Elmsworth Tutors,Staff Engineer,Dana Whitfield,1,1,False,0
linkedin.com/in/devin-achterberg-3624,profile_url,devin achterberg,Devin Achterberg,linkedin.com/in/devin-achterberg-3624,Rooksby Legal,"Senior Manager, Engineering",Marcus Aldridge,1,1,False,0
linkedin.com/in/devin-ashdown-6329,profile_url,devin ashdown,Devin Ashdown,linkedin.com/in/devin-ashdown-6329,Whitlock Staffing,VP Data & Analytics,Dana Whitfield,1,1,False,0
linkedin.com/in/devin-balogun-7656,profile_url,devin balogun,Devin Balogun,linkedin.com/in/devin-balogun-7656,Elmsworth Tutors,VP Data & Analytics,Dana Whitfield,1,1,False,0
linkedin.com/in/devin-bellinger-5104,profile_url,devin bellinger,Devin Bellinger,linkedin.com/in/devin-bellinger-5104,Highmoor Cycles,"Senior Manager, Engineering",Marcus Aldridge,1,1,False,0
linkedin.com/in/devin-bellinger-zubkov-9825,profile_url,devin bellinger zubkov,Devin Bellinger-Zubkov,linkedin.com/in/devin-bellinger-zubkov-9825,Underwood & Vale,Director of Software Engineering,Owen Trask,1,1,False,0
linkedin.com/in/devin-brenneman-4584,profile_url,devin brenneman,Devin Brenneman,linkedin.com/in/devin-brenneman-4584,Xanthe Labs,Chief Data Officer,Marcus Aldridge,1,1,False,0
linkedin.com/in/devin-brenneman-oldfield-4888,profile_url,devin brenneman oldfield,Devin Brenneman-Oldfield,linkedin.com/in/devin-brenneman-oldfield-4888,Corbridge Realty,Platform Lead,Owen Trask,1,1,False,0
linkedin.com/in/devin-cardoso-8803,profile_url,devin cardoso,Devin Cardoso,linkedin.com/in/devin-cardoso-8803,Elmsworth Tutors,SVP Digital,Dana Whitfield,1,1,False,0
name:devin cathcart,name_only,devin cathcart,Devin Cathcart,,Vespermill Analytics,Chief Data Officer,Marcus Aldridge,1,1,False,1
linkedin.com/in/devin-cathcart-fontaine-9467,profile_url,devin cathcart fontaine,Devin Cathcart-Fontaine,linkedin.com/in/devin-cathcart-fontaine-9467,Inglenook Bakery,Product Director,Owen Trask,1,1,False,0
name:devin crowther,name_only,devin crowther,Devin Crowther,,Zenner Foods,Program Manager,Marcus Aldridge,1,1,False,1
name:devin crowther zettergren,name_only,devin crowther zettergren,Devin Crowther-Zettergren,,Vespermill Analytics,Head of Platform Engineering,Tomás Beckett,1,1,False,1
linkedin.com/in/devin-dellinger-5765,profile_url,devin dellinger,Devin Dellinger,linkedin.com/in/devin-dellinger-5765,Elmsworth Tutors,"Senior Manager, Engineering",Dana Whitfield,1,1,False,0
linkedin.com/in/devin-dobrescu-6033,profile_url,devin dobrescu,Devin Dobrescu,linkedin.com/in/devin-dobrescu-6033,Xanthe Labs,Head of Platform Engineering,Tomás Beckett,1,1,False,0
linkedin.com/in/devin-drummond-3275,profile_url,devin drummond,Devin Drummond,linkedin.com/in/devin-drummond-3275,Underwood & Vale,VP Engineering,Dana Whitfield,1,1,False,0
linkedin.com/in/devin-eastcott-2592,profile_url,devin eastcott,Devin Eastcott,linkedin.com/in/devin-eastcott-2592,Quintrell Advisory,"Senior Manager, Engineering",Dana Whitfield,1,1,False,0
linkedin.com/in/devin-egerton-2882,profile_url,devin egerton,Devin Egerton,linkedin.com/in/devin-egerton-2882,Zenner Foods,Principal Architect,Marcus Aldridge,1,1,False,0
linkedin.com/in/devin-egerton-cardoso-1756,profile_url,devin egerton cardoso,Devin Egerton-Cardoso,linkedin.com/in/devin-egerton-cardoso-1756,Corbridge Realty,SVP Digital,Elena Duvall,1,1,False,0
linkedin.com/in/devin-egerton-crowther-2301,profile_url,devin egerton crowther,Devin Egerton-Crowther,linkedin.com/in/devin-egerton-crowther-2301,Inglenook Bakery,Head of Automation,Tomás Beckett,1,1,False,0
linkedin.com/in/devin-egerton-hartigan-4629,profile_url,devin egerton hartigan,Devin Egerton-Hartigan,linkedin.com/in/devin-egerton-hartigan-4629,Xanthe Labs,Chief Information Officer,Tomás Beckett,1,1,False,0
linkedin.com/in/devin-fairweather-7268,profile_url,devin fairweather,Devin Fairweather,linkedin.com/in/devin-fairweather-7268,Inglenook Bakery,Engineering Manager,Tomás Beckett,1,1,False,0
name:devin falkenrath,name_only,devin falkenrath,Devin Falkenrath,,Garrowby Books,"Senior Manager, Engineering",Dana Whitfield,1,1,False,1
linkedin.com/in/devin-ferreira-2816,profile_url,devin ferreira,Devin Ferreira,linkedin.com/in/devin-ferreira-2816,Vespermill Analytics,Platform Lead,Marcus Aldridge,1,1,False,0
linkedin.com/in/devin-fontaine-9957,profile_url,devin fontaine,Devin Fontaine,linkedin.com/in/devin-fontaine-9957,Inglenook Bakery,Staff Engineer,Dana Whitfield,1,1,False,0
linkedin.com/in/devin-gluckstein-7618,profile_url,devin gluckstein,Devin Glückstein,linkedin.com/in/devin-gluckstein-7618,Fairbourne Fitness,Engineering Manager,Priya Raghunathan,1,1,False,0
linkedin.com/in/devin-grimsby-1676,profile_url,devin grimsby,Devin Grimsby,linkedin.com/in/devin-grimsby-1676,Elmsworth Tutors,Principal Architect,Marcus Aldridge,1,1,False,0
linkedin.com/in/devin-halloran-2699,profile_url,devin halloran,Devin Halloran,linkedin.com/in/devin-halloran-2699,Bellchamber Media,Product Director,Tomás Beckett,1,1,False,0
linkedin.com/in/devin-hartigan-6672,profile_url,devin hartigan,Devin Hartigan,linkedin.com/in/devin-hartigan-6672,Inglenook Bakery,Chief Technology Officer,Marcus Aldridge,1,1,False,0
linkedin.com/in/devin-hartigan-eastcott-8993,profile_url,devin hartigan eastcott,Devin Hartigan-Eastcott,linkedin.com/in/devin-hartigan-eastcott-8993,Whitlock Staffing,Product Director,Tomás Beckett,1,1,False,0
linkedin.com/in/devin-havercamp-7790,profile_url,devin havercamp,Devin Havercamp,linkedin.com/in/devin-havercamp-7790,Elmsworth Tutors,Principal Architect,Dana Whitfield,1,1,False,0
linkedin.com/in/devin-hojgaard-2285,profile_url,devin hojgaard,Devin Højgaard,linkedin.com/in/devin-hojgaard-2285,Ambrose Trading,Staff Engineer,Marcus Aldridge,1,1,False,0
linkedin.com/in/devin-hojgaard-kettleborough-4208,profile_url,devin hojgaard kettleborough,Devin Højgaard-Kettleborough,linkedin.com/in/devin-hojgaard-kettleborough-4208,Inglenook Bakery,Director of Software Engineering,Elena Duvall,1,1,False,0
linkedin.com/in/devin-ibarra-3372,profile_url,devin ibarra,Devin Ibarra,linkedin.com/in/devin-ibarra-3372,Xanthe Labs,Program Manager,Priya Raghunathan,1,1,False,0
linkedin.com/in/devin-ibarra-balogun-2421,profile_url,devin ibarra balogun,Devin Ibarra-Balogun,linkedin.com/in/devin-ibarra-balogun-2421,Underwood & Vale,Principal Architect,Elena Duvall,1,1,False,0
linkedin.com/in/devin-ingleby-3337,profile_url,devin ingleby,Devin Ingleby,linkedin.com/in/devin-ingleby-3337,Bellchamber Media,Principal Architect,Marcus Aldridge,1,1,False,0
name:devin ingleby ibarra,name_only,devin ingleby ibarra,Devin Ingleby-Ibarra,,Pale Harbour Studio,Head of Innovation,Tomás Beckett,1,1,False,1
linkedin.com/in/devin-isenberg-3555,profile_url,devin isenberg,Devin Isenberg,linkedin.com/in/devin-isenberg-3555,Ambrose Trading,SVP Digital,Dana Whitfield,1,1,False,0
linkedin.com/in/devin-jarrold-3853,profile_url,devin jarrold,Devin Jarrold,linkedin.com/in/devin-jarrold-3853,Whitlock Staffing,"Senior Manager, Engineering",Dana Whitfield,1,1,False,0
name:devin kettleborough,name_only,devin kettleborough,Devin Kettleborough,,Vespermill Analytics,"Senior Manager, Engineering",Dana Whitfield,1,1,False,1
linkedin.com/in/devin-kettleborough-dobrescu-9556,profile_url,devin kettleborough dobrescu,Devin Kettleborough-Dobrescu,linkedin.com/in/devin-kettleborough-dobrescu-9556,Pale Harbour Studio,Head of Automation,Tomás Beckett,1,1,False,0
linkedin.com/in/devin-kirkbride-7666,profile_url,devin kirkbride,Devin Kirkbride,linkedin.com/in/devin-kirkbride-7666,Corbridge Realty,Staff Engineer,Marcus Aldridge,1,1,False,0
name:devin kirkbride bellinger,name_only,devin kirkbride bellinger,Devin Kirkbride-Bellinger,,Zenner Foods,Product Director,Owen Trask,1,1,False,1
linkedin.com/in/devin-lindqvist-5521,profile_url,devin lindqvist,Devin Lindqvist,linkedin.com/in/devin-lindqvist-5521,Tannerly Design,Engineering Manager,Priya Raghunathan,1,1,False,0
linkedin.com/in/devin-lomsadze-2579,profile_url,devin lomsadze,Devin Lomsadze,linkedin.com/in/devin-lomsadze-2579,Bellchamber Media,Platform Lead,Marcus Aldridge,1,1,False,0
linkedin.com/in/devin-marchetti-4111,profile_url,devin marchetti,Devin Marchetti,linkedin.com/in/devin-marchetti-4111,Highmoor Cycles,Head of Automation,Marcus Aldridge,1,1,False,0
linkedin.com/in/devin-merriweather-6317,profile_url,devin merriweather,Devin Merriweather,linkedin.com/in/devin-merriweather-6317,Elmsworth Tutors,Principal Architect,Marcus Aldridge,1,1,False,0
linkedin.com/in/devin-mkhize-4298,profile_url,devin mkhize,Devin Mkhize,linkedin.com/in/devin-mkhize-4298,Rooksby Legal,Program Manager,Priya Raghunathan,1,1,False,0
linkedin.com/in/devin-nakashima-1182,profile_url,devin nakashima,Devin Nakashima,linkedin.com/in/devin-nakashima-1182,Corbridge Realty,Head of Innovation,Dana Whitfield,1,1,False,0
linkedin.com/in/devin-nakashima-norrington-9233,profile_url,devin nakashima norrington,Devin Nakashima-Norrington,linkedin.com/in/devin-nakashima-norrington-9233,Vespermill Analytics,"Senior Manager, Engineering",Elena Duvall,1,1,False,0
linkedin.com/in/devin-norrington-4413,profile_url,devin norrington,Devin Norrington,linkedin.com/in/devin-norrington-4413,Xanthe Labs,"Senior Manager, Engineering",Dana Whitfield,1,1,False,0
linkedin.com/in/devin-okonkwo-6830,profile_url,devin okonkwo,Devin Okonkwo,linkedin.com/in/devin-okonkwo-6830,Ondermark Consulting,Head of Innovation,Marcus Aldridge,1,1,False,0
linkedin.com/in/devin-okonkwo-oldfield-8299,profile_url,devin okonkwo oldfield,Devin Okonkwo-Oldfield,linkedin.com/in/devin-okonkwo-oldfield-8299,Tannerly Design,Principal Architect,Tomás Beckett,1,1,False,0
linkedin.com/in/devin-oldfield-4737,profile_url,devin oldfield,Devin Oldfield,linkedin.com/in/devin-oldfield-4737,Yardley Print,Staff Engineer,Tomás Beckett,1,1,False,0
linkedin.com/in/devin-oyelaran-4875,profile_url,devin oyelaran,Devin Oyelaran,linkedin.com/in/devin-oyelaran-4875,Whitlock Staffing,Director of IT,Marcus Aldridge,1,1,False,0
linkedin.com/in/devin-oyelaran-dobrescu-2176,profile_url,devin oyelaran dobrescu,Devin Oyelaran-Dobrescu,linkedin.com/in/devin-oyelaran-dobrescu-2176,Inglenook Bakery,Head of Automation,Elena Duvall,1,1,False,0
linkedin.com/in/devin-oyelaran-marchetti-5007,profile_url,devin oyelaran marchetti,Devin Oyelaran-Marchetti,linkedin.com/in/devin-oyelaran-marchetti-5007,Dunmowe Travel,Staff Engineer,Elena Duvall,1,1,False,0
linkedin.com/in/devin-petrossian-4984,profile_url,devin petrossian,Devin Petrossian,linkedin.com/in/devin-petrossian-4984,Ambrose Trading,Principal Architect,Marcus Aldridge,1,1,False,0
linkedin.com/in/devin-prendergast-3526,profile_url,devin prendergast,Devin Prendergast,linkedin.com/in/devin-prendergast-3526,Corbridge Realty,Program Manager,Dana Whitfield,1,1,False,0
linkedin.com/in/devin-quillane-5838,profile_url,devin quillane,Devin Quillane,linkedin.com/in/devin-quillane-5838,Whitlock Staffing,Engineering Manager,Marcus Aldridge,1,1,False,0
linkedin.com/in/devin-rushworth-4164,profile_url,devin rushworth,Devin Rushworth,linkedin.com/in/devin-rushworth-4164,Whitlock Staffing,Program Manager,Marcus Aldridge,1,1,False,0
linkedin.com/in/devin-salcedo-8715,profile_url,devin salcedo,Devin Salcedo,linkedin.com/in/devin-salcedo-8715,Quintrell Advisory,VP Engineering,Tomás Beckett,1,1,False,0
linkedin.com/in/devin-sandoval-5366,profile_url,devin sandoval,Devin Sandoval,linkedin.com/in/devin-sandoval-5366,Fairbourne Fitness,Head of Automation,Priya Raghunathan,1,1,False,0
linkedin.com/in/devin-thackeray-9804,profile_url,devin thackeray,Devin Thackeray,linkedin.com/in/devin-thackeray-9804,Underwood & Vale,Staff Engineer,Priya Raghunathan,1,1,False,0
linkedin.com/in/devin-underhill-4011,profile_url,devin underhill,Devin Underhill,linkedin.com/in/devin-underhill-4011,Zenner Foods,Head of Automation,Dana Whitfield,1,1,False,0
linkedin.com/in/devin-vandermolen-5609,profile_url,devin vandermolen,Devin Vandermolen,linkedin.com/in/devin-vandermolen-5609,Tannerly Design,Chief Operating Officer,Marcus Aldridge,1,1,False,0
linkedin.com/in/devin-vandermolen-fairweather-3097,profile_url,devin vandermolen fairweather,Devin Vandermolen-Fairweather,linkedin.com/in/devin-vandermolen-fairweather-3097,Fairbourne Fitness,Staff Engineer,Tomás Beckett,1,1,False,0
linkedin.com/in/devin-vasquez-1476,profile_url,devin vasquez,Devin Vasquez,linkedin.com/in/devin-vasquez-1476,Xanthe Labs,Head of Innovation,Marcus Aldridge,1,1,False,0
linkedin.com/in/devin-vasquez-quillane-7271,profile_url,devin vasquez quillane,Devin Vasquez-Quillane,linkedin.com/in/devin-vasquez-quillane-7271,Vespermill Analytics,Principal Architect,Elena Duvall,1,1,False,0
linkedin.com/in/devin-wexford-1204,profile_url,devin wexford,Devin Wexford,linkedin.com/in/devin-wexford-1204,Ambrose Trading,Staff Engineer,Marcus Aldridge,1,1,False,0
linkedin.com/in/devin-wolstenholme-4809,profile_url,devin wolstenholme,Devin Wolstenholme,linkedin.com/in/devin-wolstenholme-4809,Garrowby Books,Head of Platform Engineering,Priya Raghunathan,1,1,False,0
linkedin.com/in/devin-yarrow-3829,profile_url,devin yarrow,Devin Yarrow,linkedin.com/in/devin-yarrow-3829,Dunmowe Travel,"Senior Manager, Engineering",Marcus Aldridge,1,1,False,0
linkedin.com/in/devin-zettergren-1689,profile_url,devin zettergren,Devin Zettergren,linkedin.com/in/devin-zettergren-1689,Highmoor Cycles,Chief Technology Officer,Marcus Aldridge,1,1,False,0
linkedin.com/in/devin-zubkov-2864,profile_url,devin zubkov,Devin Zubkov,linkedin.com/in/devin-zubkov-2864,Garrowby Books,Engineering Manager,Priya Raghunathan,1,1,False,0
linkedin.com/in/duarte-achterberg-3347,profile_url,duarte achterberg,Duarte Achterberg,linkedin.com/in/duarte-achterberg-3347,Vespermill Analytics,Director of IT,Marcus Aldridge,1,1,False,0
linkedin.com/in/duarte-ashdown-1263,profile_url,duarte ashdown,Duarte Ashdown,linkedin.com/in/duarte-ashdown-1263,Bellchamber Media,Head of Automation,Dana Whitfield,1,1,False,0
linkedin.com/in/duarte-balogun-3948,profile_url,duarte balogun,Duarte Balogun,linkedin.com/in/duarte-balogun-3948,Tannerly Design,Head of Platform Engineering,Marcus Aldridge,1,1,False,0
linkedin.com/in/duarte-balogun-isenberg-1276,profile_url,duarte balogun isenberg,Duarte Balogun-Isenberg,linkedin.com/in/duarte-balogun-isenberg-1276,Ondermark Consulting,Director of IT,Tomás Beckett,1,1,False,0
name:duarte bellinger,name_only,duarte bellinger,Duarte Bellinger,,Corbridge Realty,Staff Engineer,Marcus Aldridge,1,1,False,1
linkedin.com/in/duarte-bellinger-oyelaran-6350,profile_url,duarte bellinger oyelaran,Duarte Bellinger-Oyelaran,linkedin.com/in/duarte-bellinger-oyelaran-6350,Ambrose Trading,Head of Automation,Tomás Beckett,1,1,False,0
linkedin.com/in/duarte-brenneman-2687,profile_url,duarte brenneman,Duarte Brenneman,linkedin.com/in/duarte-brenneman-2687,Elmsworth Tutors,Program Manager,Dana Whitfield,1,1,False,0
linkedin.com/in/duarte-cardoso-2298,profile_url,duarte cardoso,Duarte Cardoso,linkedin.com/in/duarte-cardoso-2298,Rooksby Legal,Chief Operating Officer,Marcus Aldridge,1,1,False,0
linkedin.com/in/duarte-cathcart-2741,profile_url,duarte cathcart,Duarte Cathcart,linkedin.com/in/duarte-cathcart-2741,Tannerly Design,Director of IT,Marcus Aldridge,1,1,False,0
linkedin.com/in/duarte-crowther-8937,profile_url,duarte crowther,Duarte Crowther,linkedin.com/in/duarte-crowther-8937,Highmoor Cycles,Staff Engineer,Tomás Beckett,1,1,False,0
linkedin.com/in/duarte-crowther-fairweather-8464,profile_url,duarte crowther fairweather,Duarte Crowther-Fairweather,linkedin.com/in/duarte-crowther-fairweather-8464,Vespermill Analytics,Principal Architect,Owen Trask,1,1,False,0
linkedin.com/in/duarte-dellinger-7384,profile_url,duarte dellinger,Duarte Dellinger,linkedin.com/in/duarte-dellinger-7384,Elmsworth Tutors,Director of IT,Dana Whitfield,1,1,False,0
linkedin.com/in/duarte-dobrescu-5327,profile_url,duarte dobrescu,Duarte Dobrescu,linkedin.com/in/duarte-dobrescu-5327,Tannerly Design,SVP Digital,Marcus Aldridge,1,1,False,0
linkedin.com/in/duarte-drummond-7590,profile_url,duarte drummond,Duarte Drummond,linkedin.com/in/duarte-drummond-7590,Xanthe Labs,Platform Lead,Marcus Aldridge,1,1,False,0
linkedin.com/in/duarte-eastcott-7144,profile_url,duarte eastcott,Duarte Eastcott,linkedin.com/in/duarte-eastcott-7144,Elmsworth Tutors,Head of Automation,Priya Raghunathan,1,1,False,0
linkedin.com/in/duarte-egerton-2159,profile_url,duarte egerton,Duarte Egerton,linkedin.com/in/duarte-egerton-2159,Ambrose Trading,Director of IT,Tomás Beckett,1,1,False,0
linkedin.com/in/duarte-fairweather-8821,profile_url,duarte fairweather,Duarte Fairweather,linkedin.com/in/duarte-fairweather-8821,Inglenook Bakery,Principal Architect,Dana Whitfield,1,1,False,0
linkedin.com/in/duarte-falkenrath-9780,profile_url,duarte falkenrath,Duarte Falkenrath,linkedin.com/in/duarte-falkenrath-9780,Whitlock Staffing,VP Engineering,Marcus Aldridge,1,1,False,0
name:duarte ferreira,name_only,duarte ferreira,Duarte Ferreira,,Xanthe Labs,Program Manager,Tomás Beckett,1,1,False,1
name:duarte fontaine,name_only,duarte fontaine,Duarte Fontaine,,Xanthe Labs,Platform Lead,Tomás Beckett,1,1,False,1
linkedin.com/in/duarte-fontaine-zettergren-5015,profile_url,duarte fontaine zettergren,Duarte Fontaine-Zettergren,linkedin.com/in/duarte-fontaine-zettergren-5015,Garrowby Books,VP Enterprise Architecture,Owen Trask,1,1,False,0
linkedin.com/in/duarte-gluckstein-1450,profile_url,duarte gluckstein,Duarte Glückstein,linkedin.com/in/duarte-gluckstein-1450,Pale Harbour Studio,Product Director,Dana Whitfield,1,1,False,0
linkedin.com/in/duarte-grimsby-7112,profile_url,duarte grimsby,Duarte Grimsby,linkedin.com/in/duarte-grimsby-7112,Yardley Print,Head of Automation,Marcus Aldridge,1,1,False,0
linkedin.com/in/duarte-halloran-7987,profile_url,duarte halloran,Duarte Halloran,linkedin.com/in/duarte-halloran-7987,Ondermark Consulting,Platform Lead,Marcus Aldridge,1,1,False,0
linkedin.com/in/duarte-hartigan-4602,profile_url,duarte hartigan,Duarte Hartigan,linkedin.com/in/duarte-hartigan-4602,Yardley Print,Chief Information Officer,Marcus Aldridge,1,1,False,0
linkedin.com/in/duarte-havercamp-2970,profile_url,duarte havercamp,Duarte Havercamp,linkedin.com/in/duarte-havercamp-2970,Pale Harbour Studio,Head of Platform Engineering,Priya Raghunathan,1,1,False,0
linkedin.com/in/duarte-havercamp-ingleby-7809,profile_url,duarte havercamp ingleby,Duarte Havercamp-Ingleby,linkedin.com/in/duarte-havercamp-ingleby-7809,Corbridge Realty,Staff Engineer,Tomás Beckett,1,1,False,0
linkedin.com/in/duarte-hojgaard-3749,profile_url,duarte hojgaard,Duarte Højgaard,linkedin.com/in/duarte-hojgaard-3749,Ambrose Trading,Principal Architect,Marcus Aldridge,1,1,False,0
linkedin.com/in/duarte-hojgaard-lomsadze-1686,profile_url,duarte hojgaard lomsadze,Duarte Højgaard-Lomsadze,linkedin.com/in/duarte-hojgaard-lomsadze-1686,Pale Harbour Studio,Director of Software Engineering,Elena Duvall,1,1,False,0
linkedin.com/in/duarte-ibarra-1828,profile_url,duarte ibarra,Duarte Ibarra,linkedin.com/in/duarte-ibarra-1828,Zenner Foods,Head of Automation,Tomás Beckett,1,1,False,0
linkedin.com/in/duarte-ingleby-4177,profile_url,duarte ingleby,Duarte Ingleby,linkedin.com/in/duarte-ingleby-4177,Rooksby Legal,Engineering Manager,Marcus Aldridge,1,1,False,0
linkedin.com/in/duarte-isenberg-1323,profile_url,duarte isenberg,Duarte Isenberg,linkedin.com/in/duarte-isenberg-1323,Rooksby Legal,Program Manager,Priya Raghunathan,1,1,False,0
linkedin.com/in/duarte-jarrold-1809,profile_url,duarte jarrold,Duarte Jarrold,linkedin.com/in/duarte-jarrold-1809,Quintrell Advisory,Chief Operating Officer,Dana Whitfield,1,1,False,0
linkedin.com/in/duarte-kettleborough-7628,profile_url,duarte kettleborough,Duarte Kettleborough,linkedin.com/in/duarte-kettleborough-7628,Quintrell Advisory,Principal Architect,Priya Raghunathan,1,1,False,0
linkedin.com/in/duarte-kirkbride-5644,profile_url,duarte kirkbride,Duarte Kirkbride,linkedin.com/in/duarte-kirkbride-5644,Zenner Foods,Staff Engineer,Dana Whitfield,1,1,False,0
linkedin.com/in/duarte-lindqvist-1853,profile_url,duarte lindqvist,Duarte Lindqvist,linkedin.com/in/duarte-lindqvist-1853,Fairbourne Fitness,Platform Lead,Tomás Beckett,1,1,False,0
linkedin.com/in/duarte-lindqvist-ingleby-8674,profile_url,duarte lindqvist ingleby,Duarte Lindqvist-Ingleby,linkedin.com/in/duarte-lindqvist-ingleby-8674,Fairbourne Fitness,Head of Developer Productivity,Tomás Beckett,1,1,False,0
linkedin.com/in/duarte-lomsadze-3557,profile_url,duarte lomsadze,Duarte Lomsadze,linkedin.com/in/duarte-lomsadze-3557,Garrowby Books,Principal Architect,Dana Whitfield,1,1,False,0
linkedin.com/in/duarte-lomsadze-quillane-1296,profile_url,duarte lomsadze quillane,Duarte Lomsadze-Quillane,linkedin.com/in/duarte-lomsadze-quillane-1296,Bellchamber Media,Head of Developer Productivity,Tomás Beckett,1,1,False,0
linkedin.com/in/duarte-marchetti-9419,profile_url,duarte marchetti,Duarte Marchetti,linkedin.com/in/duarte-marchetti-9419,Vespermill Analytics,Head of Automation,Dana Whitfield,1,1,False,0
name:duarte merriweather,name_only,duarte merriweather,Duarte Merriweather,,Bellchamber Media,"Senior Manager, Engineering",Marcus Aldridge,1,1,False,1
linkedin.com/in/duarte-mkhize-7600,profile_url,duarte mkhize,Duarte Mkhize,linkedin.com/in/duarte-mkhize-7600,Ambrose Trading,Director of IT,Marcus Aldridge,1,1,False,0
linkedin.com/in/duarte-nakashima-2648,profile_url,duarte nakashima,Duarte Nakashima,linkedin.com/in/duarte-nakashima-2648,Elmsworth Tutors,Platform Lead,Marcus Aldridge,1,1,False,0
linkedin.com/in/duarte-norrington-8092,profile_url,duarte norrington,Duarte Norrington,linkedin.com/in/duarte-norrington-8092,Vespermill Analytics,"Senior Manager, Engineering",Dana Whitfield,1,1,False,0
linkedin.com/in/duarte-okonkwo-1432,profile_url,duarte okonkwo,Duarte Okonkwo,linkedin.com/in/duarte-okonkwo-1432,Corbridge Realty,Head of Platform Engineering,Dana Whitfield,1,1,False,0
linkedin.com/in/duarte-oldfield-8224,profile_url,duarte oldfield,Duarte Oldfield,linkedin.com/in/duarte-oldfield-8224,Pale Harbour Studio,Product Director,Dana Whitfield,1,1,False,0
linkedin.com/in/duarte-oyelaran-5831,profile_url,duarte oyelaran,Duarte Oyelaran,linkedin.com/in/duarte-oyelaran-5831,Ondermark Consulting,Platform Lead,Dana Whitfield,1,1,False,0
linkedin.com/in/duarte-petrossian-9549,profile_url,duarte petrossian,Duarte Petrossian,linkedin.com/in/duarte-petrossian-9549,Fairbourne Fitness,Program Manager,Marcus Aldridge,1,1,False,0
linkedin.com/in/duarte-prendergast-8246,profile_url,duarte prendergast,Duarte Prendergast,linkedin.com/in/duarte-prendergast-8246,Vespermill Analytics,Head of Automation,Priya Raghunathan,1,1,False,0
linkedin.com/in/duarte-quillane-7519,profile_url,duarte quillane,Duarte Quillane,linkedin.com/in/duarte-quillane-7519,Inglenook Bakery,Product Director,Priya Raghunathan,1,1,False,0
linkedin.com/in/duarte-rushworth-2411,profile_url,duarte rushworth,Duarte Rushworth,linkedin.com/in/duarte-rushworth-2411,Fairbourne Fitness,Engineering Manager,Priya Raghunathan,1,1,False,0
linkedin.com/in/duarte-salcedo-8129,profile_url,duarte salcedo,Duarte Salcedo,linkedin.com/in/duarte-salcedo-8129,Vespermill Analytics,Head of Platform Engineering,Marcus Aldridge,1,1,False,0
linkedin.com/in/duarte-salcedo-ingleby-2431,profile_url,duarte salcedo ingleby,Duarte Salcedo-Ingleby,linkedin.com/in/duarte-salcedo-ingleby-2431,Underwood & Vale,Head of Automation,Elena Duvall,1,1,False,0
linkedin.com/in/duarte-sandoval-7553,profile_url,duarte sandoval,Duarte Sandoval,linkedin.com/in/duarte-sandoval-7553,Tannerly Design,Director of IT,Dana Whitfield,1,1,False,0
linkedin.com/in/duarte-thackeray-6824,profile_url,duarte thackeray,Duarte Thackeray,linkedin.com/in/duarte-thackeray-6824,Elmsworth Tutors,Chief Technology Officer,Dana Whitfield,1,1,False,0
linkedin.com/in/duarte-underhill-3708,profile_url,duarte underhill,Duarte Underhill,linkedin.com/in/duarte-underhill-3708,Ondermark Consulting,Head of Developer Productivity,Marcus Aldridge,1,1,False,0
linkedin.com/in/duarte-vandermolen-7536,profile_url,duarte vandermolen,Duarte Vandermolen,linkedin.com/in/duarte-vandermolen-7536,Fairbourne Fitness,Program Manager,Marcus Aldridge,1,1,False,0
linkedin.com/in/duarte-vandermolen-ingleby-9853,profile_url,duarte vandermolen ingleby,Duarte Vandermolen-Ingleby,linkedin.com/in/duarte-vandermolen-ingleby-9853,Ondermark Consulting,Director of Software Engineering,Owen Trask,1,1,False,0
linkedin.com/in/duarte-vasquez-4294,profile_url,duarte vasquez,Duarte Vasquez,linkedin.com/in/duarte-vasquez-4294,Fairbourne Fitness,Staff Engineer,Priya Raghunathan,1,1,False,0
linkedin.com/in/duarte-wexford-1713,profile_url,duarte wexford,Duarte Wexford,linkedin.com/in/duarte-wexford-1713,Bellchamber Media,Engineering Manager,Marcus Aldridge,1,1,False,0
name:duarte wolstenholme,name_only,duarte wolstenholme,Duarte Wolstenholme,,Underwood & Vale,Director of IT,Tomás Beckett,1,1,False,1
linkedin.com/in/duarte-yarrow-2726,profile_url,duarte yarrow,Duarte Yarrow,linkedin.com/in/duarte-yarrow-2726,Tannerly Design,Engineering Manager,Dana Whitfield,1,1,False,0
linkedin.com/in/duarte-zettergren-4875,profile_url,duarte zettergren,Duarte Zettergren,linkedin.com/in/duarte-zettergren-4875,Bellchamber Media,"Senior Manager, Engineering",Priya Raghunathan,1,1,False,0
linkedin.com/in/duarte-zettergren-wolstenholme-4071,profile_url,duarte zettergren wolstenholme,Duarte Zettergren-Wolstenholme,linkedin.com/in/duarte-zettergren-wolstenholme-4071,Garrowby Books,Head of Innovation,Owen Trask,1,1,False,0
linkedin.com/in/duarte-zubkov-8667,profile_url,duarte zubkov,Duarte Zubkov,linkedin.com/in/duarte-zubkov-8667,Bellchamber Media,Director of IT,Dana Whitfield,1,1,False,0
linkedin.com/in/elena-achterberg-2427,profile_url,elena achterberg,Elena Achterberg,linkedin.com/in/elena-achterberg-2427,Xanthe Labs,Head of Innovation,Dana Whitfield,1,1,False,0
linkedin.com/in/elena-ashdown-4658,profile_url,elena ashdown,Elena Ashdown,linkedin.com/in/elena-ashdown-4658,Ondermark Consulting,Head of Automation,Marcus Aldridge,1,1,False,0
linkedin.com/in/elena-balogun-7416,profile_url,elena balogun,Elena Balogun,linkedin.com/in/elena-balogun-7416,Dunmowe Travel,Head of Automation,Priya Raghunathan,1,1,False,0
linkedin.com/in/elena-bellinger-8389,profile_url,elena bellinger,Elena Bellinger,linkedin.com/in/elena-bellinger-8389,Zenner Foods,Product Director,Priya Raghunathan,1,1,False,0
linkedin.com/in/elena-brenneman-8599,profile_url,elena brenneman,Elena Brenneman,linkedin.com/in/elena-brenneman-8599,Rooksby Legal,Product Director,Tomás Beckett,1,1,False,0
linkedin.com/in/elena-cardoso-4946,profile_url,elena cardoso,Elena Cardoso,linkedin.com/in/elena-cardoso-4946,Dunmowe Travel,VP Engineering,Marcus Aldridge,1,1,False,0
linkedin.com/in/elena-cathcart-5251,profile_url,elena cathcart,Elena Cathcart,linkedin.com/in/elena-cathcart-5251,Highmoor Cycles,Head of Automation,Priya Raghunathan,1,1,False,0
linkedin.com/in/elena-crowther-7605,profile_url,elena crowther,Elena Crowther,linkedin.com/in/elena-crowther-7605,Zenner Foods,Director of IT,Marcus Aldridge,1,1,False,0
linkedin.com/in/elena-dellinger-2172,profile_url,elena dellinger,Elena Dellinger,linkedin.com/in/elena-dellinger-2172,Vespermill Analytics,Head of Innovation,Tomás Beckett,1,1,False,0
linkedin.com/in/elena-dobrescu-6682,profile_url,elena dobrescu,Elena Dobrescu,linkedin.com/in/elena-dobrescu-6682,Fairbourne Fitness,Head of Developer Productivity,Dana Whitfield,1,1,False,0
linkedin.com/in/elena-drummond-1592,profile_url,elena drummond,Elena Drummond,linkedin.com/in/elena-drummond-1592,Whitlock Staffing,Program Manager,Marcus Aldridge,1,1,False,0
linkedin.com/in/elena-eastcott-1502,profile_url,elena eastcott,Elena Eastcott,linkedin.com/in/elena-eastcott-1502,Tannerly Design,Chief Data Officer,Marcus Aldridge,1,1,False,0
linkedin.com/in/elena-egerton-9466,profile_url,elena egerton,Elena Egerton,linkedin.com/in/elena-egerton-9466,Whitlock Staffing,Director of Software Engineering,Dana Whitfield,1,1,False,0
name:elena fairweather,name_only,elena fairweather,Elena Fairweather,,Corbridge Realty,Head of Automation,Tomás Beckett,1,1,False,1
linkedin.com/in/elena-falkenrath-6912,profile_url,elena falkenrath,Elena Falkenrath,linkedin.com/in/elena-falkenrath-6912,Ambrose Trading,Chief Technology Officer,Marcus Aldridge,1,1,False,0
linkedin.com/in/elena-ferreira-2500,profile_url,elena ferreira,Elena Ferreira,linkedin.com/in/elena-ferreira-2500,Dunmowe Travel,Product Director,Marcus Aldridge,1,1,False,0
linkedin.com/in/elena-fontaine-5122,profile_url,elena fontaine,Elena Fontaine,linkedin.com/in/elena-fontaine-5122,Yardley Print,Head of Developer Productivity,Priya Raghunathan,1,1,False,0
linkedin.com/in/elena-gluckstein-5979,profile_url,elena gluckstein,Elena Glückstein,linkedin.com/in/elena-gluckstein-5979,Bellchamber Media,Principal Architect,Tomás Beckett,1,1,False,0
linkedin.com/in/elena-gluckstein-yarrow-6946,profile_url,elena gluckstein yarrow,Elena Glückstein-Yarrow,linkedin.com/in/elena-gluckstein-yarrow-6946,Underwood & Vale,Program Manager,Elena Duvall,1,1,False,0
linkedin.com/in/elena-grimsby-5738,profile_url,elena grimsby,Elena Grimsby,linkedin.com/in/elena-grimsby-5738,Dunmowe Travel,Program Manager,Dana Whitfield,1,1,False,0
linkedin.com/in/elena-halloran-1899,profile_url,elena halloran,Elena Halloran,linkedin.com/in/elena-halloran-1899,Highmoor Cycles,Director of Software Engineering,Dana Whitfield,1,1,False,0
linkedin.com/in/elena-hartigan-1615,profile_url,elena hartigan,Elena Hartigan,linkedin.com/in/elena-hartigan-1615,Garrowby Books,Product Director,Dana Whitfield,1,1,False,0
linkedin.com/in/elena-havercamp-1449,profile_url,elena havercamp,Elena Havercamp,linkedin.com/in/elena-havercamp-1449,Elmsworth Tutors,"Senior Manager, Engineering",Marcus Aldridge,1,1,False,0
linkedin.com/in/elena-hojgaard-2163,profile_url,elena hojgaard,Elena Højgaard,linkedin.com/in/elena-hojgaard-2163,Elmsworth Tutors,Product Director,Marcus Aldridge,1,1,False,0
linkedin.com/in/elena-ibarra-4250,profile_url,elena ibarra,Elena Ibarra,linkedin.com/in/elena-ibarra-4250,Pale Harbour Studio,"Senior Manager, Engineering",Marcus Aldridge,1,1,False,0
linkedin.com/in/elena-ingleby-5656,profile_url,elena ingleby,Elena Ingleby,linkedin.com/in/elena-ingleby-5656,Rooksby Legal,VP Engineering,Marcus Aldridge,1,1,False,0
linkedin.com/in/elena-ingleby-ferreira-8092,profile_url,elena ingleby ferreira,Elena Ingleby-Ferreira,linkedin.com/in/elena-ingleby-ferreira-8092,Fairbourne Fitness,VP Engineering,Elena Duvall,1,1,False,0
linkedin.com/in/elena-isenberg-6371,profile_url,elena isenberg,Elena Isenberg,linkedin.com/in/elena-isenberg-6371,Tannerly Design,Product Director,Dana Whitfield,1,1,False,0
linkedin.com/in/elena-jarrold-2827,profile_url,elena jarrold,Elena Jarrold,linkedin.com/in/elena-jarrold-2827,Elmsworth Tutors,Chief Digital Officer,Priya Raghunathan,1,1,False,0
linkedin.com/in/elena-kettleborough-4241,profile_url,elena kettleborough,Elena Kettleborough,linkedin.com/in/elena-kettleborough-4241,Rooksby Legal,Platform Lead,Dana Whitfield,1,1,False,0
linkedin.com/in/elena-kirkbride-9902,profile_url,elena kirkbride,Elena Kirkbride,linkedin.com/in/elena-kirkbride-9902,Ondermark Consulting,Product Director,Marcus Aldridge,1,1,False,0
linkedin.com/in/elena-lindqvist-8657,profile_url,elena lindqvist,Elena Lindqvist,linkedin.com/in/elena-lindqvist-8657,Xanthe Labs,VP Engineering,Dana Whitfield,1,1,False,0
linkedin.com/in/elena-lindqvist-achterberg-1973,profile_url,elena lindqvist achterberg,Elena Lindqvist-Achterberg,linkedin.com/in/elena-lindqvist-achterberg-1973,Pale Harbour Studio,Staff Engineer,Tomás Beckett,1,1,False,0
linkedin.com/in/elena-lomsadze-1442,profile_url,elena lomsadze,Elena Lomsadze,linkedin.com/in/elena-lomsadze-1442,Quintrell Advisory,Platform Lead,Dana Whitfield,1,1,False,0
linkedin.com/in/elena-lomsadze-brenneman-4361,profile_url,elena lomsadze brenneman,Elena Lomsadze-Brenneman,linkedin.com/in/elena-lomsadze-brenneman-4361,Garrowby Books,Program Manager,Tomás Beckett,1,1,False,0
linkedin.com/in/elena-marchetti-9297,profile_url,elena marchetti,Elena Marchetti,linkedin.com/in/elena-marchetti-9297,Quintrell Advisory,Chief Operating Officer,Tomás Beckett,1,1,False,0
linkedin.com/in/elena-merriweather-4438,profile_url,elena merriweather,Elena Merriweather,linkedin.com/in/elena-merriweather-4438,Dunmowe Travel,Engineering Manager,Marcus Aldridge,1,1,False,0
linkedin.com/in/elena-mkhize-4854,profile_url,elena mkhize,Elena Mkhize,linkedin.com/in/elena-mkhize-4854,Fairbourne Fitness,Principal Architect,Priya Raghunathan,1,1,False,0
name:elena nakashima,name_only,elena nakashima,Elena Nakashima,,Tannerly Design,Program Manager,Marcus Aldridge,1,1,False,1
linkedin.com/in/elena-norrington-8084,profile_url,elena norrington,Elena Norrington,linkedin.com/in/elena-norrington-8084,Tannerly Design,Head of Developer Productivity,Tomás Beckett,1,1,False,0
linkedin.com/in/elena-okonkwo-1261,profile_url,elena okonkwo,Elena Okonkwo,linkedin.com/in/elena-okonkwo-1261,Vespermill Analytics,"Senior Manager, Engineering",Marcus Aldridge,1,1,False,0
linkedin.com/in/elena-oldfield-3070,profile_url,elena oldfield,Elena Oldfield,linkedin.com/in/elena-oldfield-3070,Highmoor Cycles,Product Director,Marcus Aldridge,1,1,False,0
linkedin.com/in/elena-oyelaran-7318,profile_url,elena oyelaran,Elena Oyelaran,linkedin.com/in/elena-oyelaran-7318,Pale Harbour Studio,Platform Lead,Marcus Aldridge,1,1,False,0
linkedin.com/in/elena-oyelaran-bellinger-3295,profile_url,elena oyelaran bellinger,Elena Oyelaran-Bellinger,linkedin.com/in/elena-oyelaran-bellinger-3295,Corbridge Realty,Principal Architect,Elena Duvall,1,1,False,0
linkedin.com/in/elena-petrossian-2128,profile_url,elena petrossian,Elena Petrossian,linkedin.com/in/elena-petrossian-2128,Inglenook Bakery,Chief Operating Officer,Marcus Aldridge,1,1,False,0
linkedin.com/in/elena-petrossian-eastcott-1926,profile_url,elena petrossian eastcott,Elena Petrossian-Eastcott,linkedin.com/in/elena-petrossian-eastcott-1926,Fairbourne Fitness,Chief Digital Officer,Tomás Beckett,1,1,False,0
linkedin.com/in/elena-prendergast-8749,profile_url,elena prendergast,Elena Prendergast,linkedin.com/in/elena-prendergast-8749,Pale Harbour Studio,Principal Architect,Marcus Aldridge,1,1,False,0
linkedin.com/in/elena-quillane-8257,profile_url,elena quillane,Elena Quillane,linkedin.com/in/elena-quillane-8257,Dunmowe Travel,VP Data & Analytics,Marcus Aldridge,1,1,False,0
linkedin.com/in/elena-rushworth-8861,profile_url,elena rushworth,Elena Rushworth,linkedin.com/in/elena-rushworth-8861,Silverbrook Paper,Head of Automation,Owen Trask,1,1,False,0
linkedin.com/in/elena-rushworth-norrington-7310,profile_url,elena rushworth norrington,Elena Rushworth-Norrington,linkedin.com/in/elena-rushworth-norrington-7310,Tannerly Design,Staff Engineer,Tomás Beckett,1,1,False,0
linkedin.com/in/elena-rushworth-underhill-2951,profile_url,elena rushworth underhill,Elena Rushworth-Underhill,linkedin.com/in/elena-rushworth-underhill-2951,Inglenook Bakery,Staff Engineer,Tomás Beckett,1,1,False,0
linkedin.com/in/elena-salcedo-2812,profile_url,elena salcedo,Elena Salcedo,linkedin.com/in/elena-salcedo-2812,Tannerly Design,Chief Technology Officer,Marcus Aldridge,1,1,False,0
linkedin.com/in/elena-sandoval-7962,profile_url,elena sandoval,Elena Sandoval,linkedin.com/in/elena-sandoval-7962,Rooksby Legal,Staff Engineer,Marcus Aldridge,1,1,False,0
linkedin.com/in/elena-thackeray-7796,profile_url,elena thackeray,Elena Thackeray,linkedin.com/in/elena-thackeray-7796,Pale Harbour Studio,Engineering Manager,Marcus Aldridge,1,1,False,0
linkedin.com/in/elena-underhill-8764,profile_url,elena underhill,Elena Underhill,linkedin.com/in/elena-underhill-8764,Dunmowe Travel,Chief Operating Officer,Priya Raghunathan,1,1,False,0
linkedin.com/in/elena-underhill-isenberg-3288,profile_url,elena underhill isenberg,Elena Underhill-Isenberg,linkedin.com/in/elena-underhill-isenberg-3288,Whitlock Staffing,Head of Platform Engineering,Elena Duvall,1,1,False,0
name:elena vandermolen,name_only,elena vandermolen,Elena Vandermolen,,Ondermark Consulting,Head of Automation,Marcus Aldridge,1,1,False,1
linkedin.com/in/elena-vasquez-4501,profile_url,elena vasquez,Elena Vasquez,linkedin.com/in/elena-vasquez-4501,Tannerly Design,Head of Developer Productivity,Dana Whitfield,1,1,False,0
linkedin.com/in/elena-wexford-7905,profile_url,elena wexford,Elena Wexford,linkedin.com/in/elena-wexford-7905,Zenner Foods,Platform Lead,Marcus Aldridge,1,1,False,0
linkedin.com/in/elena-wexford-falkenrath-9171,profile_url,elena wexford falkenrath,Elena Wexford-Falkenrath,linkedin.com/in/elena-wexford-falkenrath-9171,Quintrell Advisory,"Senior Manager, Engineering",Tomás Beckett,1,1,False,0
linkedin.com/in/elena-wolstenholme-6509,profile_url,elena wolstenholme,Elena Wolstenholme,linkedin.com/in/elena-wolstenholme-6509,Ondermark Consulting,Platform Lead,Priya Raghunathan,1,1,False,0
linkedin.com/in/elena-yarrow-5909,profile_url,elena yarrow,Elena Yarrow,linkedin.com/in/elena-yarrow-5909,Ondermark Consulting,Chief Technology Officer,Marcus Aldridge,1,1,False,0
linkedin.com/in/elena-zettergren-8208,profile_url,elena zettergren,Elena Zettergren,linkedin.com/in/elena-zettergren-8208,Zenner Foods,Platform Lead,Priya Raghunathan,1,1,False,0
linkedin.com/in/elena-zubkov-3719,profile_url,elena zubkov,Elena Zubkov,linkedin.com/in/elena-zubkov-3719,Pale Harbour Studio,Head of Innovation,Marcus Aldridge,1,1,False,0
linkedin.com/in/elena-zubkov-mkhize-6564,profile_url,elena zubkov mkhize,Elena Zubkov-Mkhize,linkedin.com/in/elena-zubkov-mkhize-6564,Inglenook Bakery,"Senior Manager, Engineering",Tomás Beckett,1,1,False,0
linkedin.com/in/emeka-achterberg-4738,profile_url,emeka achterberg,Emeka Achterberg,linkedin.com/in/emeka-achterberg-4738,Whitlock Staffing,Product Director,Priya Raghunathan,1,1,False,0
linkedin.com/in/emeka-ashdown-8294,profile_url,emeka ashdown,Emeka Ashdown,linkedin.com/in/emeka-ashdown-8294,Vespermill Analytics,Engineering Manager,Marcus Aldridge,1,1,False,0
linkedin.com/in/emeka-ashdown-bellinger-7702,profile_url,emeka ashdown bellinger,Emeka Ashdown-Bellinger,linkedin.com/in/emeka-ashdown-bellinger-7702,Ambrose Trading,Product Director,Tomás Beckett,1,1,False,0
linkedin.com/in/emeka-balogun-5456,profile_url,emeka balogun,Emeka Balogun,linkedin.com/in/emeka-balogun-5456,Garrowby Books,Program Manager,Tomás Beckett,1,1,False,0
linkedin.com/in/emeka-balogun-oldfield-7753,profile_url,emeka balogun oldfield,Emeka Balogun-Oldfield,linkedin.com/in/emeka-balogun-oldfield-7753,Elmsworth Tutors,Product Director,Owen Trask,1,1,False,0
linkedin.com/in/emeka-bellinger-6287,profile_url,emeka bellinger,Emeka Bellinger,linkedin.com/in/emeka-bellinger-6287,Xanthe Labs,Chief Technology Officer,Dana Whitfield,1,1,False,0
linkedin.com/in/emeka-bellinger-wexford-5364,profile_url,emeka bellinger wexford,Emeka Bellinger-Wexford,linkedin.com/in/emeka-bellinger-wexford-5364,Bellchamber Media,Platform Lead,Elena Duvall,1,1,False,0
linkedin.com/in/emeka-brenneman-8507,profile_url,emeka brenneman,Emeka Brenneman,linkedin.com/in/emeka-brenneman-8507,Dunmowe Travel,Chief Digital Officer,Priya Raghunathan,1,1,False,0
linkedin.com/in/emeka-cardoso-3972,profile_url,emeka cardoso,Emeka Cardoso,linkedin.com/in/emeka-cardoso-3972,Quintrell Advisory,Director of Software Engineering,Marcus Aldridge,1,1,False,0
linkedin.com/in/emeka-cathcart-9689,profile_url,emeka cathcart,Emeka Cathcart,linkedin.com/in/emeka-cathcart-9689,Dunmowe Travel,Program Manager,Dana Whitfield,1,1,False,0
linkedin.com/in/emeka-crowther-8545,profile_url,emeka crowther,Emeka Crowther,linkedin.com/in/emeka-crowther-8545,Zenner Foods,Head of Developer Productivity,Tomás Beckett,1,1,False,0
linkedin.com/in/emeka-dellinger-9783,profile_url,emeka dellinger,Emeka Dellinger,linkedin.com/in/emeka-dellinger-9783,Whitlock Staffing,Head of Developer Productivity,Marcus Aldridge,1,1,False,0
linkedin.com/in/emeka-dellinger-thackeray-1223,profile_url,emeka dellinger thackeray,Emeka Dellinger-Thackeray,linkedin.com/in/emeka-dellinger-thackeray-1223,Ondermark Consulting,Program Manager,Elena Duvall,1,1,False,0
linkedin.com/in/emeka-dobrescu-8647,profile_url,emeka dobrescu,Emeka Dobrescu,linkedin.com/in/emeka-dobrescu-8647,Garrowby Books,Head of Innovation,Dana Whitfield,1,1,False,0
linkedin.com/in/emeka-drummond-9419,profile_url,emeka drummond,Emeka Drummond,linkedin.com/in/emeka-drummond-9419,Ambrose Trading,Program Manager,Marcus Aldridge,1,1,False,0
linkedin.com/in/emeka-eastcott-1047,profile_url,emeka eastcott,Emeka Eastcott,linkedin.com/in/emeka-eastcott-1047,Ambrose Trading,Engineering Manager,Marcus Aldridge,1,1,False,0
linkedin.com/in/emeka-egerton-1079,profile_url,emeka egerton,Emeka Egerton,linkedin.com/in/emeka-egerton-1079,Yardley Print,Engineering Manager,Priya Raghunathan,1,1,False,0
linkedin.com/in/emeka-fairweather-2432,profile_url,emeka fairweather,Emeka Fairweather,linkedin.com/in/emeka-fairweather-2432,Dunmowe Travel,Head of Innovation,Dana Whitfield,1,1,False,0
linkedin.com/in/emeka-falkenrath-3675,profile_url,emeka falkenrath,Emeka Falkenrath,linkedin.com/in/emeka-falkenrath-3675,Whitlock Staffing,Chief Operating Officer,Priya Raghunathan,1,1,False,0
linkedin.com/in/emeka-ferreira-9895,profile_url,emeka ferreira,Emeka Ferreira,linkedin.com/in/emeka-ferreira-9895,Ondermark Consulting,Engineering Manager,Marcus Aldridge,1,1,False,0
linkedin.com/in/emeka-ferreira-isenberg-8507,profile_url,emeka ferreira isenberg,Emeka Ferreira-Isenberg,linkedin.com/in/emeka-ferreira-isenberg-8507,Corbridge Realty,Product Director,Tomás Beckett,1,1,False,0
linkedin.com/in/emeka-fontaine-5976,profile_url,emeka fontaine,Emeka Fontaine,linkedin.com/in/emeka-fontaine-5976,Vespermill Analytics,Staff Engineer,Tomás Beckett,1,1,False,0
linkedin.com/in/emeka-fontaine-ashdown-5398,profile_url,emeka fontaine ashdown,Emeka Fontaine-Ashdown,linkedin.com/in/emeka-fontaine-ashdown-5398,Zenner Foods,Program Manager,Tomás Beckett,1,1,False,0
linkedin.com/in/emeka-gluckstein-6462,profile_url,emeka gluckstein,Emeka Glückstein,linkedin.com/in/emeka-gluckstein-6462,Ambrose Trading,VP Data & Analytics,Priya Raghunathan,1,1,False,0
linkedin.com/in/emeka-grimsby-7149,profile_url,emeka grimsby,Emeka Grimsby,linkedin.com/in/emeka-grimsby-7149,Dunmowe Travel,Head of Automation,Priya Raghunathan,1,1,False,0
linkedin.com/in/emeka-halloran-3638,profile_url,emeka halloran,Emeka Halloran,linkedin.com/in/emeka-halloran-3638,Dunmowe Travel,Director of Software Engineering,Priya Raghunathan,1,1,False,0
linkedin.com/in/emeka-hartigan-4774,profile_url,emeka hartigan,Emeka Hartigan,linkedin.com/in/emeka-hartigan-4774,Fairbourne Fitness,SVP Digital,Dana Whitfield,1,1,False,0
linkedin.com/in/emeka-havercamp-9027,profile_url,emeka havercamp,Emeka Havercamp,linkedin.com/in/emeka-havercamp-9027,Bellchamber Media,Chief Data Officer,Marcus Aldridge,1,1,False,0
linkedin.com/in/emeka-hojgaard-4135,profile_url,emeka hojgaard,Emeka Højgaard,linkedin.com/in/emeka-hojgaard-4135,Ondermark Consulting,Head of Automation,Marcus Aldridge,1,1,False,0
linkedin.com/in/emeka-ibarra-8608,profile_url,emeka ibarra,Emeka Ibarra,linkedin.com/in/emeka-ibarra-8608,Zenner Foods,"Senior Manager, Engineering",Marcus Aldridge,1,1,False,0
linkedin.com/in/emeka-ingleby-8558,profile_url,emeka ingleby,Emeka Ingleby,linkedin.com/in/emeka-ingleby-8558,Pale Harbour Studio,Chief Technology Officer,Dana Whitfield,1,1,False,0
linkedin.com/in/emeka-ingleby-lomsadze-7889,profile_url,emeka ingleby lomsadze,Emeka Ingleby-Lomsadze,linkedin.com/in/emeka-ingleby-lomsadze-7889,Quintrell Advisory,Staff Engineer,Elena Duvall,1,1,False,0
linkedin.com/in/emeka-isenberg-8138,profile_url,emeka isenberg,Emeka Isenberg,linkedin.com/in/emeka-isenberg-8138,Corbridge Realty,Platform Lead,Priya Raghunathan,1,1,False,0
linkedin.com/in/emeka-jarrold-8254,profile_url,emeka jarrold,Emeka Jarrold,linkedin.com/in/emeka-jarrold-8254,Yardley Print,Staff Engineer,Marcus Aldridge,1,1,False,0
linkedin.com/in/emeka-kettleborough-5625,profile_url,emeka kettleborough,Emeka Kettleborough,linkedin.com/in/emeka-kettleborough-5625,Pale Harbour Studio,Principal Architect,Marcus Aldridge,1,1,False,0
linkedin.com/in/emeka-kirkbride-8778,profile_url,emeka kirkbride,Emeka Kirkbride,linkedin.com/in/emeka-kirkbride-8778,Zenner Foods,Director of IT,Marcus Aldridge,1,1,False,0
linkedin.com/in/emeka-lindqvist-2073,profile_url,emeka lindqvist,Emeka Lindqvist,linkedin.com/in/emeka-lindqvist-2073,Highmoor Cycles,Director of IT,Dana Whitfield,1,1,False,0
linkedin.com/in/emeka-lomsadze-2486,profile_url,emeka lomsadze,Emeka Lomsadze,linkedin.com/in/emeka-lomsadze-2486,Underwood & Vale,Chief Information Officer,Marcus Aldridge,1,1,False,0
linkedin.com/in/emeka-lomsadze-thackeray-8409,profile_url,emeka lomsadze thackeray,Emeka Lomsadze-Thackeray,linkedin.com/in/emeka-lomsadze-thackeray-8409,Whitlock Staffing,Chief Digital Officer,Owen Trask,1,1,False,0
linkedin.com/in/emeka-marchetti-1859,profile_url,emeka marchetti,Emeka Marchetti,linkedin.com/in/emeka-marchetti-1859,Inglenook Bakery,Chief Data Officer,Marcus Aldridge,1,1,False,0
name:emeka merriweather,name_only,emeka merriweather,Emeka Merriweather,,Yardley Print,Director of IT,Tomás Beckett,1,1,False,1
linkedin.com/in/emeka-mkhize-7843,profile_url,emeka mkhize,Emeka Mkhize,linkedin.com/in/emeka-mkhize-7843,Underwood & Vale,Engineering Manager,Tomás Beckett,1,1,False,0
linkedin.com/in/emeka-nakashima-7846,profile_url,emeka nakashima,Emeka Nakashima,linkedin.com/in/emeka-nakashima-7846,Yardley Print,Engineering Manager,Dana Whitfield,1,1,False,0
linkedin.com/in/emeka-norrington-3757,profile_url,emeka norrington,Emeka Norrington,linkedin.com/in/emeka-norrington-3757,Yardley Print,Program Manager,Marcus Aldridge,1,1,False,0
linkedin.com/in/emeka-norrington-thackeray-7178,profile_url,emeka norrington thackeray,Emeka Norrington-Thackeray,linkedin.com/in/emeka-norrington-thackeray-7178,Garrowby Books,Director of IT,Elena Duvall,1,1,False,0
linkedin.com/in/emeka-okonkwo-1464,profile_url,emeka okonkwo,Emeka Okonkwo,linkedin.com/in/emeka-okonkwo-1464,Corbridge Realty,Principal Architect,Priya Raghunathan,1,1,False,0
linkedin.com/in/emeka-oldfield-3224,profile_url,emeka oldfield,Emeka Oldfield,linkedin.com/in/emeka-oldfield-3224,Whitlock Staffing,Director of IT,Marcus Aldridge,1,1,False,0
linkedin.com/in/emeka-oyelaran-9165,profile_url,emeka oyelaran,Emeka Oyelaran,linkedin.com/in/emeka-oyelaran-9165,Vespermill Analytics,"Senior Manager, Engineering",Priya Raghunathan,1,1,False,0
linkedin.com/in/emeka-petrossian-8152,profile_url,emeka petrossian,Emeka Petrossian,linkedin.com/in/emeka-petrossian-8152,Underwood & Vale,Head of Innovation,Marcus Aldridge,1,1,False,0
linkedin.com/in/emeka-petrossian-vasquez-1242,profile_url,emeka petrossian vasquez,Emeka Petrossian-Vasquez,linkedin.com/in/emeka-petrossian-vasquez-1242,Inglenook Bakery,Director of IT,Owen Trask,1,1,False,0
linkedin.com/in/emeka-prendergast-1164,profile_url,emeka prendergast,Emeka Prendergast,linkedin.com/in/emeka-prendergast-1164,Yardley Print,Program Manager,Dana Whitfield,1,1,False,0
linkedin.com/in/emeka-quillane-6568,profile_url,emeka quillane,Emeka Quillane,linkedin.com/in/emeka-quillane-6568,Ambrose Trading,Program Manager,Tomás Beckett,1,1,False,0
linkedin.com/in/emeka-rushworth-3247,profile_url,emeka rushworth,Emeka Rushworth,linkedin.com/in/emeka-rushworth-3247,Vespermill Analytics,Product Director,Dana Whitfield,1,1,False,0
linkedin.com/in/emeka-salcedo-4815,profile_url,emeka salcedo,Emeka Salcedo,linkedin.com/in/emeka-salcedo-4815,Underwood & Vale,Head of Developer Productivity,Marcus Aldridge,1,1,False,0
linkedin.com/in/emeka-sandoval-9216,profile_url,emeka sandoval,Emeka Sandoval,linkedin.com/in/emeka-sandoval-9216,Bellchamber Media,Engineering Manager,Priya Raghunathan,1,1,False,0
linkedin.com/in/emeka-sandoval-thackeray-9240,profile_url,emeka sandoval thackeray,Emeka Sandoval-Thackeray,linkedin.com/in/emeka-sandoval-thackeray-9240,Bellchamber Media,Head of Innovation,Elena Duvall,1,1,False,0
linkedin.com/in/emeka-thackeray-4113,profile_url,emeka thackeray,Emeka Thackeray,linkedin.com/in/emeka-thackeray-4113,Ambrose Trading,"Senior Manager, Engineering",Marcus Aldridge,1,1,False,0
linkedin.com/in/emeka-underhill-3725,profile_url,emeka underhill,Emeka Underhill,linkedin.com/in/emeka-underhill-3725,Vespermill Analytics,Head of Innovation,Dana Whitfield,1,1,False,0
linkedin.com/in/emeka-vandermolen-7893,profile_url,emeka vandermolen,Emeka Vandermolen,linkedin.com/in/emeka-vandermolen-7893,Yardley Print,Head of Developer Productivity,Priya Raghunathan,1,1,False,0
linkedin.com/in/emeka-vasquez-2034,profile_url,emeka vasquez,Emeka Vasquez,linkedin.com/in/emeka-vasquez-2034,Ondermark Consulting,Chief Digital Officer,Tomás Beckett,1,1,False,0
linkedin.com/in/emeka-vasquez-underhill-4502,profile_url,emeka vasquez underhill,Emeka Vasquez-Underhill,linkedin.com/in/emeka-vasquez-underhill-4502,Underwood & Vale,Engineering Manager,Owen Trask,1,1,False,0
name:emeka wexford,name_only,emeka wexford,Emeka Wexford,,Zenner Foods,Director of IT,Marcus Aldridge,1,1,False,1
linkedin.com/in/emeka-wolstenholme-6786,profile_url,emeka wolstenholme,Emeka Wolstenholme,linkedin.com/in/emeka-wolstenholme-6786,Bellchamber Media,Chief Operating Officer,Dana Whitfield,1,1,False,0
linkedin.com/in/emeka-yarrow-1363,profile_url,emeka yarrow,Emeka Yarrow,linkedin.com/in/emeka-yarrow-1363,Whitlock Staffing,Program Manager,Priya Raghunathan,1,1,False,0
linkedin.com/in/emeka-zettergren-4629,profile_url,emeka zettergren,Emeka Zettergren,linkedin.com/in/emeka-zettergren-4629,Pale Harbour Studio,"Senior Manager, Engineering",Marcus Aldridge,1,1,False,0
linkedin.com/in/emeka-zettergren-isenberg-8848,profile_url,emeka zettergren isenberg,Emeka Zettergren-Isenberg,linkedin.com/in/emeka-zettergren-isenberg-8848,Vespermill Analytics,Product Director,Elena Duvall,1,1,False,0
linkedin.com/in/emeka-zubkov-3638,profile_url,emeka zubkov,Emeka Zubkov,linkedin.com/in/emeka-zubkov-3638,Dunmowe Travel,Engineering Manager,Dana Whitfield,1,1,False,0
linkedin.com/in/espen-achterberg-6158,profile_url,espen achterberg,Espen Achterberg,linkedin.com/in/espen-achterberg-6158,Ambrose Trading,Head of Automation,Dana Whitfield,1,1,False,0
linkedin.com/in/espen-ashdown-9727,profile_url,espen ashdown,Espen Ashdown,linkedin.com/in/espen-ashdown-9727,Whitlock Staffing,Staff Engineer,Dana Whitfield,1,1,False,0
linkedin.com/in/espen-balogun-7548,profile_url,espen balogun,Espen Balogun,linkedin.com/in/espen-balogun-7548,Dunmowe Travel,Principal Architect,Priya Raghunathan,1,1,False,0
linkedin.com/in/espen-bellinger-1969,profile_url,espen bellinger,Espen Bellinger,linkedin.com/in/espen-bellinger-1969,Elmsworth Tutors,"Senior Manager, Engineering",Marcus Aldridge,1,1,False,0
linkedin.com/in/espen-bellinger-oyelaran-5034,profile_url,espen bellinger oyelaran,Espen Bellinger-Oyelaran,linkedin.com/in/espen-bellinger-oyelaran-5034,Tannerly Design,Staff Engineer,Owen Trask,1,1,False,0
linkedin.com/in/espen-brenneman-1851,profile_url,espen brenneman,Espen Brenneman,linkedin.com/in/espen-brenneman-1851,Dunmowe Travel,Director of IT,Dana Whitfield,1,1,False,0
linkedin.com/in/espen-brenneman-wolstenholme-5589,profile_url,espen brenneman wolstenholme,Espen Brenneman-Wolstenholme,linkedin.com/in/espen-brenneman-wolstenholme-5589,Elmsworth Tutors,Director of Software Engineering,Tomás Beckett,1,1,False,0
linkedin.com/in/espen-cardoso-7805,profile_url,espen cardoso,Espen Cardoso,linkedin.com/in/espen-cardoso-7805,Pale Harbour Studio,Head of Automation,Dana Whitfield,1,1,False,0
linkedin.com/in/espen-cathcart-9285,profile_url,espen cathcart,Espen Cathcart,linkedin.com/in/espen-cathcart-9285,Corbridge Realty,"Senior Manager, Engineering",Tomás Beckett,1,1,False,0
linkedin.com/in/espen-cathcart-fontaine-6544,profile_url,espen cathcart fontaine,Espen Cathcart-Fontaine,linkedin.com/in/espen-cathcart-fontaine-6544,Elmsworth Tutors,Platform Lead,Elena Duvall,1,1,False,0
linkedin.com/in/espen-crowther-4210,profile_url,espen crowther,Espen Crowther,linkedin.com/in/espen-crowther-4210,Quintrell Advisory,Head of Innovation,Dana Whitfield,1,1,False,0
linkedin.com/in/espen-crowther-mkhize-9827,profile_url,espen crowther mkhize,Espen Crowther-Mkhize,linkedin.com/in/espen-crowther-mkhize-9827,Highmoor Cycles,"Senior Manager, Engineering",Tomás Beckett,1,1,False,0
linkedin.com/in/espen-dellinger-3382,profile_url,espen dellinger,Espen Dellinger,linkedin.com/in/espen-dellinger-3382,Underwood & Vale,Head of Innovation,Tomás Beckett,1,1,False,0
linkedin.com/in/espen-dobrescu-1190,profile_url,espen dobrescu,Espen Dobrescu,linkedin.com/in/espen-dobrescu-1190,Elmsworth Tutors,Principal Architect,Dana Whitfield,1,1,False,0
linkedin.com/in/espen-drummond-3906,profile_url,espen drummond,Espen Drummond,linkedin.com/in/espen-drummond-3906,Bellchamber Media,Platform Lead,Marcus Aldridge,1,1,False,0
linkedin.com/in/espen-eastcott-8801,profile_url,espen eastcott,Espen Eastcott,linkedin.com/in/espen-eastcott-8801,Vespermill Analytics,Chief Data Officer,Marcus Aldridge,1,1,False,0
linkedin.com/in/espen-egerton-6818,profile_url,espen egerton,Espen Egerton,linkedin.com/in/espen-egerton-6818,Elmsworth Tutors,Head of Automation,Priya Raghunathan,1,1,False,0
name:espen fairweather,name_only,espen fairweather,Espen Fairweather,,Corbridge Realty,Head of Automation,Tomás Beckett,1,1,False,1
linkedin.com/in/espen-falkenrath-2489,profile_url,espen falkenrath,Espen Falkenrath,linkedin.com/in/espen-falkenrath-2489,Ambrose Trading,Platform Lead,Marcus Aldridge,1,1,False,0
linkedin.com/in/espen-falkenrath-rushworth-3116,profile_url,espen falkenrath rushworth,Espen Falkenrath-Rushworth,linkedin.com/in/espen-falkenrath-rushworth-3116,Rooksby Legal,Product Director,Elena Duvall,1,1,False,0
linkedin.com/in/espen-ferreira-1393,profile_url,espen ferreira,Espen Ferreira,linkedin.com/in/espen-ferreira-1393,Whitlock Staffing,Platform Lead,Tomás Beckett,1,1,False,0
linkedin.com/in/espen-fontaine-4000,profile_url,espen fontaine,Espen Fontaine,linkedin.com/in/espen-fontaine-4000,Elmsworth Tutors,Head of Automation,Marcus Aldridge,1,1,False,0
name:espen gluckstein,name_only,espen gluckstein,Espen Glückstein,,Zenner Foods,Platform Lead,Marcus Aldridge,1,1,False,1
linkedin.com/in/espen-grimsby-1091,profile_url,espen grimsby,Espen Grimsby,linkedin.com/in/espen-grimsby-1091,Rooksby Legal,Platform Lead,Marcus Aldridge,1,1,False,0
linkedin.com/in/espen-halloran-5493,profile_url,espen halloran,Espen Halloran,linkedin.com/in/espen-halloran-5493,Dunmowe Travel,Engineering Manager,Dana Whitfield,1,1,False,0
linkedin.com/in/espen-hartigan-8464,profile_url,espen hartigan,Espen Hartigan,linkedin.com/in/espen-hartigan-8464,Dunmowe Travel,VP Enterprise Architecture,Marcus Aldridge,1,1,False,0
linkedin.com/in/espen-hartigan-achterberg-5616,profile_url,espen hartigan achterberg,Espen Hartigan-Achterberg,linkedin.com/in/espen-hartigan-achterberg-5616,Elmsworth Tutors,Director of Software Engineering,Owen Trask,1,1,False,0
linkedin.com/in/espen-hartigan-lomsadze-2019,profile_url,espen hartigan lomsadze,Espen Hartigan-Lomsadze,linkedin.com/in/espen-hartigan-lomsadze-2019,Whitlock Staffing,Head of Platform Engineering,Owen Trask,1,1,False,0
linkedin.com/in/espen-havercamp-6946,profile_url,espen havercamp,Espen Havercamp,linkedin.com/in/espen-havercamp-6946,Dunmowe Travel,Chief Operating Officer,Dana Whitfield,1,1,False,0
linkedin.com/in/espen-hojgaard-1426,profile_url,espen hojgaard,Espen Højgaard,linkedin.com/in/espen-hojgaard-1426,Garrowby Books,Product Director,Tomás Beckett,1,1,False,0
name:espen ibarra,name_only,espen ibarra,Espen Ibarra,,Ondermark Consulting,Engineering Manager,Dana Whitfield,1,1,False,1
linkedin.com/in/espen-ingleby-4834,profile_url,espen ingleby,Espen Ingleby,linkedin.com/in/espen-ingleby-4834,Quintrell Advisory,Principal Architect,Marcus Aldridge,1,1,False,0
linkedin.com/in/espen-isenberg-7802,profile_url,espen isenberg,Espen Isenberg,linkedin.com/in/espen-isenberg-7802,Ambrose Trading,Principal Architect,Dana Whitfield,1,1,False,0
linkedin.com/in/espen-jarrold-5335,profile_url,espen jarrold,Espen Jarrold,linkedin.com/in/espen-jarrold-5335,Yardley Print,Head of Innovation,Priya Raghunathan,1,1,False,0
linkedin.com/in/espen-kettleborough-4583,profile_url,espen kettleborough,Espen Kettleborough,linkedin.com/in/espen-kettleborough-4583,Rooksby Legal,Principal Architect,Tomás Beckett,1,1,False,0
linkedin.com/in/espen-kettleborough-rushworth-6878,profile_url,espen kettleborough rushworth,Espen Kettleborough-Rushworth,linkedin.com/in/espen-kettleborough-rushworth-6878,Whitlock Staffing,Engineering Manager,Owen Trask,1,1,False,0
linkedin.com/in/espen-kirkbride-2021,profile_url,espen kirkbride,Espen Kirkbride,linkedin.com/in/espen-kirkbride-2021,Underwood & Vale,Chief Operating Officer,Marcus Aldridge,1,1,False,0
linkedin.com/in/espen-lindqvist-4176,profile_url,espen lindqvist,Espen Lindqvist,linkedin.com/in/espen-lindqvist-4176,Elmsworth Tutors,Chief Information Officer,Tomás Beckett,1,1,False,0
linkedin.com/in/espen-lomsadze-1446,profile_url,espen lomsadze,Espen Lomsadze,linkedin.com/in/espen-lomsadze-1446,Whitlock Staffing,Principal Architect,Marcus Aldridge,1,1,False,0
linkedin.com/in/espen-lomsadze-wolstenholme-4344,profile_url,espen lomsadze wolstenholme,Espen Lomsadze-Wolstenholme,linkedin.com/in/espen-lomsadze-wolstenholme-4344,Garrowby Books,Director of Software Engineering,Elena Duvall,1,1,False,0
linkedin.com/in/espen-marchetti-8178,profile_url,espen marchetti,Espen Marchetti,linkedin.com/in/espen-marchetti-8178,Inglenook Bakery,"Senior Manager, Engineering",Dana Whitfield,1,1,False,0
linkedin.com/in/espen-merriweather-4968,profile_url,espen merriweather,Espen Merriweather,linkedin.com/in/espen-merriweather-4968,Elmsworth Tutors,Program Manager,Dana Whitfield,1,1,False,0
linkedin.com/in/espen-mkhize-4413,profile_url,espen mkhize,Espen Mkhize,linkedin.com/in/espen-mkhize-4413,Dunmowe Travel,Director of IT,Dana Whitfield,1,1,False,0
linkedin.com/in/espen-nakashima-1152,profile_url,espen nakashima,Espen Nakashima,linkedin.com/in/espen-nakashima-1152,Bellchamber Media,VP Engineering,Dana Whitfield,1,1,False,0
linkedin.com/in/espen-norrington-5836,profile_url,espen norrington,Espen Norrington,linkedin.com/in/espen-norrington-5836,Garrowby Books,Director of IT,Priya Raghunathan,1,1,False,0
linkedin.com/in/espen-okonkwo-6925,profile_url,espen okonkwo,Espen Okonkwo,linkedin.com/in/espen-okonkwo-6925,Quintrell Advisory,Head of Innovation,Marcus Aldridge,1,1,False,0
linkedin.com/in/espen-okonkwo-kirkbride-6632,profile_url,espen okonkwo kirkbride,Espen Okonkwo-Kirkbride,linkedin.com/in/espen-okonkwo-kirkbride-6632,Tannerly Design,"Senior Manager, Engineering",Owen Trask,1,1,False,0
linkedin.com/in/espen-oldfield-2183,profile_url,espen oldfield,Espen Oldfield,linkedin.com/in/espen-oldfield-2183,Elmsworth Tutors,"Senior Manager, Engineering",Tomás Beckett,1,1,False,0
linkedin.com/in/espen-oldfield-falkenrath-3353,profile_url,espen oldfield falkenrath,Espen Oldfield-Falkenrath,linkedin.com/in/espen-oldfield-falkenrath-3353,Tannerly Design,Director of IT,Elena Duvall,1,1,False,0
linkedin.com/in/espen-oyelaran-4680,profile_url,espen oyelaran,Espen Oyelaran,linkedin.com/in/espen-oyelaran-4680,Bellchamber Media,Engineering Manager,Priya Raghunathan,1,1,False,0
linkedin.com/in/espen-oyelaran-achterberg-1550,profile_url,espen oyelaran achterberg,Espen Oyelaran-Achterberg,linkedin.com/in/espen-oyelaran-achterberg-1550,Fairbourne Fitness,Head of Automation,Tomás Beckett,1,1,False,0
linkedin.com/in/espen-petrossian-9001,profile_url,espen petrossian,Espen Petrossian,linkedin.com/in/espen-petrossian-9001,Bellchamber Media,Engineering Manager,Tomás Beckett,1,1,False,0
linkedin.com/in/espen-prendergast-1086,profile_url,espen prendergast,Espen Prendergast,linkedin.com/in/espen-prendergast-1086,Bellchamber Media,Chief Digital Officer,Tomás Beckett,1,1,False,0
linkedin.com/in/espen-quillane-2780,profile_url,espen quillane,Espen Quillane,linkedin.com/in/espen-quillane-2780,Zenner Foods,Engineering Manager,Marcus Aldridge,1,1,False,0
linkedin.com/in/espen-quillane-cathcart-3370,profile_url,espen quillane cathcart,Espen Quillane-Cathcart,linkedin.com/in/espen-quillane-cathcart-3370,Ondermark Consulting,VP Data & Analytics,Tomás Beckett,1,1,False,0
linkedin.com/in/espen-rushworth-3873,profile_url,espen rushworth,Espen Rushworth,linkedin.com/in/espen-rushworth-3873,Bellchamber Media,Head of Automation,Marcus Aldridge,1,1,False,0
name:espen salcedo,name_only,espen salcedo,Espen Salcedo,,Zenner Foods,Program Manager,Marcus Aldridge,1,1,False,1
linkedin.com/in/espen-sandoval-2702,profile_url,espen sandoval,Espen Sandoval,linkedin.com/in/espen-sandoval-2702,Zenner Foods,Director of IT,Marcus Aldridge,1,1,False,0
linkedin.com/in/espen-thackeray-1261,profile_url,espen thackeray,Espen Thackeray,linkedin.com/in/espen-thackeray-1261,Garrowby Books,Head of Automation,Tomás Beckett,1,1,False,0
linkedin.com/in/espen-underhill-7135,profile_url,espen underhill,Espen Underhill,linkedin.com/in/espen-underhill-7135,Elmsworth Tutors,Staff Engineer,Tomás Beckett,1,1,False,0
linkedin.com/in/espen-underhill-halloran-6853,profile_url,espen underhill halloran,Espen Underhill-Halloran,linkedin.com/in/espen-underhill-halloran-6853,Bellchamber Media,SVP Digital,Owen Trask,1,1,False,0
linkedin.com/in/espen-vandermolen-2393,profile_url,espen vandermolen,Espen Vandermolen,linkedin.com/in/espen-vandermolen-2393,Pale Harbour Studio,Program Manager,Priya Raghunathan,1,1,False,0
linkedin.com/in/espen-vasquez-8564,profile_url,espen vasquez,Espen Vasquez,linkedin.com/in/espen-vasquez-8564,Yardley Print,Chief Operating Officer,Marcus Aldridge,1,1,False,0
linkedin.com/in/espen-wexford-5523,profile_url,espen wexford,Espen Wexford,linkedin.com/in/espen-wexford-5523,Fairbourne Fitness,Head of Automation,Dana Whitfield,1,1,False,0
name:espen wolstenholme,name_only,espen wolstenholme,Espen Wolstenholme,,Bellchamber Media,"Senior Manager, Engineering",Tomás Beckett,1,1,False,1
linkedin.com/in/espen-wolstenholme-ashdown-1026,profile_url,espen wolstenholme ashdown,Espen Wolstenholme-Ashdown,linkedin.com/in/espen-wolstenholme-ashdown-1026,Vespermill Analytics,Director of IT,Owen Trask,1,1,False,0
linkedin.com/in/espen-yarrow-3458,profile_url,espen yarrow,Espen Yarrow,linkedin.com/in/espen-yarrow-3458,Vespermill Analytics,Platform Lead,Priya Raghunathan,1,1,False,0
linkedin.com/in/espen-yarrow-isenberg-8603,profile_url,espen yarrow isenberg,Espen Yarrow-Isenberg,linkedin.com/in/espen-yarrow-isenberg-8603,Underwood & Vale,Engineering Manager,Tomás Beckett,1,1,False,0
linkedin.com/in/espen-yarrow-jarrold-5525,profile_url,espen yarrow jarrold,Espen Yarrow-Jarrold,linkedin.com/in/espen-yarrow-jarrold-5525,Inglenook Bakery,Director of IT,Tomás Beckett,1,1,False,0
linkedin.com/in/espen-zettergren-6184,profile_url,espen zettergren,Espen Zettergren,linkedin.com/in/espen-zettergren-6184,Falkirk Shipping,Head of Developer Productivity,Dana Whitfield; Marcus Aldridge,2,1,False,0
linkedin.com/in/espen-zettergren-marchetti-6489,profile_url,espen zettergren marchetti,Espen Zettergren-Marchetti,linkedin.com/in/espen-zettergren-marchetti-6489,Ambrose Trading,Director of IT,Elena Duvall,1,1,False,0
linkedin.com/in/espen-zubkov-2138,profile_url,espen zubkov,Espen Zubkov,linkedin.com/in/espen-zubkov-2138,Rooksby Legal,Engineering Manager,Dana Whitfield,1,1,False,0
linkedin.com/in/fenella-achterberg-7642,profile_url,fenella achterberg,Fenella Achterberg,linkedin.com/in/fenella-achterberg-7642,Ambrose Trading,Staff Engineer,Dana Whitfield,1,1,False,0
linkedin.com/in/fenella-ashdown-3097,profile_url,fenella ashdown,Fenella Ashdown,linkedin.com/in/fenella-ashdown-3097,Highmoor Cycles,"Senior Manager, Engineering",Dana Whitfield,1,1,False,0
linkedin.com/in/fenella-ashdown-lomsadze-9196,profile_url,fenella ashdown lomsadze,Fenella Ashdown-Lomsadze,linkedin.com/in/fenella-ashdown-lomsadze-9196,Bellchamber Media,Director of Software Engineering,Elena Duvall,1,1,False,0
linkedin.com/in/fenella-balogun-8059,profile_url,fenella balogun,Fenella Balogun,linkedin.com/in/fenella-balogun-8059,Quintrell Advisory,Head of Platform Engineering,Marcus Aldridge,1,1,False,0
linkedin.com/in/fenella-bellinger-5382,profile_url,fenella bellinger,Fenella Bellinger,linkedin.com/in/fenella-bellinger-5382,Rooksby Legal,Chief Digital Officer,Marcus Aldridge,1,1,False,0
linkedin.com/in/fenella-brenneman-7587,profile_url,fenella brenneman,Fenella Brenneman,linkedin.com/in/fenella-brenneman-7587,Ondermark Consulting,Program Manager,Priya Raghunathan,1,1,False,0
linkedin.com/in/fenella-cardoso-2816,profile_url,fenella cardoso,Fenella Cardoso,linkedin.com/in/fenella-cardoso-2816,Fairbourne Fitness,Head of Platform Engineering,Marcus Aldridge,1,1,False,0
linkedin.com/in/fenella-cathcart-8135,profile_url,fenella cathcart,Fenella Cathcart,linkedin.com/in/fenella-cathcart-8135,Fairbourne Fitness,SVP Digital,Marcus Aldridge,1,1,False,0
linkedin.com/in/fenella-cathcart-dobrescu-9606,profile_url,fenella cathcart dobrescu,Fenella Cathcart-Dobrescu,linkedin.com/in/fenella-cathcart-dobrescu-9606,Zenner Foods,VP Enterprise Architecture,Elena Duvall,1,1,False,0
linkedin.com/in/fenella-cathcart-fontaine-9946,profile_url,fenella cathcart fontaine,Fenella Cathcart-Fontaine,linkedin.com/in/fenella-cathcart-fontaine-9946,Ambrose Trading,Director of IT,Tomás Beckett,1,1,False,0
linkedin.com/in/fenella-crowther-3598,profile_url,fenella crowther,Fenella Crowther,linkedin.com/in/fenella-crowther-3598,Zenner Foods,"Senior Manager, Engineering",Tomás Beckett,1,1,False,0
linkedin.com/in/fenella-dellinger-2392,profile_url,fenella dellinger,Fenella Dellinger,linkedin.com/in/fenella-dellinger-2392,Ondermark Consulting,Product Director,Marcus Aldridge,1,1,False,0
linkedin.com/in/fenella-dobrescu-9415,profile_url,fenella dobrescu,Fenella Dobrescu,linkedin.com/in/fenella-dobrescu-9415,Highmoor Cycles,SVP Digital,Marcus Aldridge,1,1,False,0
linkedin.com/in/fenella-dobrescu-wexford-4229,profile_url,fenella dobrescu wexford,Fenella Dobrescu-Wexford,linkedin.com/in/fenella-dobrescu-wexford-4229,Whitlock Staffing,Platform Lead,Tomás Beckett,1,1,False,0
name:fenella drummond,name_only,fenella drummond,Fenella Drummond,,Elmsworth Tutors,Principal Architect,Marcus Aldridge,1,1,False,1
linkedin.com/in/fenella-drummond-wexford-4129,profile_url,fenella drummond wexford,Fenella Drummond-Wexford,linkedin.com/in/fenella-drummond-wexford-4129,Zenner Foods,Head of Innovation,Tomás Beckett,1,1,False,0
linkedin.com/in/fenella-eastcott-6786,profile_url,fenella eastcott,Fenella Eastcott,linkedin.com/in/fenella-eastcott-6786,Yardley Print,Product Director,Tomás Beckett,1,1,False,0
linkedin.com/in/fenella-egerton-5431,profile_url,fenella egerton,Fenella Egerton,linkedin.com/in/fenella-egerton-5431,Xanthe Labs,Head of Innovation,Priya Raghunathan,1,1,False,0
linkedin.com/in/fenella-egerton-kettleborough-2619,profile_url,fenella egerton kettleborough,Fenella Egerton-Kettleborough,linkedin.com/in/fenella-egerton-kettleborough-2619,Elmsworth Tutors,SVP Digital,Elena Duvall,1,1,False,0
name:fenella fairweather,name_only,fenella fairweather,Fenella Fairweather,,Bellchamber Media,Principal Architect,Marcus Aldridge,1,1,False,1
linkedin.com/in/fenella-falkenrath-4655,profile_url,fenella falkenrath,Fenella Falkenrath,linkedin.com/in/fenella-falkenrath-4655,Ondermark Consulting,Engineering Manager,Marcus Aldridge,1,1,False,0
linkedin.com/in/fenella-ferreira-7741,profile_url,fenella ferreira,Fenella Ferreira,linkedin.com/in/fenella-ferreira-7741,Garrowby Books,Staff Engineer,Priya Raghunathan,1,1,False,0
linkedin.com/in/fenella-ferreira-bellinger-4042,profile_url,fenella ferreira bellinger,Fenella Ferreira-Bellinger,linkedin.com/in/fenella-ferreira-bellinger-4042,Corbridge Realty,Platform Lead,Elena Duvall,1,1,False,0
linkedin.com/in/fenella-fontaine-6675,profile_url,fenella fontaine,Fenella Fontaine,linkedin.com/in/fenella-fontaine-6675,Underwood & Vale,Principal Architect,Dana Whitfield,1,1,False,0
linkedin.com/in/fenella-gluckstein-3972,profile_url,fenella gluckstein,Fenella Glückstein,linkedin.com/in/fenella-gluckstein-3972,Rooksby Legal,Head of Automation,Dana Whitfield,1,1,False,0
linkedin.com/in/fenella-grimsby-9733,profile_url,fenella grimsby,Fenella Grimsby,linkedin.com/in/fenella-grimsby-9733,Corbridge Realty,"Senior Manager, Engineering",Priya Raghunathan,1,1,False,0
linkedin.com/in/fenella-grimsby-hojgaard-1899,profile_url,fenella grimsby hojgaard,Fenella Grimsby-Højgaard,linkedin.com/in/fenella-grimsby-hojgaard-1899,Elmsworth Tutors,Engineering Manager,Elena Duvall,1,1,False,0
linkedin.com/in/fenella-halloran-5816,profile_url,fenella halloran,Fenella Halloran,linkedin.com/in/fenella-halloran-5816,Elmsworth Tutors,Head of Innovation,Priya Raghunathan,1,1,False,0
linkedin.com/in/fenella-hartigan-9900,profile_url,fenella hartigan,Fenella Hartigan,linkedin.com/in/fenella-hartigan-9900,Vespermill Analytics,Staff Engineer,Marcus Aldridge,1,1,False,0
linkedin.com/in/fenella-havercamp-4004,profile_url,fenella havercamp,Fenella Havercamp,linkedin.com/in/fenella-havercamp-4004,Fairbourne Fitness,Product Director,Marcus Aldridge,1,1,False,0
linkedin.com/in/fenella-hojgaard-6602,profile_url,fenella hojgaard,Fenella Højgaard,linkedin.com/in/fenella-hojgaard-6602,Garrowby Books,Director of IT,Marcus Aldridge,1,1,False,0
linkedin.com/in/fenella-hojgaard-balogun-1254,profile_url,fenella hojgaard balogun,Fenella Højgaard-Balogun,linkedin.com/in/fenella-hojgaard-balogun-1254,Fairbourne Fitness,VP Engineering,Tomás Beckett,1,1,False,0
linkedin.com/in/fenella-hojgaard-merriweather-5818,profile_url,fenella hojgaard merriweather,Fenella Højgaard-Merriweather,linkedin.com/in/fenella-hojgaard-merriweather-5818,Dunmowe Travel,Engineering Manager,Tomás Beckett,1,1,False,0
linkedin.com/in/fenella-ibarra-5945,profile_url,fenella ibarra,Fenella Ibarra,linkedin.com/in/fenella-ibarra-5945,Highmoor Cycles,Chief Operating Officer,Priya Raghunathan,1,1,False,0
linkedin.com/in/fenella-ingleby-9244,profile_url,fenella ingleby,Fenella Ingleby,linkedin.com/in/fenella-ingleby-9244,Underwood & Vale,Product Director,Priya Raghunathan,1,1,False,0
linkedin.com/in/fenella-isenberg-1414,profile_url,fenella isenberg,Fenella Isenberg,linkedin.com/in/fenella-isenberg-1414,Garrowby Books,Head of Developer Productivity,Dana Whitfield,1,1,False,0
linkedin.com/in/fenella-jarrold-4376,profile_url,fenella jarrold,Fenella Jarrold,linkedin.com/in/fenella-jarrold-4376,Vespermill Analytics,Engineering Manager,Tomás Beckett,1,1,False,0
linkedin.com/in/fenella-kettleborough-3800,profile_url,fenella kettleborough,Fenella Kettleborough,linkedin.com/in/fenella-kettleborough-3800,Whitlock Staffing,Engineering Manager,Dana Whitfield,1,1,False,0
linkedin.com/in/fenella-kirkbride-7961,profile_url,fenella kirkbride,Fenella Kirkbride,linkedin.com/in/fenella-kirkbride-7961,Tannerly Design,Head of Platform Engineering,Marcus Aldridge,1,1,False,0
linkedin.com/in/fenella-lindqvist-7241,profile_url,fenella lindqvist,Fenella Lindqvist,linkedin.com/in/fenella-lindqvist-7241,Dunmowe Travel,Program Manager,Dana Whitfield,1,1,False,0
linkedin.com/in/fenella-lomsadze-8403,profile_url,fenella lomsadze,Fenella Lomsadze,linkedin.com/in/fenella-lomsadze-8403,Underwood & Vale,"Senior Manager, Engineering",Dana Whitfield,1,1,False,0
linkedin.com/in/fenella-marchetti-7399,profile_url,fenella marchetti,Fenella Marchetti,linkedin.com/in/fenella-marchetti-7399,Ambrose Trading,Program Manager,Dana Whitfield,1,1,False,0
linkedin.com/in/fenella-merriweather-6819,profile_url,fenella merriweather,Fenella Merriweather,linkedin.com/in/fenella-merriweather-6819,Garrowby Books,Head of Innovation,Dana Whitfield,1,1,False,0
linkedin.com/in/fenella-mkhize-1953,profile_url,fenella mkhize,Fenella Mkhize,linkedin.com/in/fenella-mkhize-1953,Bellchamber Media,SVP Digital,Marcus Aldridge,1,1,False,0
linkedin.com/in/fenella-nakashima-5528,profile_url,fenella nakashima,Fenella Nakashima,linkedin.com/in/fenella-nakashima-5528,Yardley Print,Principal Architect,Dana Whitfield,1,1,False,0
linkedin.com/in/fenella-norrington-3934,profile_url,fenella norrington,Fenella Norrington,linkedin.com/in/fenella-norrington-3934,Elmsworth Tutors,Product Director,Tomás Beckett,1,1,False,0
linkedin.com/in/fenella-okonkwo-2804,profile_url,fenella okonkwo,Fenella Okonkwo,linkedin.com/in/fenella-okonkwo-2804,Whitlock Staffing,Director of IT,Dana Whitfield,1,1,False,0
linkedin.com/in/fenella-oldfield-9952,profile_url,fenella oldfield,Fenella Oldfield,linkedin.com/in/fenella-oldfield-9952,Zenner Foods,Program Manager,Marcus Aldridge,1,1,False,0
linkedin.com/in/fenella-oyelaran-7217,profile_url,fenella oyelaran,Fenella Oyelaran,linkedin.com/in/fenella-oyelaran-7217,Ambrose Trading,Staff Engineer,Tomás Beckett,1,1,False,0
linkedin.com/in/fenella-petrossian-7515,profile_url,fenella petrossian,Fenella Petrossian,linkedin.com/in/fenella-petrossian-7515,Fairbourne Fitness,Director of IT,Dana Whitfield,1,1,False,0
linkedin.com/in/fenella-prendergast-2923,profile_url,fenella prendergast,Fenella Prendergast,linkedin.com/in/fenella-prendergast-2923,Tannerly Design,VP Enterprise Architecture,Tomás Beckett,1,1,False,0
linkedin.com/in/fenella-quillane-4637,profile_url,fenella quillane,Fenella Quillane,linkedin.com/in/fenella-quillane-4637,Quintrell Advisory,VP Enterprise Architecture,Priya Raghunathan,1,1,False,0
linkedin.com/in/fenella-rushworth-1562,profile_url,fenella rushworth,Fenella Rushworth,linkedin.com/in/fenella-rushworth-1562,Highmoor Cycles,Staff Engineer,Marcus Aldridge,1,1,False,0
linkedin.com/in/fenella-rushworth-cardoso-8856,profile_url,fenella rushworth cardoso,Fenella Rushworth-Cardoso,linkedin.com/in/fenella-rushworth-cardoso-8856,Ondermark Consulting,Chief Digital Officer,Tomás Beckett,1,1,False,0
linkedin.com/in/fenella-salcedo-6192,profile_url,fenella salcedo,Fenella Salcedo,linkedin.com/in/fenella-salcedo-6192,Quintrell Advisory,Platform Lead,Dana Whitfield,1,1,False,0
linkedin.com/in/fenella-sandoval-7042,profile_url,fenella sandoval,Fenella Sandoval,linkedin.com/in/fenella-sandoval-7042,Underwood & Vale,Principal Architect,Priya Raghunathan,1,1,False,0
linkedin.com/in/fenella-thackeray-7761,profile_url,fenella thackeray,Fenella Thackeray,linkedin.com/in/fenella-thackeray-7761,Pale Harbour Studio,Head of Innovation,Dana Whitfield,1,1,False,0
linkedin.com/in/fenella-underhill-5253,profile_url,fenella underhill,Fenella Underhill,linkedin.com/in/fenella-underhill-5253,Zenner Foods,Engineering Manager,Marcus Aldridge,1,1,False,0
linkedin.com/in/fenella-underhill-isenberg-3331,profile_url,fenella underhill isenberg,Fenella Underhill-Isenberg,linkedin.com/in/fenella-underhill-isenberg-3331,Tannerly Design,Program Manager,Owen Trask,1,1,False,0
linkedin.com/in/fenella-vandermolen-2334,profile_url,fenella vandermolen,Fenella Vandermolen,linkedin.com/in/fenella-vandermolen-2334,Whitlock Staffing,VP Engineering,Marcus Aldridge,1,1,False,0
linkedin.com/in/fenella-vandermolen-mkhize-4463,profile_url,fenella vandermolen mkhize,Fenella Vandermolen-Mkhize,linkedin.com/in/fenella-vandermolen-mkhize-4463,Elmsworth Tutors,Product Director,Elena Duvall,1,1,False,0
linkedin.com/in/fenella-vasquez-5206,profile_url,fenella vasquez,Fenella Vasquez,linkedin.com/in/fenella-vasquez-5206,Ondermark Consulting,Chief Data Officer,Marcus Aldridge,1,1,False,0
linkedin.com/in/fenella-wexford-8948,profile_url,fenella wexford,Fenella Wexford,linkedin.com/in/fenella-wexford-8948,Garrowby Books,Program Manager,Marcus Aldridge,1,1,False,0
linkedin.com/in/fenella-wolstenholme-1817,profile_url,fenella wolstenholme,Fenella Wolstenholme,linkedin.com/in/fenella-wolstenholme-1817,Bellchamber Media,Chief Information Officer,Priya Raghunathan,1,1,False,0
linkedin.com/in/fenella-wolstenholme-wexford-6170,profile_url,fenella wolstenholme wexford,Fenella Wolstenholme-Wexford,linkedin.com/in/fenella-wolstenholme-wexford-6170,Dunmowe Travel,Engineering Manager,Tomás Beckett,1,1,False,0
linkedin.com/in/fenella-yarrow-5249,profile_url,fenella yarrow,Fenella Yarrow,linkedin.com/in/fenella-yarrow-5249,Xanthe Labs,Director of Software Engineering,Priya Raghunathan,1,1,False,0
linkedin.com/in/fenella-yarrow-halloran-7462,profile_url,fenella yarrow halloran,Fenella Yarrow-Halloran,linkedin.com/in/fenella-yarrow-halloran-7462,Corbridge Realty,Staff Engineer,Tomás Beckett,1,1,False,0
linkedin.com/in/fenella-yarrow-hojgaard-7111,profile_url,fenella yarrow hojgaard,Fenella Yarrow-Højgaard,linkedin.com/in/fenella-yarrow-hojgaard-7111,Fairbourne Fitness,Head of Automation,Tomás Beckett,1,1,False,0
linkedin.com/in/fenella-zettergren-1592,profile_url,fenella zettergren,Fenella Zettergren,linkedin.com/in/fenella-zettergren-1592,Corbridge Realty,Chief Technology Officer,Priya Raghunathan,1,1,False,0
linkedin.com/in/fenella-zubkov-9148,profile_url,fenella zubkov,Fenella Zubkov,linkedin.com/in/fenella-zubkov-9148,Zenner Foods,Program Manager,Tomás Beckett,1,1,False,0
linkedin.com/in/freya-achterberg-1936,profile_url,freya achterberg,Freya Achterberg,linkedin.com/in/freya-achterberg-1936,Vespermill Analytics,Engineering Manager,Tomás Beckett,1,1,False,0
linkedin.com/in/freya-achterberg-salcedo-2401,profile_url,freya achterberg salcedo,Freya Achterberg-Salcedo,linkedin.com/in/freya-achterberg-salcedo-2401,Inglenook Bakery,Head of Platform Engineering,Owen Trask,1,1,False,0
linkedin.com/in/freya-ashdown-3397,profile_url,freya ashdown,Freya Ashdown,linkedin.com/in/freya-ashdown-3397,Zenner Foods,Director of IT,Marcus Aldridge,1,1,False,0
linkedin.com/in/freya-balogun-5454,profile_url,freya balogun,Freya Balogun,linkedin.com/in/freya-balogun-5454,Garrowby Books,Head of Automation,Marcus Aldridge,1,1,False,0
linkedin.com/in/freya-bellinger-3303,profile_url,freya bellinger,Freya Bellinger,linkedin.com/in/freya-bellinger-3303,Tannerly Design,Chief Digital Officer,Tomás Beckett,1,1,False,0
linkedin.com/in/freya-brenneman-4853,profile_url,freya brenneman,Freya Brenneman,linkedin.com/in/freya-brenneman-4853,Zenner Foods,Program Manager,Marcus Aldridge,1,1,False,0
linkedin.com/in/freya-cardoso-5137,profile_url,freya cardoso,Freya Cardoso,linkedin.com/in/freya-cardoso-5137,Tannerly Design,"Senior Manager, Engineering",Marcus Aldridge,1,1,False,0
linkedin.com/in/freya-cathcart-2803,profile_url,freya cathcart,Freya Cathcart,linkedin.com/in/freya-cathcart-2803,Elmsworth Tutors,Head of Platform Engineering,Priya Raghunathan,1,1,False,0
linkedin.com/in/freya-crowther-3832,profile_url,freya crowther,Freya Crowther,linkedin.com/in/freya-crowther-3832,Whitlock Staffing,Head of Innovation,Marcus Aldridge,1,1,False,0
linkedin.com/in/freya-dellinger-4307,profile_url,freya dellinger,Freya Dellinger,linkedin.com/in/freya-dellinger-4307,Whitlock Staffing,Head of Automation,Dana Whitfield,1,1,False,0
linkedin.com/in/freya-dobrescu-5431,profile_url,freya dobrescu,Freya Dobrescu,linkedin.com/in/freya-dobrescu-5431,Highmoor Cycles,VP Engineering,Tomás Beckett,1,1,False,0
linkedin.com/in/freya-drummond-8942,profile_url,freya drummond,Freya Drummond,linkedin.com/in/freya-drummond-8942,Tannerly Design,Platform Lead,Dana Whitfield,1,1,False,0
linkedin.com/in/freya-drummond-ashdown-3349,profile_url,freya drummond ashdown,Freya Drummond-Ashdown,linkedin.com/in/freya-drummond-ashdown-3349,Zenner Foods,VP Engineering,Owen Trask,1,1,False,0
linkedin.com/in/freya-eastcott-6729,profile_url,freya eastcott,Freya Eastcott,linkedin.com/in/freya-eastcott-6729,Tannerly Design,Platform Lead,Tomás Beckett,1,1,False,0
linkedin.com/in/freya-egerton-8691,profile_url,freya egerton,Freya Egerton,linkedin.com/in/freya-egerton-8691,Rooksby Legal,Principal Architect,Priya Raghunathan,1,1,False,0
linkedin.com/in/freya-fairweather-6087,profile_url,freya fairweather,Freya Fairweather,linkedin.com/in/freya-fairweather-6087,Garrowby Books,Program Manager,Dana Whitfield,1,1,False,0
linkedin.com/in/freya-fairweather-ferreira-4456,profile_url,freya fairweather ferreira,Freya Fairweather-Ferreira,linkedin.com/in/freya-fairweather-ferreira-4456,Fairbourne Fitness,Product Director,Tomás Beckett,1,1,False,0
linkedin.com/in/freya-falkenrath-5631,profile_url,freya falkenrath,Freya Falkenrath,linkedin.com/in/freya-falkenrath-5631,Xanthe Labs,Head of Automation,Dana Whitfield,1,1,False,0
linkedin.com/in/freya-ferreira-2273,profile_url,freya ferreira,Freya Ferreira,linkedin.com/in/freya-ferreira-2273,Underwood & Vale,Director of IT,Tomás Beckett,1,1,False,0
linkedin.com/in/freya-fontaine-3581,profile_url,freya fontaine,Freya Fontaine,linkedin.com/in/freya-fontaine-3581,Ambrose Trading,Program Manager,Dana Whitfield,1,1,False,0
linkedin.com/in/freya-gluckstein-3917,profile_url,freya gluckstein,Freya Glückstein,linkedin.com/in/freya-gluckstein-3917,Quintrell Advisory,VP Data & Analytics,Marcus Aldridge,1,1,False,0
linkedin.com/in/freya-grimsby-7259,profile_url,freya grimsby,Freya Grimsby,linkedin.com/in/freya-grimsby-7259,Highmoor Cycles,Program Manager,Dana Whitfield,1,1,False,0
name:freya halloran,name_only,freya halloran,Freya Halloran,,Dunmowe Travel,Staff Engineer,Marcus Aldridge,1,1,False,1
linkedin.com/in/freya-halloran-wexford-6397,profile_url,freya halloran wexford,Freya Halloran-Wexford,linkedin.com/in/freya-halloran-wexford-6397,Yardley Print,Director of Software Engineering,Elena Duvall,1,1,False,0
linkedin.com/in/freya-hartigan-9017,profile_url,freya hartigan,Freya Hartigan,linkedin.com/in/freya-hartigan-9017,Ondermark Consulting,Platform Lead,Marcus Aldridge,1,1,False,0
linkedin.com/in/freya-havercamp-7302,profile_url,freya havercamp,Freya Havercamp,linkedin.com/in/freya-havercamp-7302,Hollowbrook Grocers,Staff Engineer,Dana Whitfield; Priya Raghunathan,2,1,False,0
linkedin.com/in/freya-hojgaard-1596,profile_url,freya hojgaard,Freya Højgaard,linkedin.com/in/freya-hojgaard-1596,Zenner Foods,Staff Engineer,Priya Raghunathan,1,1,False,0
linkedin.com/in/freya-ibarra-2973,profile_url,freya ibarra,Freya Ibarra,linkedin.com/in/freya-ibarra-2973,Tannerly Design,Staff Engineer,Marcus Aldridge,1,1,False,0
linkedin.com/in/freya-ingleby-2070,profile_url,freya ingleby,Freya Ingleby,linkedin.com/in/freya-ingleby-2070,Bellchamber Media,Principal Architect,Marcus Aldridge,1,1,False,0
linkedin.com/in/freya-isenberg-2343,profile_url,freya isenberg,Freya Isenberg,linkedin.com/in/freya-isenberg-2343,Corbridge Realty,Director of IT,Priya Raghunathan,1,1,False,0
linkedin.com/in/freya-jarrold-3754,profile_url,freya jarrold,Freya Jarrold,linkedin.com/in/freya-jarrold-3754,Zenner Foods,Product Director,Tomás Beckett,1,1,False,0
linkedin.com/in/freya-kettleborough-6578,profile_url,freya kettleborough,Freya Kettleborough,linkedin.com/in/freya-kettleborough-6578,Underwood & Vale,Engineering Manager,Dana Whitfield,1,1,False,0
linkedin.com/in/freya-kirkbride-5477,profile_url,freya kirkbride,Freya Kirkbride,linkedin.com/in/freya-kirkbride-5477,Ambrose Trading,Principal Architect,Marcus Aldridge,1,1,False,0
linkedin.com/in/freya-lindqvist-6604,profile_url,freya lindqvist,Freya Lindqvist,linkedin.com/in/freya-lindqvist-6604,Quintrell Advisory,Principal Architect,Priya Raghunathan,1,1,False,0
linkedin.com/in/freya-lindqvist-grimsby-1919,profile_url,freya lindqvist grimsby,Freya Lindqvist-Grimsby,linkedin.com/in/freya-lindqvist-grimsby-1919,Ambrose Trading,Engineering Manager,Tomás Beckett,1,1,False,0
linkedin.com/in/freya-lomsadze-8131,profile_url,freya lomsadze,Freya Lomsadze,linkedin.com/in/freya-lomsadze-8131,Bellchamber Media,Product Director,Priya Raghunathan,1,1,False,0
linkedin.com/in/freya-lomsadze-ingleby-6334,profile_url,freya lomsadze ingleby,Freya Lomsadze-Ingleby,linkedin.com/in/freya-lomsadze-ingleby-6334,Zenner Foods,Product Director,Tomás Beckett,1,1,False,0
linkedin.com/in/freya-marchetti-2683,profile_url,freya marchetti,Freya Marchetti,linkedin.com/in/freya-marchetti-2683,Pale Harbour Studio,Director of IT,Tomás Beckett,1,1,False,0
linkedin.com/in/freya-merriweather-4919,profile_url,freya merriweather,Freya Merriweather,linkedin.com/in/freya-merriweather-4919,Garrowby Books,Chief Information Officer,Priya Raghunathan,1,1,False,0
name:freya mkhize,name_only,freya mkhize,Freya Mkhize,,Tannerly Design,Platform Lead,Priya Raghunathan,1,1,False,1
linkedin.com/in/freya-nakashima-5996,profile_url,freya nakashima,Freya Nakashima,linkedin.com/in/freya-nakashima-5996,Bellchamber Media,Program Manager,Tomás Beckett,1,1,False,0
linkedin.com/in/freya-norrington-6246,profile_url,freya norrington,Freya Norrington,linkedin.com/in/freya-norrington-6246,Tannerly Design,Head of Automation,Marcus Aldridge,1,1,False,0
linkedin.com/in/freya-okonkwo-7089,profile_url,freya okonkwo,Freya Okonkwo,linkedin.com/in/freya-okonkwo-7089,Corbridge Realty,Engineering Manager,Priya Raghunathan,1,1,False,0
linkedin.com/in/freya-oldfield-8298,profile_url,freya oldfield,Freya Oldfield,linkedin.com/in/freya-oldfield-8298,Garrowby Books,VP Engineering,Marcus Aldridge,1,1,False,0
linkedin.com/in/freya-oyelaran-8261,profile_url,freya oyelaran,Freya Oyelaran,linkedin.com/in/freya-oyelaran-8261,Whitlock Staffing,Staff Engineer,Marcus Aldridge,1,1,False,0
linkedin.com/in/freya-oyelaran-bellinger-4160,profile_url,freya oyelaran bellinger,Freya Oyelaran-Bellinger,linkedin.com/in/freya-oyelaran-bellinger-4160,Bellchamber Media,Staff Engineer,Owen Trask,1,1,False,0
linkedin.com/in/freya-petrossian-7486,profile_url,freya petrossian,Freya Petrossian,linkedin.com/in/freya-petrossian-7486,Corbridge Realty,Engineering Manager,Marcus Aldridge,1,1,False,0
linkedin.com/in/freya-prendergast-8856,profile_url,freya prendergast,Freya Prendergast,linkedin.com/in/freya-prendergast-8856,Pale Harbour Studio,"Senior Manager, Engineering",Dana Whitfield,1,1,False,0
linkedin.com/in/freya-prendergast-brenneman-7627,profile_url,freya prendergast brenneman,Freya Prendergast-Brenneman,linkedin.com/in/freya-prendergast-brenneman-7627,Whitlock Staffing,Principal Architect,Tomás Beckett,1,1,False,0
linkedin.com/in/freya-quillane-2696,profile_url,freya quillane,Freya Quillane,linkedin.com/in/freya-quillane-2696,Whitlock Staffing,Head of Innovation,Marcus Aldridge,1,1,False,0
linkedin.com/in/freya-quillane-wexford-4218,profile_url,freya quillane wexford,Freya Quillane-Wexford,linkedin.com/in/freya-quillane-wexford-4218,Pale Harbour Studio,Staff Engineer,Elena Duvall,1,1,False,0
linkedin.com/in/freya-rushworth-9657,profile_url,freya rushworth,Freya Rushworth,linkedin.com/in/freya-rushworth-9657,Dunmowe Travel,Head of Platform Engineering,Priya Raghunathan,1,1,False,0
linkedin.com/in/freya-salcedo-3026,profile_url,freya salcedo,Freya Salcedo,linkedin.com/in/freya-salcedo-3026,Highmoor Cycles,Staff Engineer,Dana Whitfield,1,1,False,0
linkedin.com/in/freya-salcedo-vasquez-1872,profile_url,freya salcedo vasquez,Freya Salcedo-Vasquez,linkedin.com/in/freya-salcedo-vasquez-1872,Underwood & Vale,Director of IT,Owen Trask,1,1,False,0
linkedin.com/in/freya-sandoval-6298,profile_url,freya sandoval,Freya Sandoval,linkedin.com/in/freya-sandoval-6298,Yardley Print,Engineering Manager,Tomás Beckett,1,1,False,0
linkedin.com/in/freya-thackeray-2245,profile_url,freya thackeray,Freya Thackeray,linkedin.com/in/freya-thackeray-2245,Underwood & Vale,Head of Developer Productivity,Dana Whitfield,1,1,False,0
linkedin.com/in/freya-underhill-3894,profile_url,freya underhill,Freya Underhill,linkedin.com/in/freya-underhill-3894,Bellchamber Media,Product Director,Priya Raghunathan,1,1,False,0
linkedin.com/in/freya-underhill-dobrescu-5734,profile_url,freya underhill dobrescu,Freya Underhill-Dobrescu,linkedin.com/in/freya-underhill-dobrescu-5734,Xanthe Labs,Program Manager,Tomás Beckett,1,1,False,0
linkedin.com/in/freya-vandermolen-6470,profile_url,freya vandermolen,Freya Vandermolen,linkedin.com/in/freya-vandermolen-6470,Inglenook Bakery,Chief Data Officer,Tomás Beckett,1,1,False,0
linkedin.com/in/freya-vasquez-5774,profile_url,freya vasquez,Freya Vasquez,linkedin.com/in/freya-vasquez-5774,Dunmowe Travel,Product Director,Tomás Beckett,1,1,False,0
linkedin.com/in/freya-wexford-2167,profile_url,freya wexford,Freya Wexford,linkedin.com/in/freya-wexford-2167,Ambrose Trading,Head of Innovation,Dana Whitfield,1,1,False,0
linkedin.com/in/freya-wolstenholme-9137,profile_url,freya wolstenholme,Freya Wolstenholme,linkedin.com/in/freya-wolstenholme-9137,Ondermark Consulting,Staff Engineer,Marcus Aldridge,1,1,False,0
linkedin.com/in/freya-yarrow-8152,profile_url,freya yarrow,Freya Yarrow,linkedin.com/in/freya-yarrow-8152,Vespermill Analytics,Director of Software Engineering,Dana Whitfield,1,1,False,0
linkedin.com/in/freya-yarrow-vandermolen-7279,profile_url,freya yarrow vandermolen,Freya Yarrow-Vandermolen,linkedin.com/in/freya-yarrow-vandermolen-7279,Underwood & Vale,Chief Data Officer,Tomás Beckett,1,1,False,0
linkedin.com/in/freya-zettergren-3162,profile_url,freya zettergren,Freya Zettergren,linkedin.com/in/freya-zettergren-3162,Inglenook Bakery,Program Manager,Marcus Aldridge,1,1,False,0
linkedin.com/in/freya-zettergren-ingleby-7785,profile_url,freya zettergren ingleby,Freya Zettergren-Ingleby,linkedin.com/in/freya-zettergren-ingleby-7785,Corbridge Realty,Head of Innovation,Tomás Beckett,1,1,False,0
linkedin.com/in/freya-zubkov-2125,profile_url,freya zubkov,Freya Zubkov,linkedin.com/in/freya-zubkov-2125,Fairbourne Fitness,Platform Lead,Marcus Aldridge,1,1,False,0
linkedin.com/in/gideon-achterberg-2545,profile_url,gideon achterberg,Gideon Achterberg,linkedin.com/in/gideon-achterberg-2545,Yardley Print,SVP Digital,Marcus Aldridge,1,1,False,0
linkedin.com/in/gideon-achterberg-zubkov-1889,profile_url,gideon achterberg zubkov,Gideon Achterberg-Zubkov,linkedin.com/in/gideon-achterberg-zubkov-1889,Dunmowe Travel,Program Manager,Tomás Beckett,1,1,False,0
linkedin.com/in/gideon-ashdown-7955,profile_url,gideon ashdown,Gideon Ashdown,linkedin.com/in/gideon-ashdown-7955,Dunmowe Travel,Director of IT,Dana Whitfield,1,1,False,0
linkedin.com/in/gideon-balogun-3435,profile_url,gideon balogun,Gideon Balogun,linkedin.com/in/gideon-balogun-3435,Tannerly Design,Engineering Manager,Dana Whitfield,1,1,False,0
linkedin.com/in/gideon-bellinger-8645,profile_url,gideon bellinger,Gideon Bellinger,linkedin.com/in/gideon-bellinger-8645,Garrowby Books,Head of Automation,Marcus Aldridge,1,1,False,0
linkedin.com/in/gideon-brenneman-3639,profile_url,gideon brenneman,Gideon Brenneman,linkedin.com/in/gideon-brenneman-3639,Fairbourne Fitness,VP Data & Analytics,Priya Raghunathan,1,1,False,0
linkedin.com/in/gideon-cardoso-5880,profile_url,gideon cardoso,Gideon Cardoso,linkedin.com/in/gideon-cardoso-5880,Dunmowe Travel,Chief Operating Officer,Dana Whitfield,1,1,False,0
linkedin.com/in/gideon-cardoso-yarrow-2687,profile_url,gideon cardoso yarrow,Gideon Cardoso-Yarrow,linkedin.com/in/gideon-cardoso-yarrow-2687,Rooksby Legal,VP Data & Analytics,Owen Trask,1,1,False,0
linkedin.com/in/gideon-cathcart-6170,profile_url,gideon cathcart,Gideon Cathcart,linkedin.com/in/gideon-cathcart-6170,Zenner Foods,Program Manager,Dana Whitfield,1,1,False,0
linkedin.com/in/gideon-cathcart-fairweather-2507,profile_url,gideon cathcart fairweather,Gideon Cathcart-Fairweather,linkedin.com/in/gideon-cathcart-fairweather-2507,Tannerly Design,Head of Innovation,Elena Duvall,1,1,False,0
linkedin.com/in/gideon-cathcart-oyelaran-1607,profile_url,gideon cathcart oyelaran,Gideon Cathcart-Oyelaran,linkedin.com/in/gideon-cathcart-oyelaran-1607,Corbridge Realty,Head of Automation,Elena Duvall,1,1,False,0
linkedin.com/in/gideon-crowther-4137,profile_url,gideon crowther,Gideon Crowther,linkedin.com/in/gideon-crowther-4137,Bellchamber Media,"Senior Manager, Engineering",Priya Raghunathan,1,1,False,0
linkedin.com/in/gideon-dellinger-2075,profile_url,gideon dellinger,Gideon Dellinger,linkedin.com/in/gideon-dellinger-2075,Tannerly Design,Engineering Manager,Dana Whitfield,1,1,False,0
linkedin.com/in/gideon-dellinger-kettleborough-4909,profile_url,gideon dellinger kettleborough,Gideon Dellinger-Kettleborough,linkedin.com/in/gideon-dellinger-kettleborough-4909,Corbridge Realty,Chief Digital Officer,Owen Trask,1,1,False,0
linkedin.com/in/gideon-dobrescu-6334,profile_url,gideon dobrescu,Gideon Dobrescu,linkedin.com/in/gideon-dobrescu-6334,Ambrose Trading,"Senior Manager, Engineering",Dana Whitfield,1,1,False,0
linkedin.com/in/gideon-drummond-9702,profile_url,gideon drummond,Gideon Drummond,linkedin.com/in/gideon-drummond-9702,Vespermill Analytics,Chief Data Officer,Dana Whitfield,1,1,False,0
linkedin.com/in/gideon-eastcott-9770,profile_url,gideon eastcott,Gideon Eastcott,linkedin.com/in/gideon-eastcott-9770,Tannerly Design,Staff Engineer,Priya Raghunathan,1,1,False,0
linkedin.com/in/gideon-egerton-9214,profile_url,gideon egerton,Gideon Egerton,linkedin.com/in/gideon-egerton-9214,Vespermill Analytics,Head of Innovation,Dana Whitfield,1,1,False,0
linkedin.com/in/gideon-egerton-fontaine-6572,profile_url,gideon egerton fontaine,Gideon Egerton-Fontaine,linkedin.com/in/gideon-egerton-fontaine-6572,Quintrell Advisory,Engineering Manager,Elena Duvall,1,1,False,0
linkedin.com/in/gideon-fairweather-3612,profile_url,gideon fairweather,Gideon Fairweather,linkedin.com/in/gideon-fairweather-3612,Zenner Foods,Platform Lead,Tomás Beckett,1,1,False,0
linkedin.com/in/gideon-falkenrath-3046,profile_url,gideon falkenrath,Gideon Falkenrath,linkedin.com/in/gideon-falkenrath-3046,Inglenook Bakery,Director of IT,Tomás Beckett,1,1,False,0
linkedin.com/in/gideon-falkenrath-jarrold-2196,profile_url,gideon falkenrath jarrold,Gideon Falkenrath-Jarrold,linkedin.com/in/gideon-falkenrath-jarrold-2196,Pale Harbour Studio,Head of Automation,Elena Duvall,1,1,False,0
linkedin.com/in/gideon-ferreira-2603,profile_url,gideon ferreira,Gideon Ferreira,linkedin.com/in/gideon-ferreira-2603,Ondermark Consulting,"Senior Manager, Engineering",Dana Whitfield,1,1,False,0
linkedin.com/in/gideon-fontaine-8505,profile_url,gideon fontaine,Gideon Fontaine,linkedin.com/in/gideon-fontaine-8505,Ambrose Trading,Chief Technology Officer,Marcus Aldridge,1,1,False,0
linkedin.com/in/gideon-fontaine-mkhize-7343,profile_url,gideon fontaine mkhize,Gideon Fontaine-Mkhize,linkedin.com/in/gideon-fontaine-mkhize-7343,Corbridge Realty,"Senior Manager, Engineering",Owen Trask,1,1,False,0
linkedin.com/in/gideon-gluckstein-5395,profile_url,gideon gluckstein,Gideon Glückstein,linkedin.com/in/gideon-gluckstein-5395,Inglenook Bakery,Head of Platform Engineering,Priya Raghunathan,1,1,False,0
linkedin.com/in/gideon-grimsby-3791,profile_url,gideon grimsby,Gideon Grimsby,linkedin.com/in/gideon-grimsby-3791,Yardley Print,Head of Developer Productivity,Dana Whitfield,1,1,False,0
linkedin.com/in/gideon-halloran-8198,profile_url,gideon halloran,Gideon Halloran,linkedin.com/in/gideon-halloran-8198,Tannerly Design,Program Manager,Tomás Beckett,1,1,False,0
linkedin.com/in/gideon-hartigan-3989,profile_url,gideon hartigan,Gideon Hartigan,linkedin.com/in/gideon-hartigan-3989,Fairbourne Fitness,Head of Innovation,Priya Raghunathan,1,1,False,0
linkedin.com/in/gideon-havercamp-3339,profile_url,gideon havercamp,Gideon Havercamp,linkedin.com/in/gideon-havercamp-3339,Rooksby Legal,Program Manager,Tomás Beckett,1,1,False,0
linkedin.com/in/gideon-hojgaard-6855,profile_url,gideon hojgaard,Gideon Højgaard,linkedin.com/in/gideon-hojgaard-6855,Quintrell Advisory,Head of Innovation,Marcus Aldridge,1,1,False,0
name:gideon ibarra,name_only,gideon ibarra,Gideon Ibarra,,Elmsworth Tutors,Platform Lead,Marcus Aldridge,1,1,False,1
linkedin.com/in/gideon-ingleby-6982,profile_url,gideon ingleby,Gideon Ingleby,linkedin.com/in/gideon-ingleby-6982,Ondermark Consulting,Program Manager,Tomás Beckett,1,1,False,0
linkedin.com/in/gideon-ingleby-lomsadze-8527,profile_url,gideon ingleby lomsadze,Gideon Ingleby-Lomsadze,linkedin.com/in/gideon-ingleby-lomsadze-8527,Inglenook Bakery,Program Manager,Elena Duvall,1,1,False,0
linkedin.com/in/gideon-isenberg-4009,profile_url,gideon isenberg,Gideon Isenberg,linkedin.com/in/gideon-isenberg-4009,Garrowby Books,Program Manager,Marcus Aldridge,1,1,False,0
linkedin.com/in/gideon-isenberg-crowther-4908,profile_url,gideon isenberg crowther,Gideon Isenberg-Crowther,linkedin.com/in/gideon-isenberg-crowther-4908,Whitlock Staffing,Product Director,Elena Duvall,1,1,False,0
linkedin.com/in/gideon-jarrold-1736,profile_url,gideon jarrold,Gideon Jarrold,linkedin.com/in/gideon-jarrold-1736,Quintrell Advisory,Director of IT,Dana Whitfield,1,1,False,0
linkedin.com/in/gideon-jarrold-marchetti-3841,profile_url,gideon jarrold marchetti,Gideon Jarrold-Marchetti,linkedin.com/in/gideon-jarrold-marchetti-3841,Zenner Foods,Director of Software Engineering,Elena Duvall,1,1,False,0
linkedin.com/in/gideon-kettleborough-3208,profile_url,gideon kettleborough,Gideon Kettleborough,linkedin.com/in/gideon-kettleborough-3208,Tannerly Design,SVP Digital,Priya Raghunathan,1,1,False,0
linkedin.com/in/gideon-kirkbride-1665,profile_url,gideon kirkbride,Gideon Kirkbride,linkedin.com/in/gideon-kirkbride-1665,Ondermark Consulting,VP Enterprise Architecture,Marcus Aldridge,1,1,False,0
linkedin.com/in/gideon-kirkbride-grimsby-6889,profile_url,gideon kirkbride grimsby,Gideon Kirkbride-Grimsby,linkedin.com/in/gideon-kirkbride-grimsby-6889,Elmsworth Tutors,Program Manager,Owen Trask,1,1,False,0
linkedin.com/in/gideon-kirkbride-isenberg-5436,profile_url,gideon kirkbride isenberg,Gideon Kirkbride-Isenberg,linkedin.com/in/gideon-kirkbride-isenberg-5436,Whitlock Staffing,"Senior Manager, Engineering",Elena Duvall,1,1,False,0
linkedin.com/in/gideon-lindqvist-9652,profile_url,gideon lindqvist,Gideon Lindqvist,linkedin.com/in/gideon-lindqvist-9652,Quintrell Advisory,Product Director,Dana Whitfield,1,1,False,0
linkedin.com/in/gideon-lomsadze-6696,profile_url,gideon lomsadze,Gideon Lomsadze,linkedin.com/in/gideon-lomsadze-6696,Yardley Print,Program Manager,Dana Whitfield,1,1,False,0
linkedin.com/in/gideon-marchetti-7916,profile_url,gideon marchetti,Gideon Marchetti,linkedin.com/in/gideon-marchetti-7916,Yardley Print,Director of Software Engineering,Priya Raghunathan,1,1,False,0
linkedin.com/in/gideon-merriweather-5373,profile_url,gideon merriweather,Gideon Merriweather,linkedin.com/in/gideon-merriweather-5373,Inglenook Bakery,Chief Operating Officer,Dana Whitfield,1,1,False,0
linkedin.com/in/gideon-mkhize-5114,profile_url,gideon mkhize,Gideon Mkhize,linkedin.com/in/gideon-mkhize-5114,Ondermark Consulting,Head of Developer Productivity,Dana Whitfield,1,1,False,0
linkedin.com/in/gideon-nakashima-2212,profile_url,gideon nakashima,Gideon Nakashima,linkedin.com/in/gideon-nakashima-2212,Fairbourne Fitness,Chief Operating Officer,Marcus Aldridge,1,1,False,0
linkedin.com/in/gideon-norrington-2706,profile_url,gideon norrington,Gideon Norrington,linkedin.com/in/gideon-norrington-2706,Highmoor Cycles,Chief Technology Officer,Marcus Aldridge,1,1,False,0
linkedin.com/in/gideon-norrington-balogun-8706,profile_url,gideon norrington balogun,Gideon Norrington-Balogun,linkedin.com/in/gideon-norrington-balogun-8706,Ambrose Trading,Head of Automation,Tomás Beckett,1,1,False,0
linkedin.com/in/gideon-okonkwo-9368,profile_url,gideon okonkwo,Gideon Okonkwo,linkedin.com/in/gideon-okonkwo-9368,Tannerly Design,Engineering Manager,Dana Whitfield,1,1,False,0
linkedin.com/in/gideon-oldfield-6181,profile_url,gideon oldfield,Gideon Oldfield,linkedin.com/in/gideon-oldfield-6181,Underwood & Vale,Staff Engineer,Priya Raghunathan,1,1,False,0
linkedin.com/in/gideon-oyelaran-3562,profile_url,gideon oyelaran,Gideon Oyelaran,linkedin.com/in/gideon-oyelaran-3562,Rooksby Legal,Platform Lead,Marcus Aldridge,1,1,False,0
linkedin.com/in/gideon-petrossian-4597,profile_url,gideon petrossian,Gideon Petrossian,linkedin.com/in/gideon-petrossian-4597,Ondermark Consulting,Staff Engineer,Dana Whitfield,1,1,False,0
linkedin.com/in/gideon-petrossian-brenneman-6113,profile_url,gideon petrossian brenneman,Gideon Petrossian-Brenneman,linkedin.com/in/gideon-petrossian-brenneman-6113,Dunmowe Travel,Program Manager,Tomás Beckett,1,1,False,0
linkedin.com/in/gideon-prendergast-3573,profile_url,gideon prendergast,Gideon Prendergast,linkedin.com/in/gideon-prendergast-3573,Pale Harbour Studio,VP Data & Analytics,Priya Raghunathan,1,1,False,0
linkedin.com/in/gideon-quillane-8306,profile_url,gideon quillane,Gideon Quillane,linkedin.com/in/gideon-quillane-8306,Dunmowe Travel,Head of Automation,Dana Whitfield,1,1,False,0
linkedin.com/in/gideon-rushworth-4392,profile_url,gideon rushworth,Gideon Rushworth,linkedin.com/in/gideon-rushworth-4392,Rooksby Legal,Chief Technology Officer,Priya Raghunathan,1,1,False,0
linkedin.com/in/gideon-rushworth-petrossian-9965,profile_url,gideon rushworth petrossian,Gideon Rushworth-Petrossian,linkedin.com/in/gideon-rushworth-petrossian-9965,Yardley Print,Head of Automation,Elena Duvall,1,1,False,0
linkedin.com/in/gideon-salcedo-1965,profile_url,gideon salcedo,Gideon Salcedo,linkedin.com/in/gideon-salcedo-1965,Dunmowe Travel,VP Data & Analytics,Priya Raghunathan,1,1,False,0
linkedin.com/in/gideon-sandoval-1725,profile_url,gideon sandoval,Gideon Sandoval,linkedin.com/in/gideon-sandoval-1725,Underwood & Vale,Principal Architect,Tomás Beckett,1,1,False,0
linkedin.com/in/gideon-sandoval-rushworth-4419,profile_url,gideon sandoval rushworth,Gideon Sandoval-Rushworth,linkedin.com/in/gideon-sandoval-rushworth-4419,Corbridge Realty,Platform Lead,Tomás Beckett,1,1,False,0
name:gideon thackeray,name_only,gideon thackeray,Gideon Thackeray,,Elmsworth Tutors,Head of Automation,Tomás Beckett,1,1,False,1
linkedin.com/in/gideon-thackeray-marchetti-5703,profile_url,gideon thackeray marchetti,Gideon Thackeray-Marchetti,linkedin.com/in/gideon-thackeray-marchetti-5703,Zenner Foods,VP Engineering,Tomás Beckett,1,1,False,0
linkedin.com/in/gideon-underhill-9832,profile_url,gideon underhill,Gideon Underhill,linkedin.com/in/gideon-underhill-9832,Bellchamber Media,Chief Data Officer,Marcus Aldridge,1,1,False,0
linkedin.com/in/gideon-vandermolen-5908,profile_url,gideon vandermolen,Gideon Vandermolen,linkedin.com/in/gideon-vandermolen-5908,Vespermill Analytics,Chief Data Officer,Priya Raghunathan,1,1,False,0
linkedin.com/in/gideon-vasquez-8423,profile_url,gideon vasquez,Gideon Vasquez,linkedin.com/in/gideon-vasquez-8423,Pale Harbour Studio,"Senior Manager, Engineering",Tomás Beckett,1,1,False,0
linkedin.com/in/gideon-vasquez-ingleby-4557,profile_url,gideon vasquez ingleby,Gideon Vasquez-Ingleby,linkedin.com/in/gideon-vasquez-ingleby-4557,Dunmowe Travel,VP Enterprise Architecture,Owen Trask,1,1,False,0
linkedin.com/in/gideon-wexford-1192,profile_url,gideon wexford,Gideon Wexford,linkedin.com/in/gideon-wexford-1192,Yardley Print,Engineering Manager,Marcus Aldridge,1,1,False,0
linkedin.com/in/gideon-wolstenholme-1962,profile_url,gideon wolstenholme,Gideon Wolstenholme,linkedin.com/in/gideon-wolstenholme-1962,Yardley Print,SVP Digital,Marcus Aldridge,1,1,False,0
linkedin.com/in/gideon-yarrow-6265,profile_url,gideon yarrow,Gideon Yarrow,linkedin.com/in/gideon-yarrow-6265,Whitlock Staffing,Staff Engineer,Marcus Aldridge,1,1,False,0
linkedin.com/in/gideon-zettergren-8518,profile_url,gideon zettergren,Gideon Zettergren,linkedin.com/in/gideon-zettergren-8518,Bellchamber Media,Chief Operating Officer,Priya Raghunathan,1,1,False,0
linkedin.com/in/gideon-zubkov-9999,profile_url,gideon zubkov,Gideon Zubkov,linkedin.com/in/gideon-zubkov-9999,Fairbourne Fitness,Engineering Manager,Priya Raghunathan,1,1,False,0
linkedin.com/in/gideon-zubkov-quillane-9496,profile_url,gideon zubkov quillane,Gideon Zubkov-Quillane,linkedin.com/in/gideon-zubkov-quillane-9496,Vespermill Analytics,Chief Digital Officer,Tomás Beckett,1,1,False,0
linkedin.com/in/gideon-zubkov-thackeray-5552,profile_url,gideon zubkov thackeray,Gideon Zubkov-Thackeray,linkedin.com/in/gideon-zubkov-thackeray-5552,Highmoor Cycles,Engineering Manager,Tomás Beckett,1,1,False,0
linkedin.com/in/greta-achterberg-7849,profile_url,greta achterberg,Greta Achterberg,linkedin.com/in/greta-achterberg-7849,Bellchamber Media,Head of Developer Productivity,Marcus Aldridge,1,1,False,0
linkedin.com/in/greta-achterberg-cathcart-3404,profile_url,greta achterberg cathcart,Greta Achterberg-Cathcart,linkedin.com/in/greta-achterberg-cathcart-3404,Inglenook Bakery,"Senior Manager, Engineering",Elena Duvall,1,1,False,0
linkedin.com/in/greta-ashdown-3237,profile_url,greta ashdown,Greta Ashdown,linkedin.com/in/greta-ashdown-3237,Bellchamber Media,VP Data & Analytics,Marcus Aldridge,1,1,False,0
linkedin.com/in/greta-balogun-4277,profile_url,greta balogun,Greta Balogun,linkedin.com/in/greta-balogun-4277,Corbridge Realty,Program Manager,Dana Whitfield,1,1,False,0
linkedin.com/in/greta-bellinger-4025,profile_url,greta bellinger,Greta Bellinger,linkedin.com/in/greta-bellinger-4025,Xanthe Labs,Head of Automation,Marcus Aldridge,1,1,False,0
linkedin.com/in/greta-brenneman-4361,profile_url,greta brenneman,Greta Brenneman,linkedin.com/in/greta-brenneman-4361,Corbridge Realty,Principal Architect,Priya Raghunathan,1,1,False,0
linkedin.com/in/greta-cardoso-9017,profile_url,greta cardoso,Greta Cardoso,linkedin.com/in/greta-cardoso-9017,Vespermill Analytics,Head of Innovation,Dana Whitfield,1,1,False,0
linkedin.com/in/greta-cathcart-4406,profile_url,greta cathcart,Greta Cathcart,linkedin.com/in/greta-cathcart-4406,Xanthe Labs,Engineering Manager,Tomás Beckett,1,1,False,0
linkedin.com/in/greta-cathcart-vasquez-9569,profile_url,greta cathcart vasquez,Greta Cathcart-Vasquez,linkedin.com/in/greta-cathcart-vasquez-9569,Fairbourne Fitness,Platform Lead,Elena Duvall,1,1,False,0
linkedin.com/in/greta-crowther-9299,profile_url,greta crowther,Greta Crowther,linkedin.com/in/greta-crowther-9299,Highmoor Cycles,Head of Innovation,Dana Whitfield,1,1,False,0
linkedin.com/in/greta-dellinger-8956,profile_url,greta dellinger,Greta Dellinger,linkedin.com/in/greta-dellinger-8956,Rooksby Legal,Chief Data Officer,Tomás Beckett,1,1,False,0
linkedin.com/in/greta-dobrescu-8584,profile_url,greta dobrescu,Greta Dobrescu,linkedin.com/in/greta-dobrescu-8584,Elmsworth Tutors,Engineering Manager,Marcus Aldridge,1,1,False,0
linkedin.com/in/greta-drummond-5936,profile_url,greta drummond,Greta Drummond,linkedin.com/in/greta-drummond-5936,Tannerly Design,Chief Digital Officer,Marcus Aldridge,1,1,False,0
linkedin.com/in/greta-eastcott-1908,profile_url,greta eastcott,Greta Eastcott,linkedin.com/in/greta-eastcott-1908,Corbridge Realty,Principal Architect,Priya Raghunathan,1,1,False,0
linkedin.com/in/greta-egerton-4702,profile_url,greta egerton,Greta Egerton,linkedin.com/in/greta-egerton-4702,Yardley Print,Engineering Manager,Marcus Aldridge,1,1,False,0
linkedin.com/in/greta-egerton-nakashima-4476,profile_url,greta egerton nakashima,Greta Egerton-Nakashima,linkedin.com/in/greta-egerton-nakashima-4476,Underwood & Vale,"Senior Manager, Engineering",Elena Duvall,1,1,False,0
linkedin.com/in/greta-fairweather-5706,profile_url,greta fairweather,Greta Fairweather,linkedin.com/in/greta-fairweather-5706,Elmsworth Tutors,VP Engineering,Priya Raghunathan,1,1,False,0
linkedin.com/in/greta-falkenrath-2884,profile_url,greta falkenrath,Greta Falkenrath,linkedin.com/in/greta-falkenrath-2884,Dunmowe Travel,Director of IT,Dana Whitfield,1,1,False,0
linkedin.com/in/greta-ferreira-3073,profile_url,greta ferreira,Greta Ferreira,linkedin.com/in/greta-ferreira-3073,Underwood & Vale,Head of Automation,Tomás Beckett,1,1,False,0
linkedin.com/in/greta-fontaine-7962,profile_url,greta fontaine,Greta Fontaine,linkedin.com/in/greta-fontaine-7962,Fairbourne Fitness,Principal Architect,Marcus Aldridge,1,1,False,0
linkedin.com/in/greta-fontaine-bellinger-4591,profile_url,greta fontaine bellinger,Greta Fontaine-Bellinger,linkedin.com/in/greta-fontaine-bellinger-4591,Bellchamber Media,Chief Operating Officer,Owen Trask,1,1,False,0
linkedin.com/in/greta-fontaine-eastcott-7642,profile_url,greta fontaine eastcott,Greta Fontaine-Eastcott,linkedin.com/in/greta-fontaine-eastcott-7642,Rooksby Legal,Principal Architect,Elena Duvall,1,1,False,0
linkedin.com/in/greta-gluckstein-5907,profile_url,greta gluckstein,Greta Glückstein,linkedin.com/in/greta-gluckstein-5907,Zenner Foods,SVP Digital,Marcus Aldridge,1,1,False,0
linkedin.com/in/greta-grimsby-4019,profile_url,greta grimsby,Greta Grimsby,linkedin.com/in/greta-grimsby-4019,Ondermark Consulting,Chief Technology Officer,Marcus Aldridge,1,1,False,0
linkedin.com/in/greta-halloran-3591,profile_url,greta halloran,Greta Halloran,linkedin.com/in/greta-halloran-3591,Quintrell Advisory,Staff Engineer,Marcus Aldridge,1,1,False,0
linkedin.com/in/greta-hartigan-1901,profile_url,greta hartigan,Greta Hartigan,linkedin.com/in/greta-hartigan-1901,Yardley Print,Head of Automation,Dana Whitfield,1,1,False,0
linkedin.com/in/greta-havercamp-2024,profile_url,greta havercamp,Greta Havercamp,linkedin.com/in/greta-havercamp-2024,Ondermark Consulting,Product Director,Tomás Beckett,1,1,False,0
linkedin.com/in/greta-hojgaard-8774,profile_url,greta hojgaard,Greta Højgaard,linkedin.com/in/greta-hojgaard-8774,Ambrose Trading,Principal Architect,Dana Whitfield,1,1,False,0
linkedin.com/in/greta-ibarra-1978,profile_url,greta ibarra,Greta Ibarra,linkedin.com/in/greta-ibarra-1978,Inglenook Bakery,Director of IT,Tomás Beckett,1,1,False,0
linkedin.com/in/greta-ingleby-6506,profile_url,greta ingleby,Greta Ingleby,linkedin.com/in/greta-ingleby-6506,Vespermill Analytics,Director of Software Engineering,Marcus Aldridge,1,1,False,0
linkedin.com/in/greta-isenberg-2367,profile_url,greta isenberg,Greta Isenberg,linkedin.com/in/greta-isenberg-2367,Pale Harbour Studio,Product Director,Marcus Aldridge,1,1,False,0
linkedin.com/in/greta-jarrold-9332,profile_url,greta jarrold,Greta Jarrold,linkedin.com/in/greta-jarrold-9332,Xanthe Labs,Platform Lead,Marcus Aldridge,1,1,False,0
linkedin.com/in/greta-kettleborough-1544,profile_url,greta kettleborough,Greta Kettleborough,linkedin.com/in/greta-kettleborough-1544,Underwood & Vale,Director of IT,Marcus Aldridge,1,1,False,0
linkedin.com/in/greta-kirkbride-6131,profile_url,greta kirkbride,Greta Kirkbride,linkedin.com/in/greta-kirkbride-6131,Fairbourne Fitness,Director of Software Engineering,Marcus Aldridge,1,1,False,0
linkedin.com/in/greta-kirkbride-fontaine-5895,profile_url,greta kirkbride fontaine,Greta Kirkbride-Fontaine,linkedin.com/in/greta-kirkbride-fontaine-5895,Vespermill Analytics,Program Manager,Owen Trask,1,1,False,0
linkedin.com/in/greta-lindqvist-8706,profile_url,greta lindqvist,Greta Lindqvist,linkedin.com/in/greta-lindqvist-8706,Whitlock Staffing,Head of Automation,Marcus Aldridge,1,1,False,0
linkedin.com/in/greta-lomsadze-6091,profile_url,greta lomsadze,Greta Lomsadze,linkedin.com/in/greta-lomsadze-6091,Ambrose Trading,Head of Innovation,Dana Whitfield,1,1,False,0
linkedin.com/in/greta-lomsadze-kettleborough-6093,profile_url,greta lomsadze kettleborough,Greta Lomsadze-Kettleborough,linkedin.com/in/greta-lomsadze-kettleborough-6093,Xanthe Labs,Staff Engineer,Elena Duvall,1,1,False,0
linkedin.com/in/greta-marchetti-7890,profile_url,greta marchetti,Greta Marchetti,linkedin.com/in/greta-marchetti-7890,Quintrell Advisory,VP Engineering,Dana Whitfield,1,1,False,0
linkedin.com/in/greta-marchetti-thackeray-6800,profile_url,greta marchetti thackeray,Greta Marchetti-Thackeray,linkedin.com/in/greta-marchetti-thackeray-6800,Quintrell Advisory,VP Engineering,Tomás Beckett,1,1,False,0
linkedin.com/in/greta-merriweather-1044,profile_url,greta merriweather,Greta Merriweather,linkedin.com/in/greta-merriweather-1044,Dunmowe Travel,Principal Architect,Marcus Aldridge,1,1,False,0
linkedin.com/in/greta-mkhize-3666,profile_url,greta mkhize,Greta Mkhize,linkedin.com/in/greta-mkhize-3666,Elmsworth Tutors,SVP Digital,Dana Whitfield,1,1,False,0
linkedin.com/in/greta-mkhize-isenberg-9430,profile_url,greta mkhize isenberg,Greta Mkhize-Isenberg,linkedin.com/in/greta-mkhize-isenberg-9430,Underwood & Vale,Staff Engineer,Elena Duvall,1,1,False,0
linkedin.com/in/greta-nakashima-5868,profile_url,greta nakashima,Greta Nakashima,linkedin.com/in/greta-nakashima-5868,Quintrell Advisory,SVP Digital,Dana Whitfield,1,1,False,0
linkedin.com/in/greta-norrington-5701,profile_url,greta norrington,Greta Norrington,linkedin.com/in/greta-norrington-5701,Vespermill Analytics,Head of Automation,Dana Whitfield,1,1,False,0
linkedin.com/in/greta-okonkwo-2883,profile_url,greta okonkwo,Greta Okonkwo,linkedin.com/in/greta-okonkwo-2883,Garrowby Books,Product Director,Tomás Beckett,1,1,False,0
linkedin.com/in/greta-oldfield-2736,profile_url,greta oldfield,Greta Oldfield,linkedin.com/in/greta-oldfield-2736,Rooksby Legal,VP Engineering,Priya Raghunathan,1,1,False,0
linkedin.com/in/greta-oyelaran-3094,profile_url,greta oyelaran,Greta Oyelaran,linkedin.com/in/greta-oyelaran-3094,Vespermill Analytics,Staff Engineer,Dana Whitfield,1,1,False,0
linkedin.com/in/greta-petrossian-3464,profile_url,greta petrossian,Greta Petrossian,linkedin.com/in/greta-petrossian-3464,Cobalt Lane Capital Markets,Head of Automation,Priya Raghunathan; Tomás Beckett,2,1,False,0
linkedin.com/in/greta-prendergast-6166,profile_url,greta prendergast,Greta Prendergast,linkedin.com/in/greta-prendergast-6166,Fairbourne Fitness,Product Director,Dana Whitfield,1,1,False,0
linkedin.com/in/greta-prendergast-eastcott-5602,profile_url,greta prendergast eastcott,Greta Prendergast-Eastcott,linkedin.com/in/greta-prendergast-eastcott-5602,Garrowby Books,VP Enterprise Architecture,Tomás Beckett,1,1,False,0
linkedin.com/in/greta-prendergast-jarrold-9751,profile_url,greta prendergast jarrold,Greta Prendergast-Jarrold,linkedin.com/in/greta-prendergast-jarrold-9751,Vespermill Analytics,VP Enterprise Architecture,Tomás Beckett,1,1,False,0
linkedin.com/in/greta-quillane-4838,profile_url,greta quillane,Greta Quillane,linkedin.com/in/greta-quillane-4838,Tannerly Design,Engineering Manager,Dana Whitfield,1,1,False,0
linkedin.com/in/greta-quillane-drummond-9283,profile_url,greta quillane drummond,Greta Quillane-Drummond,linkedin.com/in/greta-quillane-drummond-9283,Whitlock Staffing,VP Enterprise Architecture,Elena Duvall,1,1,False,0
linkedin.com/in/greta-rushworth-3790,profile_url,greta rushworth,Greta Rushworth,linkedin.com/in/greta-rushworth-3790,Underwood & Vale,"Senior Manager, Engineering",Marcus Aldridge,1,1,False,0
linkedin.com/in/greta-salcedo-6857,profile_url,greta salcedo,Greta Salcedo,linkedin.com/in/greta-salcedo-6857,Ambrose Trading,Head of Platform Engineering,Marcus Aldridge,1,1,False,0
linkedin.com/in/greta-sandoval-7547,profile_url,greta sandoval,Greta Sandoval,linkedin.com/in/greta-sandoval-7547,Pale Harbour Studio,Staff Engineer,Marcus Aldridge,1,1,False,0
linkedin.com/in/greta-thackeray-1891,profile_url,greta thackeray,Greta Thackeray,linkedin.com/in/greta-thackeray-1891,Tannerly Design,Chief Information Officer,Tomás Beckett,1,1,False,0
linkedin.com/in/greta-underhill-1666,profile_url,greta underhill,Greta Underhill,linkedin.com/in/greta-underhill-1666,Inglenook Bakery,Platform Lead,Marcus Aldridge,1,1,False,0
linkedin.com/in/greta-vandermolen-1559,profile_url,greta vandermolen,Greta Vandermolen,linkedin.com/in/greta-vandermolen-1559,Ambrose Trading,Engineering Manager,Marcus Aldridge,1,1,False,0
linkedin.com/in/greta-vasquez-1242,profile_url,greta vasquez,Greta Vasquez,linkedin.com/in/greta-vasquez-1242,Ondermark Consulting,Staff Engineer,Marcus Aldridge,1,1,False,0
linkedin.com/in/greta-wexford-6269,profile_url,greta wexford,Greta Wexford,linkedin.com/in/greta-wexford-6269,Ondermark Consulting,Head of Innovation,Marcus Aldridge,1,1,False,0
linkedin.com/in/greta-wolstenholme-5638,profile_url,greta wolstenholme,Greta Wolstenholme,linkedin.com/in/greta-wolstenholme-5638,Whitlock Staffing,Chief Technology Officer,Marcus Aldridge,1,1,False,0
linkedin.com/in/greta-yarrow-5660,profile_url,greta yarrow,Greta Yarrow,linkedin.com/in/greta-yarrow-5660,Fairbourne Fitness,Chief Operating Officer,Tomás Beckett,1,1,False,0
linkedin.com/in/greta-zettergren-7892,profile_url,greta zettergren,Greta Zettergren,linkedin.com/in/greta-zettergren-7892,Whitlock Staffing,Director of IT,Priya Raghunathan,1,1,False,0
linkedin.com/in/greta-zubkov-4552,profile_url,greta zubkov,Greta Zubkov,linkedin.com/in/greta-zubkov-4552,Garrowby Books,Head of Automation,Marcus Aldridge,1,1,False,0
linkedin.com/in/hana-achterberg-5102,profile_url,hana achterberg,Hana Achterberg,linkedin.com/in/hana-achterberg-5102,Inglenook Bakery,Engineering Manager,Dana Whitfield,1,1,False,0
linkedin.com/in/hana-ashdown-7755,profile_url,hana ashdown,Hana Ashdown,linkedin.com/in/hana-ashdown-7755,Tannerly Design,Principal Architect,Dana Whitfield,1,1,False,0
linkedin.com/in/hana-balogun-6469,profile_url,hana balogun,Hana Balogun,linkedin.com/in/hana-balogun-6469,Quintrell Advisory,Head of Innovation,Marcus Aldridge,1,1,False,0
linkedin.com/in/hana-bellinger-7475,profile_url,hana bellinger,Hana Bellinger,linkedin.com/in/hana-bellinger-7475,Inglenook Bakery,Platform Lead,Marcus Aldridge,1,1,False,0
linkedin.com/in/hana-brenneman-7382,profile_url,hana brenneman,Hana Brenneman,linkedin.com/in/hana-brenneman-7382,Inglenook Bakery,Head of Automation,Dana Whitfield,1,1,False,0
linkedin.com/in/hana-brenneman-petrossian-8861,profile_url,hana brenneman petrossian,Hana Brenneman-Petrossian,linkedin.com/in/hana-brenneman-petrossian-8861,Xanthe Labs,Chief Information Officer,Tomás Beckett,1,1,False,0
linkedin.com/in/hana-cardoso-6357,profile_url,hana cardoso,Hana Cardoso,linkedin.com/in/hana-cardoso-6357,Dunmowe Travel,Director of IT,Dana Whitfield,1,1,False,0
name:hana cathcart,name_only,hana cathcart,Hana Cathcart,,Tannerly Design,Head of Platform Engineering,Priya Raghunathan,1,1,False,1
linkedin.com/in/hana-crowther-8657,profile_url,hana crowther,Hana Crowther,linkedin.com/in/hana-crowther-8657,Fairbourne Fitness,Chief Operating Officer,Marcus Aldridge,1,1,False,0
linkedin.com/in/hana-dellinger-6927,profile_url,hana dellinger,Hana Dellinger,linkedin.com/in/hana-dellinger-6927,Dunmowe Travel,Product Director,Marcus Aldridge,1,1,False,0
name:hana dellinger crowther,name_only,hana dellinger crowther,Hana Dellinger-Crowther,,Underwood & Vale,Director of IT,Owen Trask,1,1,False,1
linkedin.com/in/hana-dobrescu-3894,profile_url,hana dobrescu,Hana Dobrescu,linkedin.com/in/hana-dobrescu-3894,Quintrell Advisory,Chief Operating Officer,Priya Raghunathan,1,1,False,0
linkedin.com/in/hana-drummond-5147,profile_url,hana drummond,Hana Drummond,linkedin.com/in/hana-drummond-5147,Elmsworth Tutors,Head of Innovation,Marcus Aldridge,1,1,False,0
linkedin.com/in/hana-eastcott-9616,profile_url,hana eastcott,Hana Eastcott,linkedin.com/in/hana-eastcott-9616,Pale Harbour Studio,Program Manager,Priya Raghunathan,1,1,False,0
linkedin.com/in/hana-eastcott-petrossian-8070,profile_url,hana eastcott petrossian,Hana Eastcott-Petrossian,linkedin.com/in/hana-eastcott-petrossian-8070,Vespermill Analytics,Director of IT,Owen Trask,1,1,False,0
linkedin.com/in/hana-egerton-3909,profile_url,hana egerton,Hana Egerton,linkedin.com/in/hana-egerton-3909,Rooksby Legal,Chief Digital Officer,Tomás Beckett,1,1,False,0
linkedin.com/in/hana-fairweather-8759,profile_url,hana fairweather,Hana Fairweather,linkedin.com/in/hana-fairweather-8759,Zenner Foods,SVP Digital,Dana Whitfield,1,1,False,0
linkedin.com/in/hana-falkenrath-7954,profile_url,hana falkenrath,Hana Falkenrath,linkedin.com/in/hana-falkenrath-7954,Bellchamber Media,Head of Developer Productivity,Dana Whitfield,1,1,False,0
linkedin.com/in/hana-falkenrath-fairweather-9191,profile_url,hana falkenrath fairweather,Hana Falkenrath-Fairweather,linkedin.com/in/hana-falkenrath-fairweather-9191,Underwood & Vale,"Senior Manager, Engineering",Tomás Beckett,1,1,False,0
linkedin.com/in/hana-ferreira-5795,profile_url,hana ferreira,Hana Ferreira,linkedin.com/in/hana-ferreira-5795,Inglenook Bakery,Head of Automation,Tomás Beckett,1,1,False,0
linkedin.com/in/hana-fontaine-9272,profile_url,hana fontaine,Hana Fontaine,linkedin.com/in/hana-fontaine-9272,Whitlock Staffing,Engineering Manager,Priya Raghunathan,1,1,False,0
name:hana gluckstein,name_only,hana gluckstein,Hana Glückstein,,Yardley Print,Program Manager,Tomás Beckett,1,1,False,1
linkedin.com/in/hana-gluckstein-zettergren-2562,profile_url,hana gluckstein zettergren,Hana Glückstein-Zettergren,linkedin.com/in/hana-gluckstein-zettergren-2562,Highmoor Cycles,Head of Automation,Elena Duvall,1,1,False,0
linkedin.com/in/hana-grimsby-6991,profile_url,hana grimsby,Hana Grimsby,linkedin.com/in/hana-grimsby-6991,Bellchamber Media,Head of Automation,Marcus Aldridge,1,1,False,0
linkedin.com/in/hana-halloran-9462,profile_url,hana halloran,Hana Halloran,linkedin.com/in/hana-halloran-9462,Corbridge Realty,Director of Software Engineering,Dana Whitfield,1,1,False,0
linkedin.com/in/hana-hartigan-8120,profile_url,hana hartigan,Hana Hartigan,linkedin.com/in/hana-hartigan-8120,Bellchamber Media,Program Manager,Tomás Beckett,1,1,False,0
name:hana havercamp,name_only,hana havercamp,Hana Havercamp,,Ambrose Trading,Chief Technology Officer,Tomás Beckett,1,1,False,1
linkedin.com/in/hana-hojgaard-9903,profile_url,hana hojgaard,Hana Højgaard,linkedin.com/in/hana-hojgaard-9903,Underwood & Vale,Chief Operating Officer,Marcus Aldridge,1,1,False,0
linkedin.com/in/hana-ibarra-6298,profile_url,hana ibarra,Hana Ibarra,linkedin.com/in/hana-ibarra-6298,Dunmowe Travel,Program Manager,Tomás Beckett,1,1,False,0
linkedin.com/in/hana-ingleby-3180,profile_url,hana ingleby,Hana Ingleby,linkedin.com/in/hana-ingleby-3180,Vespermill Analytics,"Senior Manager, Engineering",Priya Raghunathan,1,1,False,0
linkedin.com/in/hana-isenberg-3259,profile_url,hana isenberg,Hana Isenberg,linkedin.com/in/hana-isenberg-3259,Yardley Print,Engineering Manager,Dana Whitfield,1,1,False,0
linkedin.com/in/hana-jarrold-2147,profile_url,hana jarrold,Hana Jarrold,linkedin.com/in/hana-jarrold-2147,Rooksby Legal,Staff Engineer,Marcus Aldridge,1,1,False,0
linkedin.com/in/hana-jarrold-fairweather-4104,profile_url,hana jarrold fairweather,Hana Jarrold-Fairweather,linkedin.com/in/hana-jarrold-fairweather-4104,Tannerly Design,Platform Lead,Tomás Beckett,1,1,False,0
linkedin.com/in/hana-kettleborough-1086,profile_url,hana kettleborough,Hana Kettleborough,linkedin.com/in/hana-kettleborough-1086,Tannerly Design,Platform Lead,Priya Raghunathan,1,1,False,0
linkedin.com/in/hana-kettleborough-underhill-7471,profile_url,hana kettleborough underhill,Hana Kettleborough-Underhill,linkedin.com/in/hana-kettleborough-underhill-7471,Elmsworth Tutors,Head of Innovation,Owen Trask,1,1,False,0
linkedin.com/in/hana-kirkbride-5875,profile_url,hana kirkbride,Hana Kirkbride,linkedin.com/in/hana-kirkbride-5875,Whitlock Staffing,Director of Software Engineering,Dana Whitfield,1,1,False,0
linkedin.com/in/hana-lindqvist-9840,profile_url,hana lindqvist,Hana Lindqvist,linkedin.com/in/hana-lindqvist-9840,Zenner Foods,Head of Innovation,Marcus Aldridge,1,1,False,0
linkedin.com/in/hana-lomsadze-4350,profile_url,hana lomsadze,Hana Lomsadze,linkedin.com/in/hana-lomsadze-4350,Vespermill Analytics,Chief Data Officer,Marcus Aldridge,1,1,False,0
linkedin.com/in/hana-marchetti-2523,profile_url,hana marchetti,Hana Marchetti,linkedin.com/in/hana-marchetti-2523,Underwood & Vale,Platform Lead,Marcus Aldridge,1,1,False,0
linkedin.com/in/hana-marchetti-rushworth-6357,profile_url,hana marchetti rushworth,Hana Marchetti-Rushworth,linkedin.com/in/hana-marchetti-rushworth-6357,Elmsworth Tutors,Chief Operating Officer,Owen Trask,1,1,False,0
linkedin.com/in/hana-merriweather-1635,profile_url,hana merriweather,Hana Merriweather,linkedin.com/in/hana-merriweather-1635,Fairbourne Fitness,Product Director,Dana Whitfield,1,1,False,0
linkedin.com/in/hana-mkhize-4266,profile_url,hana mkhize,Hana Mkhize,linkedin.com/in/hana-mkhize-4266,Garrowby Books,Engineering Manager,Tomás Beckett,1,1,False,0
linkedin.com/in/hana-mkhize-kettleborough-8554,profile_url,hana mkhize kettleborough,Hana Mkhize-Kettleborough,linkedin.com/in/hana-mkhize-kettleborough-8554,Whitlock Staffing,Platform Lead,Tomás Beckett,1,1,False,0
linkedin.com/in/hana-norrington-7830,profile_url,hana norrington,Hana Norrington,linkedin.com/in/hana-norrington-7830,Pale Harbour Studio,Engineering Manager,Priya Raghunathan,1,1,False,0
linkedin.com/in/hana-okonkwo-8825,profile_url,hana okonkwo,Hana Okonkwo,linkedin.com/in/hana-okonkwo-8825,Underwood & Vale,VP Enterprise Architecture,Dana Whitfield,1,1,False,0
linkedin.com/in/hana-oldfield-5986,profile_url,hana oldfield,Hana Oldfield,linkedin.com/in/hana-oldfield-5986,Vespermill Analytics,Director of IT,Dana Whitfield,1,1,False,0
linkedin.com/in/hana-oyelaran-7362,profile_url,hana oyelaran,Hana Oyelaran,linkedin.com/in/hana-oyelaran-7362,Rooksby Legal,Head of Developer Productivity,Priya Raghunathan,1,1,False,0
linkedin.com/in/hana-petrossian-9139,profile_url,hana petrossian,Hana Petrossian,linkedin.com/in/hana-petrossian-9139,Highmoor Cycles,Staff Engineer,Marcus Aldridge,1,1,False,0
linkedin.com/in/hana-prendergast-4778,profile_url,hana prendergast,Hana Prendergast,linkedin.com/in/hana-prendergast-4778,Rooksby Legal,Engineering Manager,Priya Raghunathan,1,1,False,0
linkedin.com/in/hana-prendergast-balogun-4271,profile_url,hana prendergast balogun,Hana Prendergast-Balogun,linkedin.com/in/hana-prendergast-balogun-4271,Garrowby Books,Chief Technology Officer,Owen Trask,1,1,False,0
linkedin.com/in/hana-quillane-8424,profile_url,hana quillane,Hana Quillane,linkedin.com/in/hana-quillane-8424,Dunmowe Travel,Product Director,Marcus Aldridge,1,1,False,0
linkedin.com/in/hana-quillane-zettergren-7117,profile_url,hana quillane zettergren,Hana Quillane-Zettergren,linkedin.com/in/hana-quillane-zettergren-7117,Whitlock Staffing,Director of IT,Owen Trask,1,1,False,0
linkedin.com/in/hana-rushworth-7286,profile_url,hana rushworth,Hana Rushworth,linkedin.com/in/hana-rushworth-7286,Quintrell Advisory,Head of Innovation,Dana Whitfield,1,1,False,0
linkedin.com/in/hana-rushworth-merriweather-6225,profile_url,hana rushworth merriweather,Hana Rushworth-Merriweather,linkedin.com/in/hana-rushworth-merriweather-6225,Zenner Foods,Director of IT,Owen Trask,1,1,False,0
linkedin.com/in/hana-salcedo-6080,profile_url,hana salcedo,Hana Salcedo,linkedin.com/in/hana-salcedo-6080,Pale Harbour Studio,"Senior Manager, Engineering",Marcus Aldridge,1,1,False,0
linkedin.com/in/hana-sandoval-6609,profile_url,hana sandoval,Hana Sandoval,linkedin.com/in/hana-sandoval-6609,Bellchamber Media,Engineering Manager,Tomás Beckett,1,1,False,0
linkedin.com/in/hana-sandoval-petrossian-6982,profile_url,hana sandoval petrossian,Hana Sandoval-Petrossian,linkedin.com/in/hana-sandoval-petrossian-6982,Garrowby Books,Head of Innovation,Elena Duvall,1,1,False,0
linkedin.com/in/hana-thackeray-4894,profile_url,hana thackeray,Hana Thackeray,linkedin.com/in/hana-thackeray-4894,Tannerly Design,Director of IT,Priya Raghunathan,1,1,False,0
linkedin.com/in/hana-underhill-8065,profile_url,hana underhill,Hana Underhill,linkedin.com/in/hana-underhill-8065,Rooksby Legal,Engineering Manager,Marcus Aldridge,1,1,False,0
linkedin.com/in/hana-underhill-marchetti-6326,profile_url,hana underhill marchetti,Hana Underhill-Marchetti,linkedin.com/in/hana-underhill-marchetti-6326,Bellchamber Media,Program Manager,Elena Duvall,1,1,False,0
linkedin.com/in/hana-underhill-vandermolen-2783,profile_url,hana underhill vandermolen,Hana Underhill-Vandermolen,linkedin.com/in/hana-underhill-vandermolen-2783,Inglenook Bakery,Chief Technology Officer,Tomás Beckett,1,1,False,0
linkedin.com/in/hana-vandermolen-3273,profile_url,hana vandermolen,Hana Vandermolen,linkedin.com/in/hana-vandermolen-3273,Underwood & Vale,Product Director,Priya Raghunathan,1,1,False,0
linkedin.com/in/hana-vasquez-3536,profile_url,hana vasquez,Hana Vasquez,linkedin.com/in/hana-vasquez-3536,Rooksby Legal,SVP Digital,Marcus Aldridge,1,1,False,0
linkedin.com/in/hana-vasquez-eastcott-4081,profile_url,hana vasquez eastcott,Hana Vasquez-Eastcott,linkedin.com/in/hana-vasquez-eastcott-4081,Yardley Print,VP Data & Analytics,Tomás Beckett,1,1,False,0
name:hana wexford,name_only,hana wexford,Hana Wexford,,Tannerly Design,Product Director,Dana Whitfield,1,1,False,1
linkedin.com/in/hana-wolstenholme-6620,profile_url,hana wolstenholme,Hana Wolstenholme,linkedin.com/in/hana-wolstenholme-6620,Inglenook Bakery,Head of Automation,Marcus Aldridge,1,1,False,0
linkedin.com/in/hana-wolstenholme-isenberg-3294,profile_url,hana wolstenholme isenberg,Hana Wolstenholme-Isenberg,linkedin.com/in/hana-wolstenholme-isenberg-3294,Inglenook Bakery,Staff Engineer,Owen Trask,1,1,False,0
linkedin.com/in/hana-yarrow-9994,profile_url,hana yarrow,Hana Yarrow,linkedin.com/in/hana-yarrow-9994,Zenner Foods,Program Manager,Dana Whitfield,1,1,False,0
linkedin.com/in/hana-zettergren-4779,profile_url,hana zettergren,Hana Zettergren,linkedin.com/in/hana-zettergren-4779,Rooksby Legal,Product Director,Marcus Aldridge,1,1,False,0
linkedin.com/in/hana-zettergren-dellinger-5923,profile_url,hana zettergren dellinger,Hana Zettergren-Dellinger,linkedin.com/in/hana-zettergren-dellinger-5923,Tannerly Design,Head of Developer Productivity,Owen Trask,1,1,False,0
linkedin.com/in/hana-zubkov-5965,profile_url,hana zubkov,Hana Zubkov,linkedin.com/in/hana-zubkov-5965,Ambrose Trading,Head of Platform Engineering,Tomás Beckett,1,1,False,0
linkedin.com/in/hugo-achterberg-3802,profile_url,hugo achterberg,Hugo Achterberg,linkedin.com/in/hugo-achterberg-3802,Quintrell Advisory,Chief Operating Officer,Tomás Beckett,1,1,False,0
linkedin.com/in/hugo-achterberg-egerton-7659,profile_url,hugo achterberg egerton,Hugo Achterberg-Egerton,linkedin.com/in/hugo-achterberg-egerton-7659,Highmoor Cycles,Program Manager,Tomás Beckett,1,1,False,0
linkedin.com/in/hugo-ashdown-5756,profile_url,hugo ashdown,Hugo Ashdown,linkedin.com/in/hugo-ashdown-5756,Ambrose Trading,VP Data & Analytics,Marcus Aldridge,1,1,False,0
linkedin.com/in/hugo-balogun-9738,profile_url,hugo balogun,Hugo Balogun,linkedin.com/in/hugo-balogun-9738,Ondermark Consulting,Head of Innovation,Dana Whitfield,1,1,False,0
linkedin.com/in/hugo-bellinger-7046,profile_url,hugo bellinger,Hugo Bellinger,linkedin.com/in/hugo-bellinger-7046,Tannerly Design,Principal Architect,Marcus Aldridge,1,1,False,0
linkedin.com/in/hugo-brenneman-5700,profile_url,hugo brenneman,Hugo Brenneman,linkedin.com/in/hugo-brenneman-5700,Ambrose Trading,VP Data & Analytics,Priya Raghunathan,1,1,False,0
linkedin.com/in/hugo-brenneman-bellinger-1251,profile_url,hugo brenneman bellinger,Hugo Brenneman-Bellinger,linkedin.com/in/hugo-brenneman-bellinger-1251,Yardley Print,Product Director,Tomás Beckett,1,1,False,0
linkedin.com/in/hugo-cardoso-5442,profile_url,hugo cardoso,Hugo Cardoso,linkedin.com/in/hugo-cardoso-5442,Ondermark Consulting,Head of Automation,Marcus Aldridge,1,1,False,0
linkedin.com/in/hugo-cathcart-3239,profile_url,hugo cathcart,Hugo Cathcart,linkedin.com/in/hugo-cathcart-3239,Corbridge Realty,Director of Software Engineering,Priya Raghunathan,1,1,False,0
linkedin.com/in/hugo-crowther-3269,profile_url,hugo crowther,Hugo Crowther,linkedin.com/in/hugo-crowther-3269,Corbridge Realty,Director of IT,Marcus Aldridge,1,1,False,0
name:hugo crowther drummond,name_only,hugo crowther drummond,Hugo Crowther-Drummond,,Underwood & Vale,Head of Developer Productivity,Tomás Beckett,1,1,False,1
linkedin.com/in/hugo-dellinger-3243,profile_url,hugo dellinger,Hugo Dellinger,linkedin.com/in/hugo-dellinger-3243,Yardley Print,Head of Innovation,Marcus Aldridge,1,1,False,0
linkedin.com/in/hugo-dobrescu-6300,profile_url,hugo dobrescu,Hugo Dobrescu,linkedin.com/in/hugo-dobrescu-6300,Vespermill Analytics,"Senior Manager, Engineering",Marcus Aldridge,1,1,False,0
linkedin.com/in/hugo-dobrescu-rushworth-5409,profile_url,hugo dobrescu rushworth,Hugo Dobrescu-Rushworth,linkedin.com/in/hugo-dobrescu-rushworth-5409,Pale Harbour Studio,Engineering Manager,Owen Trask,1,1,False,0
linkedin.com/in/hugo-drummond-6191,profile_url,hugo drummond,Hugo Drummond,linkedin.com/in/hugo-drummond-6191,Highmoor Cycles,Program Manager,Dana Whitfield,1,1,False,0
linkedin.com/in/hugo-drummond-ferreira-6084,profile_url,hugo drummond ferreira,Hugo Drummond-Ferreira,linkedin.com/in/hugo-drummond-ferreira-6084,Pale Harbour Studio,Platform Lead,Owen Trask,1,1,False,0
linkedin.com/in/hugo-eastcott-2434,profile_url,hugo eastcott,Hugo Eastcott,linkedin.com/in/hugo-eastcott-2434,Bellchamber Media,Engineering Manager,Marcus Aldridge,1,1,False,0
linkedin.com/in/hugo-eastcott-lomsadze-7943,profile_url,hugo eastcott lomsadze,Hugo Eastcott-Lomsadze,linkedin.com/in/hugo-eastcott-lomsadze-7943,Zenner Foods,Engineering Manager,Elena Duvall,1,1,False,0
name:hugo egerton,name_only,hugo egerton,Hugo Egerton,,Whitlock Staffing,Director of IT,Marcus Aldridge,1,1,False,1
linkedin.com/in/hugo-fairweather-7751,profile_url,hugo fairweather,Hugo Fairweather,linkedin.com/in/hugo-fairweather-7751,Zenner Foods,Chief Technology Officer,Tomás Beckett,1,1,False,0
linkedin.com/in/hugo-falkenrath-5239,profile_url,hugo falkenrath,Hugo Falkenrath,linkedin.com/in/hugo-falkenrath-5239,Zenner Foods,Director of IT,Dana Whitfield,1,1,False,0
linkedin.com/in/hugo-falkenrath-achterberg-7727,profile_url,hugo falkenrath achterberg,Hugo Falkenrath-Achterberg,linkedin.com/in/hugo-falkenrath-achterberg-7727,Yardley Print,VP Engineering,Elena Duvall,1,1,False,0
linkedin.com/in/hugo-ferreira-9505,profile_url,hugo ferreira,Hugo Ferreira,linkedin.com/in/hugo-ferreira-9505,Yardley Print,Engineering Manager,Marcus Aldridge,1,1,False,0
linkedin.com/in/hugo-ferreira-eastcott-2765,profile_url,hugo ferreira eastcott,Hugo Ferreira-Eastcott,linkedin.com/in/hugo-ferreira-eastcott-2765,Elmsworth Tutors,Engineering Manager,Tomás Beckett,1,1,False,0
linkedin.com/in/hugo-ferreira-egerton-8988,profile_url,hugo ferreira egerton,Hugo Ferreira-Egerton,linkedin.com/in/hugo-ferreira-egerton-8988,Elmsworth Tutors,Principal Architect,Elena Duvall,1,1,False,0
linkedin.com/in/hugo-fontaine-7876,profile_url,hugo fontaine,Hugo Fontaine,linkedin.com/in/hugo-fontaine-7876,Quintrell Advisory,Head of Automation,Tomás Beckett,1,1,False,0
linkedin.com/in/hugo-gluckstein-2805,profile_url,hugo gluckstein,Hugo Glückstein,linkedin.com/in/hugo-gluckstein-2805,Highmoor Cycles,Platform Lead,Marcus Aldridge,1,1,False,0
linkedin.com/in/hugo-grimsby-9781,profile_url,hugo grimsby,Hugo Grimsby,linkedin.com/in/hugo-grimsby-9781,Garrowby Books,VP Engineering,Tomás Beckett,1,1,False,0
linkedin.com/in/hugo-halloran-2529,profile_url,hugo halloran,Hugo Halloran,linkedin.com/in/hugo-halloran-2529,Pale Harbour Studio,Head of Innovation,Marcus Aldridge,1,1,False,0
name:hugo halloran balogun,name_only,hugo halloran balogun,Hugo Halloran-Balogun,,Quintrell Advisory,Head of Automation,Tomás Beckett,1,1,False,1
linkedin.com/in/hugo-hartigan-7932,profile_url,hugo hartigan,Hugo Hartigan,linkedin.com/in/hugo-hartigan-7932,Quintrell Advisory,Head of Developer Productivity,Priya Raghunathan,1,1,False,0
linkedin.com/in/hugo-havercamp-4288,profile_url,hugo havercamp,Hugo Havercamp,linkedin.com/in/hugo-havercamp-4288,Corbridge Realty,Chief Digital Officer,Marcus Aldridge,1,1,False,0
linkedin.com/in/hugo-hojgaard-2977,profile_url,hugo hojgaard,Hugo Højgaard,linkedin.com/in/hugo-hojgaard-2977,Pale Harbour Studio,Engineering Manager,Marcus Aldridge,1,1,False,0
linkedin.com/in/hugo-hojgaard-ibarra-6723,profile_url,hugo hojgaard ibarra,Hugo Højgaard-Ibarra,linkedin.com/in/hugo-hojgaard-ibarra-6723,Pale Harbour Studio,Head of Innovation,Owen Trask,1,1,False,0
linkedin.com/in/hugo-ibarra-3356,profile_url,hugo ibarra,Hugo Ibarra,linkedin.com/in/hugo-ibarra-3356,Elmsworth Tutors,Platform Lead,Priya Raghunathan,1,1,False,0
linkedin.com/in/hugo-ingleby-7272,profile_url,hugo ingleby,Hugo Ingleby,linkedin.com/in/hugo-ingleby-7272,Bellchamber Media,Staff Engineer,Marcus Aldridge,1,1,False,0
linkedin.com/in/hugo-ingleby-brenneman-2403,profile_url,hugo ingleby brenneman,Hugo Ingleby-Brenneman,linkedin.com/in/hugo-ingleby-brenneman-2403,Whitlock Staffing,Principal Architect,Tomás Beckett,1,1,False,0
linkedin.com/in/hugo-ingleby-ibarra-5101,profile_url,hugo ingleby ibarra,Hugo Ingleby-Ibarra,linkedin.com/in/hugo-ingleby-ibarra-5101,Yardley Print,Head of Innovation,Elena Duvall,1,1,False,0
name:hugo ingleby lindqvist,name_only,hugo ingleby lindqvist,Hugo Ingleby-Lindqvist,,Highmoor Cycles,VP Enterprise Architecture,Elena Duvall,1,1,False,1
linkedin.com/in/hugo-isenberg-5803,profile_url,hugo isenberg,Hugo Isenberg,linkedin.com/in/hugo-isenberg-5803,Ondermark Consulting,"Senior Manager, Engineering",Marcus Aldridge,1,1,False,0
linkedin.com/in/hugo-jarrold-5356,profile_url,hugo jarrold,Hugo Jarrold,linkedin.com/in/hugo-jarrold-5356,Tannerly Design,"Senior Manager, Engineering",Marcus Aldridge,1,1,False,0
linkedin.com/in/hugo-kettleborough-6869,profile_url,hugo kettleborough,Hugo Kettleborough,linkedin.com/in/hugo-kettleborough-6869,Pale Harbour Studio,Program Manager,Priya Raghunathan,1,1,False,0
linkedin.com/in/hugo-kirkbride-3850,profile_url,hugo kirkbride,Hugo Kirkbride,linkedin.com/in/hugo-kirkbride-3850,Xanthe Labs,Product Director,Tomás Beckett,1,1,False,0
linkedin.com/in/hugo-lindqvist-8221,profile_url,hugo lindqvist,Hugo Lindqvist,linkedin.com/in/hugo-lindqvist-8221,Zenner Foods,"Senior Manager, Engineering",Dana Whitfield,1,1,False,0
linkedin.com/in/hugo-lomsadze-8736,profile_url,hugo lomsadze,Hugo Lomsadze,linkedin.com/in/hugo-lomsadze-8736,Fairbourne Fitness,VP Engineering,Tomás Beckett,1,1,False,0
linkedin.com/in/hugo-marchetti-8238,profile_url,hugo marchetti,Hugo Marchetti,linkedin.com/in/hugo-marchetti-8238,Highmoor Cycles,Program Manager,Priya Raghunathan,1,1,False,0
linkedin.com/in/hugo-merriweather-9783,profile_url,hugo merriweather,Hugo Merriweather,linkedin.com/in/hugo-merriweather-9783,Xanthe Labs,Engineering Manager,Priya Raghunathan,1,1,False,0
name:hugo mkhize,name_only,hugo mkhize,Hugo Mkhize,,Xanthe Labs,VP Enterprise Architecture,Marcus Aldridge,1,1,False,1
linkedin.com/in/hugo-nakashima-8707,profile_url,hugo nakashima,Hugo Nakashima,linkedin.com/in/hugo-nakashima-8707,Zenner Foods,Head of Platform Engineering,Tomás Beckett,1,1,False,0
linkedin.com/in/hugo-norrington-9154,profile_url,hugo norrington,Hugo Norrington,linkedin.com/in/hugo-norrington-9154,Ambrose Trading,Engineering Manager,Marcus Aldridge,1,1,False,0
name:hugo okonkwo,name_only,hugo okonkwo,Hugo Okonkwo,,Highmoor Cycles,Head of Innovation,Priya Raghunathan,1,1,False,1
linkedin.com/in/hugo-okonkwo-achterberg-3459,profile_url,hugo okonkwo achterberg,Hugo Okonkwo-Achterberg,linkedin.com/in/hugo-okonkwo-achterberg-3459,Rooksby Legal,Head of Developer Productivity,Tomás Beckett,1,1,False,0
linkedin.com/in/hugo-oldfield-7606,profile_url,hugo oldfield,Hugo Oldfield,linkedin.com/in/hugo-oldfield-7606,Zenner Foods,Head of Innovation,Marcus Aldridge,1,1,False,0
linkedin.com/in/hugo-oyelaran-6171,profile_url,hugo oyelaran,Hugo Oyelaran,linkedin.com/in/hugo-oyelaran-6171,Highmoor Cycles,VP Data & Analytics,Dana Whitfield,1,1,False,0
linkedin.com/in/hugo-petrossian-4105,profile_url,hugo petrossian,Hugo Petrossian,linkedin.com/in/hugo-petrossian-4105,Zenner Foods,Chief Operating Officer,Priya Raghunathan,1,1,False,0
linkedin.com/in/hugo-petrossian-bellinger-4982,profile_url,hugo petrossian bellinger,Hugo Petrossian-Bellinger,linkedin.com/in/hugo-petrossian-bellinger-4982,Garrowby Books,Engineering Manager,Elena Duvall,1,1,False,0
linkedin.com/in/hugo-prendergast-8184,profile_url,hugo prendergast,Hugo Prendergast,linkedin.com/in/hugo-prendergast-8184,Highmoor Cycles,Engineering Manager,Marcus Aldridge,1,1,False,0
linkedin.com/in/hugo-quillane-7314,profile_url,hugo quillane,Hugo Quillane,linkedin.com/in/hugo-quillane-7314,Elmsworth Tutors,"Senior Manager, Engineering",Marcus Aldridge,1,1,False,0
linkedin.com/in/hugo-quillane-lindqvist-1885,profile_url,hugo quillane lindqvist,Hugo Quillane-Lindqvist,linkedin.com/in/hugo-quillane-lindqvist-1885,Dunmowe Travel,Head of Innovation,Elena Duvall,1,1,False,0
linkedin.com/in/hugo-rushworth-3680,profile_url,hugo rushworth,Hugo Rushworth,linkedin.com/in/hugo-rushworth-3680,Quintrell Advisory,Head of Developer Productivity,Priya Raghunathan,1,1,False,0
linkedin.com/in/hugo-salcedo-5638,profile_url,hugo salcedo,Hugo Salcedo,linkedin.com/in/hugo-salcedo-5638,Whitlock Staffing,Product Director,Marcus Aldridge,1,1,False,0
linkedin.com/in/hugo-salcedo-dellinger-8361,profile_url,hugo salcedo dellinger,Hugo Salcedo-Dellinger,linkedin.com/in/hugo-salcedo-dellinger-8361,Yardley Print,Head of Automation,Tomás Beckett,1,1,False,0
linkedin.com/in/hugo-sandoval-9397,profile_url,hugo sandoval,Hugo Sandoval,linkedin.com/in/hugo-sandoval-9397,Rooksby Legal,Head of Automation,Marcus Aldridge,1,1,False,0
linkedin.com/in/hugo-thackeray-7163,profile_url,hugo thackeray,Hugo Thackeray,linkedin.com/in/hugo-thackeray-7163,Ondermark Consulting,Head of Developer Productivity,Dana Whitfield,1,1,False,0
name:hugo underhill,name_only,hugo underhill,Hugo Underhill,,Underwood & Vale,"Senior Manager, Engineering",Dana Whitfield,1,1,False,1
linkedin.com/in/hugo-underhill-drummond-2349,profile_url,hugo underhill drummond,Hugo Underhill-Drummond,linkedin.com/in/hugo-underhill-drummond-2349,Whitlock Staffing,Staff Engineer,Elena Duvall,1,1,False,0
linkedin.com/in/hugo-underhill-nakashima-8116,profile_url,hugo underhill nakashima,Hugo Underhill-Nakashima,linkedin.com/in/hugo-underhill-nakashima-8116,Zenner Foods,Head of Platform Engineering,Owen Trask,1,1,False,0
linkedin.com/in/hugo-vandermolen-4019,profile_url,hugo vandermolen,Hugo Vandermolen,linkedin.com/in/hugo-vandermolen-4019,Ambrose Trading,Program Manager,Tomás Beckett,1,1,False,0
linkedin.com/in/hugo-vandermolen-rushworth-9529,profile_url,hugo vandermolen rushworth,Hugo Vandermolen-Rushworth,linkedin.com/in/hugo-vandermolen-rushworth-9529,Pale Harbour Studio,Head of Automation,Tomás Beckett,1,1,False,0
linkedin.com/in/hugo-vasquez-9608,profile_url,hugo vasquez,Hugo Vasquez,linkedin.com/in/hugo-vasquez-9608,Inglenook Bakery,Director of IT,Dana Whitfield,1,1,False,0
linkedin.com/in/hugo-wexford-8765,profile_url,hugo wexford,Hugo Wexford,linkedin.com/in/hugo-wexford-8765,Fairbourne Fitness,Head of Developer Productivity,Marcus Aldridge,1,1,False,0
linkedin.com/in/hugo-wolstenholme-8880,profile_url,hugo wolstenholme,Hugo Wolstenholme,linkedin.com/in/hugo-wolstenholme-8880,Rooksby Legal,Program Manager,Priya Raghunathan,1,1,False,0
linkedin.com/in/hugo-wolstenholme-ferreira-6882,profile_url,hugo wolstenholme ferreira,Hugo Wolstenholme-Ferreira,linkedin.com/in/hugo-wolstenholme-ferreira-6882,Quintrell Advisory,Chief Operating Officer,Owen Trask,1,1,False,0
linkedin.com/in/hugo-yarrow-7502,profile_url,hugo yarrow,Hugo Yarrow,linkedin.com/in/hugo-yarrow-7502,Fairbourne Fitness,Product Director,Marcus Aldridge,1,1,False,0
linkedin.com/in/hugo-zettergren-3989,profile_url,hugo zettergren,Hugo Zettergren,linkedin.com/in/hugo-zettergren-3989,Quintrell Advisory,Product Director,Dana Whitfield,1,1,False,0
linkedin.com/in/hugo-zubkov-5915,profile_url,hugo zubkov,Hugo Zubkov,linkedin.com/in/hugo-zubkov-5915,Underwood & Vale,Director of IT,Dana Whitfield,1,1,False,0
linkedin.com/in/idris-achterberg-3569,profile_url,idris achterberg,Idris Achterberg,linkedin.com/in/idris-achterberg-3569,Quintrell Advisory,Director of IT,Marcus Aldridge,1,1,False,0
linkedin.com/in/idris-ashdown-8281,profile_url,idris ashdown,Idris Ashdown,linkedin.com/in/idris-ashdown-8281,Highmoor Cycles,Product Director,Dana Whitfield,1,1,False,0
linkedin.com/in/idris-balogun-1291,profile_url,idris balogun,Idris Balogun,linkedin.com/in/idris-balogun-1291,Highmoor Cycles,Chief Information Officer,Marcus Aldridge,1,1,False,0
linkedin.com/in/idris-balogun-mkhize-2557,profile_url,idris balogun mkhize,Idris Balogun-Mkhize,linkedin.com/in/idris-balogun-mkhize-2557,Quintrell Advisory,Program Manager,Owen Trask,1,1,False,0
linkedin.com/in/idris-balogun-norrington-5223,profile_url,idris balogun norrington,Idris Balogun-Norrington,linkedin.com/in/idris-balogun-norrington-5223,Rooksby Legal,Principal Architect,Tomás Beckett,1,1,False,0
linkedin.com/in/idris-bellinger-1391,profile_url,idris bellinger,Idris Bellinger,linkedin.com/in/idris-bellinger-1391,Pale Harbour Studio,Program Manager,Dana Whitfield,1,1,False,0
linkedin.com/in/idris-brenneman-1520,profile_url,idris brenneman,Idris Brenneman,linkedin.com/in/idris-brenneman-1520,Vespermill Analytics,Staff Engineer,Marcus Aldridge,1,1,False,0
linkedin.com/in/idris-cardoso-9096,profile_url,idris cardoso,Idris Cardoso,linkedin.com/in/idris-cardoso-9096,Dunmowe Travel,Director of IT,Marcus Aldridge,1,1,False,0
linkedin.com/in/idris-cathcart-8025,profile_url,idris cathcart,Idris Cathcart,linkedin.com/in/idris-cathcart-8025,Elmsworth Tutors,VP Enterprise Architecture,Priya Raghunathan,1,1,False,0
linkedin.com/in/idris-cathcart-fontaine-4310,profile_url,idris cathcart fontaine,Idris Cathcart-Fontaine,linkedin.com/in/idris-cathcart-fontaine-4310,Whitlock Staffing,Chief Operating Officer,Tomás Beckett,1,1,False,0
linkedin.com/in/idris-crowther-7686,profile_url,idris crowther,Idris Crowther,linkedin.com/in/idris-crowther-7686,Rooksby Legal,Principal Architect,Tomás Beckett,1,1,False,0
linkedin.com/in/idris-dellinger-4714,profile_url,idris dellinger,Idris Dellinger,linkedin.com/in/idris-dellinger-4714,Rooksby Legal,Staff Engineer,Marcus Aldridge,1,1,False,0
linkedin.com/in/idris-dobrescu-5032,profile_url,idris dobrescu,Idris Dobrescu,linkedin.com/in/idris-dobrescu-5032,Fairbourne Fitness,Principal Architect,Priya Raghunathan,1,1,False,0
linkedin.com/in/idris-drummond-4218,profile_url,idris drummond,Idris Drummond,linkedin.com/in/idris-drummond-4218,Brightmoor Energy,Chief Digital Officer,Elena Duvall,1,1,False,0
linkedin.com/in/idris-eastcott-9433,profile_url,idris eastcott,Idris Eastcott,linkedin.com/in/idris-eastcott-9433,Elmsworth Tutors,Engineering Manager,Marcus Aldridge,1,1,False,0
linkedin.com/in/idris-egerton-2567,profile_url,idris egerton,Idris Egerton,linkedin.com/in/idris-egerton-2567,Bellchamber Media,Chief Digital Officer,Marcus Aldridge,1,1,False,0
name:idris fairweather,name_only,idris fairweather,Idris Fairweather,,Tannerly Design,Principal Architect,Marcus Aldridge,1,1,False,1
linkedin.com/in/idris-fairweather-okonkwo-2366,profile_url,idris fairweather okonkwo,Idris Fairweather-Okonkwo,linkedin.com/in/idris-fairweather-okonkwo-2366,Fairbourne Fitness,VP Engineering,Elena Duvall,1,1,False,0
linkedin.com/in/idris-falkenrath-3829,profile_url,idris falkenrath,Idris Falkenrath,linkedin.com/in/idris-falkenrath-3829,Quintrell Advisory,VP Engineering,Marcus Aldridge,1,1,False,0
linkedin.com/in/idris-ferreira-3149,profile_url,idris ferreira,Idris Ferreira,linkedin.com/in/idris-ferreira-3149,Inglenook Bakery,Head of Innovation,Tomás Beckett,1,1,False,0
linkedin.com/in/idris-fontaine-4513,profile_url,idris fontaine,Idris Fontaine,linkedin.com/in/idris-fontaine-4513,Highmoor Cycles,Platform Lead,Dana Whitfield,1,1,False,0
linkedin.com/in/idris-gluckstein-7105,profile_url,idris gluckstein,Idris Glückstein,linkedin.com/in/idris-gluckstein-7105,Pale Harbour Studio,"Senior Manager, Engineering",Tomás Beckett,1,1,False,0
linkedin.com/in/idris-grimsby-3911,profile_url,idris grimsby,Idris Grimsby,linkedin.com/in/idris-grimsby-3911,Corbridge Realty,VP Enterprise Architecture,Marcus Aldridge,1,1,False,0
linkedin.com/in/idris-halloran-2621,profile_url,idris halloran,Idris Halloran,linkedin.com/in/idris-halloran-2621,Tannerly Design,Principal Architect,Marcus Aldridge,1,1,False,0
linkedin.com/in/idris-hartigan-8185,profile_url,idris hartigan,Idris Hartigan,linkedin.com/in/idris-hartigan-8185,Fairbourne Fitness,"Senior Manager, Engineering",Marcus Aldridge,1,1,False,0
linkedin.com/in/idris-havercamp-5601,profile_url,idris havercamp,Idris Havercamp,linkedin.com/in/idris-havercamp-5601,Dunmowe Travel,Head of Automation,Dana Whitfield,1,1,False,0
linkedin.com/in/idris-hojgaard-4956,profile_url,idris hojgaard,Idris Højgaard,linkedin.com/in/idris-hojgaard-4956,Vespermill Analytics,Chief Data Officer,Marcus Aldridge,1,1,False,0
linkedin.com/in/idris-ibarra-6178,profile_url,idris ibarra,Idris Ibarra,linkedin.com/in/idris-ibarra-6178,Zenner Foods,Principal Architect,Marcus Aldridge,1,1,False,0
linkedin.com/in/idris-ingleby-8955,profile_url,idris ingleby,Idris Ingleby,linkedin.com/in/idris-ingleby-8955,Dunmowe Travel,Head of Innovation,Marcus Aldridge,1,1,False,0
linkedin.com/in/idris-isenberg-6453,profile_url,idris isenberg,Idris Isenberg,linkedin.com/in/idris-isenberg-6453,Corbridge Realty,Platform Lead,Marcus Aldridge,1,1,False,0
linkedin.com/in/idris-isenberg-yarrow-5449,profile_url,idris isenberg yarrow,Idris Isenberg-Yarrow,linkedin.com/in/idris-isenberg-yarrow-5449,Ambrose Trading,Product Director,Elena Duvall,1,1,False,0
linkedin.com/in/idris-jarrold-1580,profile_url,idris jarrold,Idris Jarrold,linkedin.com/in/idris-jarrold-1580,Vespermill Analytics,Chief Operating Officer,Dana Whitfield,1,1,False,0
linkedin.com/in/idris-kettleborough-3006,profile_url,idris kettleborough,Idris Kettleborough,linkedin.com/in/idris-kettleborough-3006,Dunmowe Travel,Chief Information Officer,Dana Whitfield,1,1,False,0
linkedin.com/in/idris-kirkbride-6413,profile_url,idris kirkbride,Idris Kirkbride,linkedin.com/in/idris-kirkbride-6413,Elmsworth Tutors,Head of Automation,Marcus Aldridge,1,1,False,0
linkedin.com/in/idris-kirkbride-drummond-5733,profile_url,idris kirkbride drummond,Idris Kirkbride-Drummond,linkedin.com/in/idris-kirkbride-drummond-5733,Corbridge Realty,Engineering Manager,Elena Duvall,1,1,False,0
linkedin.com/in/idris-lindqvist-8120,profile_url,idris lindqvist,Idris Lindqvist,linkedin.com/in/idris-lindqvist-8120,Corbridge Realty,Product Director,Tomás Beckett,1,1,False,0
linkedin.com/in/idris-lomsadze-2727,profile_url,idris lomsadze,Idris Lomsadze,linkedin.com/in/idris-lomsadze-2727,Garrowby Books,Platform Lead,Priya Raghunathan,1,1,False,0
linkedin.com/in/idris-marchetti-5360,profile_url,idris marchetti,Idris Marchetti,linkedin.com/in/idris-marchetti-5360,Pale Harbour Studio,Product Director,Tomás Beckett,1,1,False,0
linkedin.com/in/idris-marchetti-lindqvist-6934,profile_url,idris marchetti lindqvist,Idris Marchetti-Lindqvist,linkedin.com/in/idris-marchetti-lindqvist-6934,Rooksby Legal,Head of Automation,Elena Duvall,1,1,False,0
linkedin.com/in/idris-merriweather-2845,profile_url,idris merriweather,Idris Merriweather,linkedin.com/in/idris-merriweather-2845,Underwood & Vale,Director of Software Engineering,Priya Raghunathan,1,1,False,0
linkedin.com/in/idris-merriweather-vandermolen-8753,profile_url,idris merriweather vandermolen,Idris Merriweather-Vandermolen,linkedin.com/in/idris-merriweather-vandermolen-8753,Whitlock Staffing,Director of IT,Tomás Beckett,1,1,False,0
linkedin.com/in/idris-mkhize-6897,profile_url,idris mkhize,Idris Mkhize,linkedin.com/in/idris-mkhize-6897,Corbridge Realty,Head of Developer Productivity,Marcus Aldridge,1,1,False,0
linkedin.com/in/idris-nakashima-4473,profile_url,idris nakashima,Idris Nakashima,linkedin.com/in/idris-nakashima-4473,Rooksby Legal,Head of Platform Engineering,Priya Raghunathan,1,1,False,0
linkedin.com/in/idris-norrington-8134,profile_url,idris norrington,Idris Norrington,linkedin.com/in/idris-norrington-8134,Ondermark Consulting,Chief Digital Officer,Tomás Beckett,1,1,False,0
linkedin.com/in/idris-okonkwo-6366,profile_url,idris okonkwo,Idris Okonkwo,linkedin.com/in/idris-okonkwo-6366,Ondermark Consulting,Director of IT,Tomás Beckett,1,1,False,0
linkedin.com/in/idris-oldfield-7902,profile_url,idris oldfield,Idris Oldfield,linkedin.com/in/idris-oldfield-7902,Inglenook Bakery,Chief Technology Officer,Priya Raghunathan,1,1,False,0
linkedin.com/in/idris-oyelaran-3055,profile_url,idris oyelaran,Idris Oyelaran,linkedin.com/in/idris-oyelaran-3055,Whitlock Staffing,Chief Technology Officer,Priya Raghunathan,1,1,False,0
linkedin.com/in/idris-petrossian-5763,profile_url,idris petrossian,Idris Petrossian,linkedin.com/in/idris-petrossian-5763,Yardley Print,Director of IT,Marcus Aldridge,1,1,False,0
linkedin.com/in/idris-prendergast-7913,profile_url,idris prendergast,Idris Prendergast,linkedin.com/in/idris-prendergast-7913,Underwood & Vale,Head of Innovation,Priya Raghunathan,1,1,False,0
name:idris quillane,name_only,idris quillane,Idris Quillane,,Ambrose Trading,Platform Lead,Marcus Aldridge,1,1,False,1
linkedin.com/in/idris-rushworth-8670,profile_url,idris rushworth,Idris Rushworth,linkedin.com/in/idris-rushworth-8670,Rooksby Legal,Staff Engineer,Priya Raghunathan,1,1,False,0
linkedin.com/in/idris-salcedo-1728,profile_url,idris salcedo,Idris Salcedo,linkedin.com/in/idris-salcedo-1728,Whitlock Staffing,Staff Engineer,Marcus Aldridge,1,1,False,0
linkedin.com/in/idris-salcedo-dellinger-8414,profile_url,idris salcedo dellinger,Idris Salcedo-Dellinger,linkedin.com/in/idris-salcedo-dellinger-8414,Underwood & Vale,Chief Operating Officer,Elena Duvall,1,1,False,0
name:idris sandoval,name_only,idris sandoval,Idris Sandoval,,Elmsworth Tutors,Chief Technology Officer,Marcus Aldridge,1,1,False,1
linkedin.com/in/idris-thackeray-9149,profile_url,idris thackeray,Idris Thackeray,linkedin.com/in/idris-thackeray-9149,Whitlock Staffing,VP Data & Analytics,Marcus Aldridge,1,1,False,0
linkedin.com/in/idris-underhill-9173,profile_url,idris underhill,Idris Underhill,linkedin.com/in/idris-underhill-9173,Dunmowe Travel,Program Manager,Marcus Aldridge,1,1,False,0
linkedin.com/in/idris-vandermolen-2692,profile_url,idris vandermolen,Idris Vandermolen,linkedin.com/in/idris-vandermolen-2692,Ondermark Consulting,Program Manager,Priya Raghunathan,1,1,False,0
linkedin.com/in/idris-vasquez-3546,profile_url,idris vasquez,Idris Vasquez,linkedin.com/in/idris-vasquez-3546,Zenner Foods,Head of Innovation,Priya Raghunathan,1,1,False,0
linkedin.com/in/idris-wexford-2074,profile_url,idris wexford,Idris Wexford,linkedin.com/in/idris-wexford-2074,Ambrose Trading,Staff Engineer,Dana Whitfield,1,1,False,0
linkedin.com/in/idris-wexford-salcedo-9357,profile_url,idris wexford salcedo,Idris Wexford-Salcedo,linkedin.com/in/idris-wexford-salcedo-9357,Inglenook Bakery,Head of Developer Productivity,Tomás Beckett,1,1,False,0
linkedin.com/in/idris-wolstenholme-2385,profile_url,idris wolstenholme,Idris Wolstenholme,linkedin.com/in/idris-wolstenholme-2385,Inglenook Bakery,VP Enterprise Architecture,Marcus Aldridge,1,1,False,0
linkedin.com/in/idris-yarrow-2996,profile_url,idris yarrow,Idris Yarrow,linkedin.com/in/idris-yarrow-2996,Quintrell Advisory,Chief Information Officer,Marcus Aldridge,1,1,False,0
linkedin.com/in/idris-zettergren-2731,profile_url,idris zettergren,Idris Zettergren,linkedin.com/in/idris-zettergren-2731,Ambrose Trading,Program Manager,Dana Whitfield,1,1,False,0
linkedin.com/in/idris-zubkov-3831,profile_url,idris zubkov,Idris Zubkov,linkedin.com/in/idris-zubkov-3831,Bellchamber Media,Head of Innovation,Marcus Aldridge,1,1,False,0
linkedin.com/in/ilse-achterberg-1624,profile_url,ilse achterberg,Ilse Achterberg,linkedin.com/in/ilse-achterberg-1624,Garrowby Books,Chief Information Officer,Priya Raghunathan,1,1,False,0
linkedin.com/in/ilse-achterberg-vandermolen-5287,profile_url,ilse achterberg vandermolen,Ilse Achterberg-Vandermolen,linkedin.com/in/ilse-achterberg-vandermolen-5287,Yardley Print,Staff Engineer,Owen Trask,1,1,False,0
linkedin.com/in/ilse-ashdown-6652,profile_url,ilse ashdown,Ilse Ashdown,linkedin.com/in/ilse-ashdown-6652,Quintrell Advisory,Product Director,Tomás Beckett,1,1,False,0
linkedin.com/in/ilse-balogun-8382,profile_url,ilse balogun,Ilse Balogun,linkedin.com/in/ilse-balogun-8382,Whitlock Staffing,Head of Platform Engineering,Dana Whitfield,1,1,False,0
linkedin.com/in/ilse-bellinger-5554,profile_url,ilse bellinger,Ilse Bellinger,linkedin.com/in/ilse-bellinger-5554,Vespermill Analytics,VP Engineering,Priya Raghunathan,1,1,False,0
linkedin.com/in/ilse-brenneman-4922,profile_url,ilse brenneman,Ilse Brenneman,linkedin.com/in/ilse-brenneman-4922,Yardley Print,Principal Architect,Dana Whitfield,1,1,False,0
linkedin.com/in/ilse-cardoso-3236,profile_url,ilse cardoso,Ilse Cardoso,linkedin.com/in/ilse-cardoso-3236,Underwood & Vale,Engineering Manager,Tomás Beckett,1,1,False,0
linkedin.com/in/ilse-cathcart-6176,profile_url,ilse cathcart,Ilse Cathcart,linkedin.com/in/ilse-cathcart-6176,Fairbourne Fitness,Product Director,Priya Raghunathan,1,1,False,0
linkedin.com/in/ilse-cathcart-falkenrath-2528,profile_url,ilse cathcart falkenrath,Ilse Cathcart-Falkenrath,linkedin.com/in/ilse-cathcart-falkenrath-2528,Corbridge Realty,Engineering Manager,Elena Duvall,1,1,False,0
linkedin.com/in/ilse-crowther-6639,profile_url,ilse crowther,Ilse Crowther,linkedin.com/in/ilse-crowther-6639,Corbridge Realty,Director of IT,Tomás Beckett,1,1,False,0
linkedin.com/in/ilse-dellinger-2139,profile_url,ilse dellinger,Ilse Dellinger,linkedin.com/in/ilse-dellinger-2139,Inglenook Bakery,Engineering Manager,Marcus Aldridge,1,1,False,0
linkedin.com/in/ilse-dobrescu-8177,profile_url,ilse dobrescu,Ilse Dobrescu,linkedin.com/in/ilse-dobrescu-8177,Elmsworth Tutors,Product Director,Marcus Aldridge,1,1,False,0
linkedin.com/in/ilse-drummond-4019,profile_url,ilse drummond,Ilse Drummond,linkedin.com/in/ilse-drummond-4019,Tannerly Design,VP Data & Analytics,Marcus Aldridge,1,1,False,0
linkedin.com/in/ilse-eastcott-7653,profile_url,ilse eastcott,Ilse Eastcott,linkedin.com/in/ilse-eastcott-7653,Garrowby Books,Chief Information Officer,Tomás Beckett,1,1,False,0
linkedin.com/in/ilse-egerton-3706,profile_url,ilse egerton,Ilse Egerton,linkedin.com/in/ilse-egerton-3706,Inglenook Bakery,Principal Architect,Dana Whitfield,1,1,False,0
name:ilse fairweather,name_only,ilse fairweather,Ilse Fairweather,,Whitlock Staffing,Staff Engineer,Priya Raghunathan,1,1,False,1
linkedin.com/in/ilse-falkenrath-4327,profile_url,ilse falkenrath,Ilse Falkenrath,linkedin.com/in/ilse-falkenrath-4327,Highmoor Cycles,VP Engineering,Marcus Aldridge,1,1,False,0
linkedin.com/in/ilse-ferreira-5205,profile_url,ilse ferreira,Ilse Ferreira,linkedin.com/in/ilse-ferreira-5205,Garrowby Books,Head of Automation,Priya Raghunathan,1,1,False,0
linkedin.com/in/ilse-fontaine-8234,profile_url,ilse fontaine,Ilse Fontaine,linkedin.com/in/ilse-fontaine-8234,Vespermill Analytics,Principal Architect,Dana Whitfield,1,1,False,0
linkedin.com/in/ilse-gluckstein-4604,profile_url,ilse gluckstein,Ilse Glückstein,linkedin.com/in/ilse-gluckstein-4604,Xanthe Labs,Program Manager,Dana Whitfield,1,1,False,0
linkedin.com/in/ilse-grimsby-3149,profile_url,ilse grimsby,Ilse Grimsby,linkedin.com/in/ilse-grimsby-3149,Fairbourne Fitness,Product Director,Marcus Aldridge,1,1,False,0
linkedin.com/in/ilse-halloran-7129,profile_url,ilse halloran,Ilse Halloran,linkedin.com/in/ilse-halloran-7129,Pale Harbour Studio,Product Director,Marcus Aldridge,1,1,False,0
linkedin.com/in/ilse-hartigan-5184,profile_url,ilse hartigan,Ilse Hartigan,linkedin.com/in/ilse-hartigan-5184,Garrowby Books,Chief Operating Officer,Marcus Aldridge,1,1,False,0
linkedin.com/in/ilse-havercamp-6417,profile_url,ilse havercamp,Ilse Havercamp,linkedin.com/in/ilse-havercamp-6417,Tannerly Design,VP Data & Analytics,Priya Raghunathan,1,1,False,0
linkedin.com/in/ilse-havercamp-cathcart-1088,profile_url,ilse havercamp cathcart,Ilse Havercamp-Cathcart,linkedin.com/in/ilse-havercamp-cathcart-1088,Rooksby Legal,Head of Automation,Owen Trask,1,1,False,0
linkedin.com/in/ilse-hojgaard-5622,profile_url,ilse hojgaard,Ilse Højgaard,linkedin.com/in/ilse-hojgaard-5622,Elmsworth Tutors,Chief Data Officer,Priya Raghunathan,1,1,False,0
linkedin.com/in/ilse-ibarra-4205,profile_url,ilse ibarra,Ilse Ibarra,linkedin.com/in/ilse-ibarra-4205,Garrowby Books,Head of Automation,Dana Whitfield,1,1,False,0
linkedin.com/in/ilse-ingleby-6085,profile_url,ilse ingleby,Ilse Ingleby,linkedin.com/in/ilse-ingleby-6085,Ambrose Trading,Principal Architect,Marcus Aldridge,1,1,False,0
linkedin.com/in/ilse-isenberg-9032,profile_url,ilse isenberg,Ilse Isenberg,linkedin.com/in/ilse-isenberg-9032,Vespermill Analytics,Head of Platform Engineering,Priya Raghunathan,1,1,False,0
linkedin.com/in/ilse-jarrold-4373,profile_url,ilse jarrold,Ilse Jarrold,linkedin.com/in/ilse-jarrold-4373,Vespermill Analytics,Head of Platform Engineering,Marcus Aldridge,1,1,False,0
linkedin.com/in/ilse-jarrold-achterberg-8544,profile_url,ilse jarrold achterberg,Ilse Jarrold-Achterberg,linkedin.com/in/ilse-jarrold-achterberg-8544,Yardley Print,Product Director,Tomás Beckett,1,1,False,0
linkedin.com/in/ilse-kettleborough-6144,profile_url,ilse kettleborough,Ilse Kettleborough,linkedin.com/in/ilse-kettleborough-6144,Dunmowe Travel,Head of Platform Engineering,Tomás Beckett,1,1,False,0
linkedin.com/in/ilse-kirkbride-6367,profile_url,ilse kirkbride,Ilse Kirkbride,linkedin.com/in/ilse-kirkbride-6367,Rooksby Legal,"Senior Manager, Engineering",Marcus Aldridge,1,1,False,0
linkedin.com/in/ilse-lindqvist-5228,profile_url,ilse lindqvist,Ilse Lindqvist,linkedin.com/in/ilse-lindqvist-5228,Garrowby Books,SVP Digital,Tomás Beckett,1,1,False,0
linkedin.com/in/ilse-lindqvist-bellinger-9141,profile_url,ilse lindqvist bellinger,Ilse Lindqvist-Bellinger,linkedin.com/in/ilse-lindqvist-bellinger-9141,Corbridge Realty,Director of IT,Elena Duvall,1,1,False,0
linkedin.com/in/ilse-lindqvist-havercamp-7186,profile_url,ilse lindqvist havercamp,Ilse Lindqvist-Havercamp,linkedin.com/in/ilse-lindqvist-havercamp-7186,Vespermill Analytics,Head of Platform Engineering,Owen Trask,1,1,False,0
name:ilse lomsadze,name_only,ilse lomsadze,Ilse Lomsadze,,Tannerly Design,Engineering Manager,Priya Raghunathan,1,1,False,1
linkedin.com/in/ilse-marchetti-5452,profile_url,ilse marchetti,Ilse Marchetti,linkedin.com/in/ilse-marchetti-5452,Ambrose Trading,Chief Data Officer,Marcus Aldridge,1,1,False,0
linkedin.com/in/ilse-merriweather-3393,profile_url,ilse merriweather,Ilse Merriweather,linkedin.com/in/ilse-merriweather-3393,Rooksby Legal,"Senior Manager, Engineering",Priya Raghunathan,1,1,False,0
linkedin.com/in/ilse-mkhize-2035,profile_url,ilse mkhize,Ilse Mkhize,linkedin.com/in/ilse-mkhize-2035,Tessellate Payments,VP Data & Analytics,Owen Trask; Priya Raghunathan,2,1,False,0
linkedin.com/in/ilse-nakashima-2658,profile_url,ilse nakashima,Ilse Nakashima,linkedin.com/in/ilse-nakashima-2658,Xanthe Labs,Head of Developer Productivity,Marcus Aldridge,1,1,False,0
linkedin.com/in/ilse-norrington-4742,profile_url,ilse norrington,Ilse Norrington,linkedin.com/in/ilse-norrington-4742,Inglenook Bakery,SVP Digital,Marcus Aldridge,1,1,False,0
linkedin.com/in/ilse-okonkwo-1005,profile_url,ilse okonkwo,Ilse Okonkwo,linkedin.com/in/ilse-okonkwo-1005,Vespermill Analytics,SVP Digital,Dana Whitfield,1,1,False,0
linkedin.com/in/ilse-okonkwo-drummond-3758,profile_url,ilse okonkwo drummond,Ilse Okonkwo-Drummond,linkedin.com/in/ilse-okonkwo-drummond-3758,Yardley Print,Engineering Manager,Owen Trask,1,1,False,0
linkedin.com/in/ilse-okonkwo-wolstenholme-2375,profile_url,ilse okonkwo wolstenholme,Ilse Okonkwo-Wolstenholme,linkedin.com/in/ilse-okonkwo-wolstenholme-2375,Underwood & Vale,Director of IT,Elena Duvall,1,1,False,0
linkedin.com/in/ilse-oldfield-3973,profile_url,ilse oldfield,Ilse Oldfield,linkedin.com/in/ilse-oldfield-3973,Ambrose Trading,Head of Innovation,Priya Raghunathan,1,1,False,0
linkedin.com/in/ilse-oyelaran-9563,profile_url,ilse oyelaran,Ilse Oyelaran,linkedin.com/in/ilse-oyelaran-9563,Zenner Foods,Head of Platform Engineering,Dana Whitfield,1,1,False,0
linkedin.com/in/ilse-petrossian-4142,profile_url,ilse petrossian,Ilse Petrossian,linkedin.com/in/ilse-petrossian-4142,Dunmowe Travel,Product Director,Tomás Beckett,1,1,False,0
linkedin.com/in/ilse-prendergast-6237,profile_url,ilse prendergast,Ilse Prendergast,linkedin.com/in/ilse-prendergast-6237,Ambrose Trading,Director of Software Engineering,Marcus Aldridge,1,1,False,0
linkedin.com/in/ilse-prendergast-brenneman-9455,profile_url,ilse prendergast brenneman,Ilse Prendergast-Brenneman,linkedin.com/in/ilse-prendergast-brenneman-9455,Garrowby Books,Director of IT,Owen Trask,1,1,False,0
linkedin.com/in/ilse-quillane-3266,profile_url,ilse quillane,Ilse Quillane,linkedin.com/in/ilse-quillane-3266,Elmsworth Tutors,"Senior Manager, Engineering",Marcus Aldridge,1,1,False,0
linkedin.com/in/ilse-rushworth-1062,profile_url,ilse rushworth,Ilse Rushworth,linkedin.com/in/ilse-rushworth-1062,Highmoor Cycles,Chief Information Officer,Priya Raghunathan,1,1,False,0
linkedin.com/in/ilse-salcedo-8961,profile_url,ilse salcedo,Ilse Salcedo,linkedin.com/in/ilse-salcedo-8961,Xanthe Labs,Head of Innovation,Marcus Aldridge,1,1,False,0
linkedin.com/in/ilse-sandoval-9827,profile_url,ilse sandoval,Ilse Sandoval,linkedin.com/in/ilse-sandoval-9827,Dunmowe Travel,Platform Lead,Marcus Aldridge,1,1,False,0
linkedin.com/in/ilse-thackeray-2783,profile_url,ilse thackeray,Ilse Thackeray,linkedin.com/in/ilse-thackeray-2783,Whitlock Staffing,Platform Lead,Marcus Aldridge,1,1,False,0
linkedin.com/in/ilse-underhill-5753,profile_url,ilse underhill,Ilse Underhill,linkedin.com/in/ilse-underhill-5753,Tannerly Design,Head of Innovation,Dana Whitfield,1,1,False,0
linkedin.com/in/ilse-underhill-dobrescu-2716,profile_url,ilse underhill dobrescu,Ilse Underhill-Dobrescu,linkedin.com/in/ilse-underhill-dobrescu-2716,Elmsworth Tutors,Director of Software Engineering,Tomás Beckett,1,1,False,0
linkedin.com/in/ilse-vandermolen-7632,profile_url,ilse vandermolen,Ilse Vandermolen,linkedin.com/in/ilse-vandermolen-7632,Underwood & Vale,Head of Automation,Marcus Aldridge,1,1,False,0
linkedin.com/in/ilse-vandermolen-salcedo-4015,profile_url,ilse vandermolen salcedo,Ilse Vandermolen-Salcedo,linkedin.com/in/ilse-vandermolen-salcedo-4015,Whitlock Staffing,VP Engineering,Owen Trask,1,1,False,0
linkedin.com/in/ilse-vasquez-2550,profile_url,ilse vasquez,Ilse Vasquez,linkedin.com/in/ilse-vasquez-2550,Fairbourne Fitness,Director of IT,Dana Whitfield,1,1,False,0
linkedin.com/in/ilse-vasquez-wolstenholme-7084,profile_url,ilse vasquez wolstenholme,Ilse Vasquez-Wolstenholme,linkedin.com/in/ilse-vasquez-wolstenholme-7084,Quintrell Advisory,"Senior Manager, Engineering",Owen Trask,1,1,False,0
linkedin.com/in/ilse-wexford-6335,profile_url,ilse wexford,Ilse Wexford,linkedin.com/in/ilse-wexford-6335,Yardley Print,Engineering Manager,Dana Whitfield,1,1,False,0
linkedin.com/in/ilse-wolstenholme-1301,profile_url,ilse wolstenholme,Ilse Wolstenholme,linkedin.com/in/ilse-wolstenholme-1301,Highmoor Cycles,Head of Innovation,Priya Raghunathan,1,1,False,0
linkedin.com/in/ilse-yarrow-7992,profile_url,ilse yarrow,Ilse Yarrow,linkedin.com/in/ilse-yarrow-7992,Corbridge Realty,Director of IT,Marcus Aldridge,1,1,False,0
linkedin.com/in/ilse-zettergren-8345,profile_url,ilse zettergren,Ilse Zettergren,linkedin.com/in/ilse-zettergren-8345,Fairbourne Fitness,Engineering Manager,Marcus Aldridge,1,1,False,0
linkedin.com/in/ilse-zubkov-1614,profile_url,ilse zubkov,Ilse Zubkov,linkedin.com/in/ilse-zubkov-1614,Ambrose Trading,Head of Innovation,Priya Raghunathan,1,1,False,0
linkedin.com/in/imani-achterberg-1147,profile_url,imani achterberg,Imani Achterberg,linkedin.com/in/imani-achterberg-1147,Vespermill Analytics,"Senior Manager, Engineering",Dana Whitfield,1,1,False,0
linkedin.com/in/imani-ashdown-2907,profile_url,imani ashdown,Imani Ashdown,linkedin.com/in/imani-ashdown-2907,Bellchamber Media,Product Director,Marcus Aldridge,1,1,False,0
linkedin.com/in/imani-balogun-8478,profile_url,imani balogun,Imani Balogun,linkedin.com/in/imani-balogun-8478,Elmsworth Tutors,"Senior Manager, Engineering",Dana Whitfield,1,1,False,0
linkedin.com/in/imani-bellinger-5709,profile_url,imani bellinger,Imani Bellinger,linkedin.com/in/imani-bellinger-5709,Garrowby Books,Platform Lead,Marcus Aldridge,1,1,False,0
linkedin.com/in/imani-brenneman-4174,profile_url,imani brenneman,Imani Brenneman,linkedin.com/in/imani-brenneman-4174,Tannerly Design,Staff Engineer,Priya Raghunathan,1,1,False,0
linkedin.com/in/imani-cardoso-1328,profile_url,imani cardoso,Imani Cardoso,linkedin.com/in/imani-cardoso-1328,Vespermill Analytics,Staff Engineer,Priya Raghunathan,1,1,False,0
linkedin.com/in/imani-cardoso-dellinger-8600,profile_url,imani cardoso dellinger,Imani Cardoso-Dellinger,linkedin.com/in/imani-cardoso-dellinger-8600,Elmsworth Tutors,Head of Innovation,Elena Duvall,1,1,False,0
linkedin.com/in/imani-cathcart-2875,profile_url,imani cathcart,Imani Cathcart,linkedin.com/in/imani-cathcart-2875,Ondermark Consulting,Staff Engineer,Priya Raghunathan,1,1,False,0
linkedin.com/in/imani-crowther-6063,profile_url,imani crowther,Imani Crowther,linkedin.com/in/imani-crowther-6063,Dunmowe Travel,Product Director,Priya Raghunathan,1,1,False,0
linkedin.com/in/imani-dellinger-4813,profile_url,imani dellinger,Imani Dellinger,linkedin.com/in/imani-dellinger-4813,Inglenook Bakery,Principal Architect,Priya Raghunathan,1,1,False,0
linkedin.com/in/imani-dobrescu-8236,profile_url,imani dobrescu,Imani Dobrescu,linkedin.com/in/imani-dobrescu-8236,Whitlock Staffing,Chief Information Officer,Tomás Beckett,1,1,False,0
linkedin.com/in/imani-drummond-5585,profile_url,imani drummond,Imani Drummond,linkedin.com/in/imani-drummond-5585,Vespermill Analytics,"Senior Manager, Engineering",Marcus Aldridge,1,1,False,0
linkedin.com/in/imani-eastcott-8831,profile_url,imani eastcott,Imani Eastcott,linkedin.com/in/imani-eastcott-8831,Quintrell Advisory,Staff Engineer,Priya Raghunathan,1,1,False,0
linkedin.com/in/imani-egerton-4105,profile_url,imani egerton,Imani Egerton,linkedin.com/in/imani-egerton-4105,Highmoor Cycles,Product Director,Priya Raghunathan,1,1,False,0
linkedin.com/in/imani-fairweather-8176,profile_url,imani fairweather,Imani Fairweather,linkedin.com/in/imani-fairweather-8176,Inglenook Bakery,VP Engineering,Priya Raghunathan,1,1,False,0
linkedin.com/in/imani-falkenrath-5571,profile_url,imani falkenrath,Imani Falkenrath,linkedin.com/in/imani-falkenrath-5571,Fairbourne Fitness,Head of Innovation,Marcus Aldridge,1,1,False,0
linkedin.com/in/imani-ferreira-7999,profile_url,imani ferreira,Imani Ferreira,linkedin.com/in/imani-ferreira-7999,Vespermill Analytics,Head of Innovation,Marcus Aldridge,1,1,False,0
linkedin.com/in/imani-fontaine-3950,profile_url,imani fontaine,Imani Fontaine,linkedin.com/in/imani-fontaine-3950,Yardley Print,Chief Digital Officer,Tomás Beckett,1,1,False,0
linkedin.com/in/imani-gluckstein-6698,profile_url,imani gluckstein,Imani Glückstein,linkedin.com/in/imani-gluckstein-6698,Elmsworth Tutors,Product Director,Tomás Beckett,1,1,False,0
linkedin.com/in/imani-gluckstein-vasquez-8268,profile_url,imani gluckstein vasquez,Imani Glückstein-Vasquez,linkedin.com/in/imani-gluckstein-vasquez-8268,Whitlock Staffing,Director of Software Engineering,Tomás Beckett,1,1,False,0
name:imani grimsby,name_only,imani grimsby,Imani Grimsby,,Bellchamber Media,"Senior Manager, Engineering",Dana Whitfield,1,1,False,1
linkedin.com/in/imani-grimsby-sandoval-7317,profile_url,imani grimsby sandoval,Imani Grimsby-Sandoval,linkedin.com/in/imani-grimsby-sandoval-7317,Elmsworth Tutors,Head of Platform Engineering,Tomás Beckett,1,1,False,0
linkedin.com/in/imani-halloran-7171,profile_url,imani halloran,Imani Halloran,linkedin.com/in/imani-halloran-7171,Bellchamber Media,Program Manager,Tomás Beckett,1,1,False,0
linkedin.com/in/imani-hartigan-9830,profile_url,imani hartigan,Imani Hartigan,linkedin.com/in/imani-hartigan-9830,Vespermill Analytics,Chief Technology Officer,Dana Whitfield,1,1,False,0
linkedin.com/in/imani-hartigan-falkenrath-8311,profile_url,imani hartigan falkenrath,Imani Hartigan-Falkenrath,linkedin.com/in/imani-hartigan-falkenrath-8311,Yardley Print,Product Director,Elena Duvall,1,1,False,0
linkedin.com/in/imani-hartigan-lindqvist-7547,profile_url,imani hartigan lindqvist,Imani Hartigan-Lindqvist,linkedin.com/in/imani-hartigan-lindqvist-7547,Pale Harbour Studio,Chief Data Officer,Tomás Beckett,1,1,False,0
linkedin.com/in/imani-havercamp-2684,profile_url,imani havercamp,Imani Havercamp,linkedin.com/in/imani-havercamp-2684,Ondermark Consulting,Product Director,Marcus Aldridge,1,1,False,0
linkedin.com/in/imani-havercamp-fontaine-2592,profile_url,imani havercamp fontaine,Imani Havercamp-Fontaine,linkedin.com/in/imani-havercamp-fontaine-2592,Fairbourne Fitness,Head of Automation,Elena Duvall,1,1,False,0
linkedin.com/in/imani-hojgaard-8404,profile_url,imani hojgaard,Imani Højgaard,linkedin.com/in/imani-hojgaard-8404,Fairbourne Fitness,Chief Technology Officer,Dana Whitfield,1,1,False,0
linkedin.com/in/imani-ibarra-2137,profile_url,imani ibarra,Imani Ibarra,linkedin.com/in/imani-ibarra-2137,Xanthe Labs,Head of Innovation,Marcus Aldridge,1,1,False,0
linkedin.com/in/imani-ingleby-3275,profile_url,imani ingleby,Imani Ingleby,linkedin.com/in/imani-ingleby-3275,Ambrose Trading,Product Director,Marcus Aldridge,1,1,False,0
linkedin.com/in/imani-isenberg-2685,profile_url,imani isenberg,Imani Isenberg,linkedin.com/in/imani-isenberg-2685,Tannerly Design,Program Manager,Tomás Beckett,1,1,False,0
linkedin.com/in/imani-jarrold-8825,profile_url,imani jarrold,Imani Jarrold,linkedin.com/in/imani-jarrold-8825,Xanthe Labs,Chief Digital Officer,Priya Raghunathan,1,1,False,0
linkedin.com/in/imani-kettleborough-3220,profile_url,imani kettleborough,Imani Kettleborough,linkedin.com/in/imani-kettleborough-3220,Zenner Foods,Head of Platform Engineering,Marcus Aldridge,1,1,False,0
linkedin.com/in/imani-kirkbride-9715,profile_url,imani kirkbride,Imani Kirkbride,linkedin.com/in/imani-kirkbride-9715,Underwood & Vale,Chief Data Officer,Dana Whitfield,1,1,False,0
linkedin.com/in/imani-kirkbride-grimsby-7877,profile_url,imani kirkbride grimsby,Imani Kirkbride-Grimsby,linkedin.com/in/imani-kirkbride-grimsby-7877,Underwood & Vale,Chief Technology Officer,Elena Duvall,1,1,False,0
linkedin.com/in/imani-lindqvist-5878,profile_url,imani lindqvist,Imani Lindqvist,linkedin.com/in/imani-lindqvist-5878,Corbridge Realty,Chief Information Officer,Marcus Aldridge,1,1,False,0
linkedin.com/in/imani-lomsadze-9435,profile_url,imani lomsadze,Imani Lomsadze,linkedin.com/in/imani-lomsadze-9435,Underwood & Vale,Engineering Manager,Marcus Aldridge,1,1,False,0
linkedin.com/in/imani-marchetti-1681,profile_url,imani marchetti,Imani Marchetti,linkedin.com/in/imani-marchetti-1681,Xanthe Labs,Director of Software Engineering,Priya Raghunathan,1,1,False,0
linkedin.com/in/imani-merriweather-4145,profile_url,imani merriweather,Imani Merriweather,linkedin.com/in/imani-merriweather-4145,Tannerly Design,Program Manager,Priya Raghunathan,1,1,False,0
linkedin.com/in/imani-merriweather-grimsby-5612,profile_url,imani merriweather grimsby,Imani Merriweather-Grimsby,linkedin.com/in/imani-merriweather-grimsby-5612,Ambrose Trading,Head of Developer Productivity,Elena Duvall,1,1,False,0
linkedin.com/in/imani-nakashima-6682,profile_url,imani nakashima,Imani Nakashima,linkedin.com/in/imani-nakashima-6682,Ambrose Trading,Head of Automation,Priya Raghunathan,1,1,False,0
linkedin.com/in/imani-norrington-2774,profile_url,imani norrington,Imani Norrington,linkedin.com/in/imani-norrington-2774,Elmsworth Tutors,Platform Lead,Dana Whitfield,1,1,False,0
linkedin.com/in/imani-okonkwo-2835,profile_url,imani okonkwo,Imani Okonkwo,linkedin.com/in/imani-okonkwo-2835,Whitlock Staffing,Head of Automation,Dana Whitfield,1,1,False,0
linkedin.com/in/imani-okonkwo-halloran-6837,profile_url,imani okonkwo halloran,Imani Okonkwo-Halloran,linkedin.com/in/imani-okonkwo-halloran-6837,Rooksby Legal,Head of Innovation,Elena Duvall,1,1,False,0
linkedin.com/in/imani-oldfield-9835,profile_url,imani oldfield,Imani Oldfield,linkedin.com/in/imani-oldfield-9835,Whitlock Staffing,SVP Digital,Marcus Aldridge,1,1,False,0
name:imani oldfield ibarra,name_only,imani oldfield ibarra,Imani Oldfield-Ibarra,,Xanthe Labs,Chief Operating Officer,Owen Trask,1,1,False,1
linkedin.com/in/imani-oyelaran-1090,profile_url,imani oyelaran,Imani Oyelaran,linkedin.com/in/imani-oyelaran-1090,Ondermark Consulting,Director of IT,Priya Raghunathan,1,1,False,0
linkedin.com/in/imani-petrossian-1660,profile_url,imani petrossian,Imani Petrossian,linkedin.com/in/imani-petrossian-1660,Ambrose Trading,"Senior Manager, Engineering",Marcus Aldridge,1,1,False,0
linkedin.com/in/imani-petrossian-yarrow-1268,profile_url,imani petrossian yarrow,Imani Petrossian-Yarrow,linkedin.com/in/imani-petrossian-yarrow-1268,Dunmowe Travel,Chief Digital Officer,Tomás Beckett,1,1,False,0
linkedin.com/in/imani-prendergast-4154,profile_url,imani prendergast,Imani Prendergast,linkedin.com/in/imani-prendergast-4154,Highmoor Cycles,SVP Digital,Priya Raghunathan,1,1,False,0
linkedin.com/in/imani-quillane-7579,profile_url,imani quillane,Imani Quillane,linkedin.com/in/imani-quillane-7579,Yardley Print,Chief Operating Officer,Marcus Aldridge,1,1,False,0
linkedin.com/in/imani-rushworth-1792,profile_url,imani rushworth,Imani Rushworth,linkedin.com/in/imani-rushworth-1792,Bellchamber Media,Principal Architect,Marcus Aldridge,1,1,False,0
linkedin.com/in/imani-rushworth-isenberg-4219,profile_url,imani rushworth isenberg,Imani Rushworth-Isenberg,linkedin.com/in/imani-rushworth-isenberg-4219,Underwood & Vale,Chief Operating Officer,Elena Duvall,1,1,False,0
linkedin.com/in/imani-salcedo-6305,profile_url,imani salcedo,Imani Salcedo,linkedin.com/in/imani-salcedo-6305,Underwood & Vale,Chief Operating Officer,Dana Whitfield,1,1,False,0
linkedin.com/in/imani-sandoval-2638,profile_url,imani sandoval,Imani Sandoval,linkedin.com/in/imani-sandoval-2638,Tannerly Design,Staff Engineer,Marcus Aldridge,1,1,False,0
linkedin.com/in/imani-thackeray-1066,profile_url,imani thackeray,Imani Thackeray,linkedin.com/in/imani-thackeray-1066,Fairbourne Fitness,Principal Architect,Tomás Beckett,1,1,False,0
linkedin.com/in/imani-underhill-7928,profile_url,imani underhill,Imani Underhill,linkedin.com/in/imani-underhill-7928,Ambrose Trading,Engineering Manager,Priya Raghunathan,1,1,False,0
linkedin.com/in/imani-underhill-bellinger-5942,profile_url,imani underhill bellinger,Imani Underhill-Bellinger,linkedin.com/in/imani-underhill-bellinger-5942,Garrowby Books,Platform Lead,Owen Trask,1,1,False,0
linkedin.com/in/imani-vandermolen-8456,profile_url,imani vandermolen,Imani Vandermolen,linkedin.com/in/imani-vandermolen-8456,Tannerly Design,Staff Engineer,Dana Whitfield,1,1,False,0
linkedin.com/in/imani-vandermolen-ferreira-1420,profile_url,imani vandermolen ferreira,Imani Vandermolen-Ferreira,linkedin.com/in/imani-vandermolen-ferreira-1420,Rooksby Legal,Head of Innovation,Owen Trask,1,1,False,0
linkedin.com/in/imani-vasquez-1924,profile_url,imani vasquez,Imani Vasquez,linkedin.com/in/imani-vasquez-1924,Xanthe Labs,Program Manager,Dana Whitfield,1,1,False,0
linkedin.com/in/imani-wexford-2789,profile_url,imani wexford,Imani Wexford,linkedin.com/in/imani-wexford-2789,Fairbourne Fitness,Product Director,Priya Raghunathan,1,1,False,0
linkedin.com/in/imani-wexford-brenneman-7192,profile_url,imani wexford brenneman,Imani Wexford-Brenneman,linkedin.com/in/imani-wexford-brenneman-7192,Ambrose Trading,Platform Lead,Owen Trask,1,1,False,0
linkedin.com/in/imani-wolstenholme-7073,profile_url,imani wolstenholme,Imani Wolstenholme,linkedin.com/in/imani-wolstenholme-7073,Garrowby Books,"Senior Manager, Engineering",Tomás Beckett,1,1,False,0
linkedin.com/in/imani-yarrow-4060,profile_url,imani yarrow,Imani Yarrow,linkedin.com/in/imani-yarrow-4060,Garrowby Books,Chief Technology Officer,Marcus Aldridge,1,1,False,0
linkedin.com/in/imani-yarrow-oldfield-7835,profile_url,imani yarrow oldfield,Imani Yarrow-Oldfield,linkedin.com/in/imani-yarrow-oldfield-7835,Zenner Foods,Program Manager,Owen Trask,1,1,False,0
linkedin.com/in/imani-zettergren-2735,profile_url,imani zettergren,Imani Zettergren,linkedin.com/in/imani-zettergren-2735,Xanthe Labs,Head of Developer Productivity,Marcus Aldridge,1,1,False,0
linkedin.com/in/imani-zettergren-quillane-5493,profile_url,imani zettergren quillane,Imani Zettergren-Quillane,linkedin.com/in/imani-zettergren-quillane-5493,Rooksby Legal,Head of Innovation,Owen Trask,1,1,False,0
linkedin.com/in/imani-zubkov-4180,profile_url,imani zubkov,Imani Zubkov,linkedin.com/in/imani-zubkov-4180,Rooksby Legal,VP Enterprise Architecture,Tomás Beckett,1,1,False,0
linkedin.com/in/ingrid-achterberg-5385,profile_url,ingrid achterberg,Ingrid Achterberg,linkedin.com/in/ingrid-achterberg-5385,Whitlock Staffing,Staff Engineer,Priya Raghunathan,1,1,False,0
linkedin.com/in/ingrid-ashdown-7977,profile_url,ingrid ashdown,Ingrid Ashdown,linkedin.com/in/ingrid-ashdown-7977,Ambrose Trading,VP Engineering,Priya Raghunathan,1,1,False,0
linkedin.com/in/ingrid-ashdown-bellinger-5901,profile_url,ingrid ashdown bellinger,Ingrid Ashdown-Bellinger,linkedin.com/in/ingrid-ashdown-bellinger-5901,Yardley Print,Chief Data Officer,Tomás Beckett,1,1,False,0
linkedin.com/in/ingrid-balogun-8008,profile_url,ingrid balogun,Ingrid Balogun,linkedin.com/in/ingrid-balogun-8008,Yardley Print,VP Enterprise Architecture,Tomás Beckett,1,1,False,0
linkedin.com/in/ingrid-bellinger-9678,profile_url,ingrid bellinger,Ingrid Bellinger,linkedin.com/in/ingrid-bellinger-9678,Fairbourne Fitness,Head of Platform Engineering,Dana Whitfield,1,1,False,0
linkedin.com/in/ingrid-brenneman-6090,profile_url,ingrid brenneman,Ingrid Brenneman,linkedin.com/in/ingrid-brenneman-6090,Underwood & Vale,Head of Automation,Marcus Aldridge,1,1,False,0
linkedin.com/in/ingrid-cardoso-4871,profile_url,ingrid cardoso,Ingrid Cardoso,linkedin.com/in/ingrid-cardoso-4871,Zenner Foods,Product Director,Marcus Aldridge,1,1,False,0
linkedin.com/in/ingrid-cathcart-7423,profile_url,ingrid cathcart,Ingrid Cathcart,linkedin.com/in/ingrid-cathcart-7423,Fairbourne Fitness,Principal Architect,Tomás Beckett,1,1,False,0
linkedin.com/in/ingrid-cathcart-wexford-1322,profile_url,ingrid cathcart wexford,Ingrid Cathcart-Wexford,linkedin.com/in/ingrid-cathcart-wexford-1322,Xanthe Labs,VP Data & Analytics,Elena Duvall,1,1,False,0
linkedin.com/in/ingrid-crowther-4308,profile_url,ingrid crowther,Ingrid Crowther,linkedin.com/in/ingrid-crowther-4308,Quintrell Advisory,Program Manager,Marcus Aldridge,1,1,False,0
linkedin.com/in/ingrid-dellinger-1219,profile_url,ingrid dellinger,Ingrid Dellinger,linkedin.com/in/ingrid-dellinger-1219,Ondermark Consulting,Staff Engineer,Marcus Aldridge,1,1,False,0
linkedin.com/in/ingrid-dellinger-thackeray-2658,profile_url,ingrid dellinger thackeray,Ingrid Dellinger-Thackeray,linkedin.com/in/ingrid-dellinger-thackeray-2658,Whitlock Staffing,Head of Innovation,Tomás Beckett,1,1,False,0
linkedin.com/in/ingrid-dobrescu-8012,profile_url,ingrid dobrescu,Ingrid Dobrescu,linkedin.com/in/ingrid-dobrescu-8012,Highmoor Cycles,Product Director,Priya Raghunathan,1,1,False,0
linkedin.com/in/ingrid-drummond-7309,profile_url,ingrid drummond,Ingrid Drummond,linkedin.com/in/ingrid-drummond-7309,Yardley Print,Program Manager,Dana Whitfield,1,1,False,0
linkedin.com/in/ingrid-eastcott-7632,profile_url,ingrid eastcott,Ingrid Eastcott,linkedin.com/in/ingrid-eastcott-7632,Ambrose Trading,Platform Lead,Tomás Beckett,1,1,False,0
linkedin.com/in/ingrid-egerton-7547,profile_url,ingrid egerton,Ingrid Egerton,linkedin.com/in/ingrid-egerton-7547,Inglenook Bakery,Chief Information Officer,Marcus Aldridge,1,1,False,0
linkedin.com/in/ingrid-fairweather-8322,profile_url,ingrid fairweather,Ingrid Fairweather,linkedin.com/in/ingrid-fairweather-8322,Bellchamber Media,VP Enterprise Architecture,Tomás Beckett,1,1,False,0
linkedin.com/in/ingrid-falkenrath-1338,profile_url,ingrid falkenrath,Ingrid Falkenrath,linkedin.com/in/ingrid-falkenrath-1338,Rooksby Legal,Director of Software Engineering,Tomás Beckett,1,1,False,0
linkedin.com/in/ingrid-ferreira-1439,profile_url,ingrid ferreira,Ingrid Ferreira,linkedin.com/in/ingrid-ferreira-1439,Xanthe Labs,VP Enterprise Architecture,Marcus Aldridge,1,1,False,0
name:ingrid fontaine,name_only,ingrid fontaine,Ingrid Fontaine,,Zenner Foods,Program Manager,Priya Raghunathan,1,1,False,1
linkedin.com/in/ingrid-gluckstein-5204,profile_url,ingrid gluckstein,Ingrid Glückstein,linkedin.com/in/ingrid-gluckstein-5204,Xanthe Labs,Staff Engineer,Dana Whitfield,1,1,False,0
linkedin.com/in/ingrid-grimsby-7188,profile_url,ingrid grimsby,Ingrid Grimsby,linkedin.com/in/ingrid-grimsby-7188,Rooksby Legal,Chief Technology Officer,Dana Whitfield,1,1,False,0
linkedin.com/in/ingrid-halloran-8912,profile_url,ingrid halloran,Ingrid Halloran,linkedin.com/in/ingrid-halloran-8912,Whitlock Staffing,SVP Digital,Tomás Beckett,1,1,False,0
linkedin.com/in/ingrid-halloran-jarrold-7259,profile_url,ingrid halloran jarrold,Ingrid Halloran-Jarrold,linkedin.com/in/ingrid-halloran-jarrold-7259,Ambrose Trading,Engineering Manager,Owen Trask,1,1,False,0
linkedin.com/in/ingrid-hartigan-1487,profile_url,ingrid hartigan,Ingrid Hartigan,linkedin.com/in/ingrid-hartigan-1487,Underwood & Vale,"Senior Manager, Engineering",Tomás Beckett,1,1,False,0
linkedin.com/in/ingrid-hartigan-crowther-5149,profile_url,ingrid hartigan crowther,Ingrid Hartigan-Crowther,linkedin.com/in/ingrid-hartigan-crowther-5149,Ambrose Trading,Head of Automation,Tomás Beckett,1,1,False,0
linkedin.com/in/ingrid-havercamp-9417,profile_url,ingrid havercamp,Ingrid Havercamp,linkedin.com/in/ingrid-havercamp-9417,Fairbourne Fitness,Head of Platform Engineering,Marcus Aldridge,1,1,False,0
linkedin.com/in/ingrid-hojgaard-6343,profile_url,ingrid hojgaard,Ingrid Højgaard,linkedin.com/in/ingrid-hojgaard-6343,Whitlock Staffing,Head of Innovation,Tomás Beckett,1,1,False,0
linkedin.com/in/ingrid-ibarra-4431,profile_url,ingrid ibarra,Ingrid Ibarra,linkedin.com/in/ingrid-ibarra-4431,Inglenook Bakery,Platform Lead,Dana Whitfield,1,1,False,0
name:ingrid ibarra okonkwo,name_only,ingrid ibarra okonkwo,Ingrid Ibarra-Okonkwo,,Elmsworth Tutors,Principal Architect,Elena Duvall,1,1,False,1
linkedin.com/in/ingrid-ingleby-7839,profile_url,ingrid ingleby,Ingrid Ingleby,linkedin.com/in/ingrid-ingleby-7839,Quintrell Advisory,Chief Data Officer,Tomás Beckett,1,1,False,0
linkedin.com/in/ingrid-isenberg-4757,profile_url,ingrid isenberg,Ingrid Isenberg,linkedin.com/in/ingrid-isenberg-4757,Whitlock Staffing,Director of IT,Priya Raghunathan,1,1,False,0
linkedin.com/in/ingrid-isenberg-salcedo-1395,profile_url,ingrid isenberg salcedo,Ingrid Isenberg-Salcedo,linkedin.com/in/ingrid-isenberg-salcedo-1395,Elmsworth Tutors,Director of IT,Elena Duvall,1,1,False,0
linkedin.com/in/ingrid-jarrold-6544,profile_url,ingrid jarrold,Ingrid Jarrold,linkedin.com/in/ingrid-jarrold-6544,Ambrose Trading,Head of Innovation,Tomás Beckett,1,1,False,0
linkedin.com/in/ingrid-kettleborough-2859,profile_url,ingrid kettleborough,Ingrid Kettleborough,linkedin.com/in/ingrid-kettleborough-2859,Bellchamber Media,Program Manager,Marcus Aldridge,1,1,False,0
name:ingrid kirkbride,name_only,ingrid kirkbride,Ingrid Kirkbride,,Whitlock Staffing,Director of Software Engineering,Dana Whitfield,1,1,False,1
linkedin.com/in/ingrid-kirkbride-jarrold-8129,profile_url,ingrid kirkbride jarrold,Ingrid Kirkbride-Jarrold,linkedin.com/in/ingrid-kirkbride-jarrold-8129,Pale Harbour Studio,Product Director,Tomás Beckett,1,1,False,0
linkedin.com/in/ingrid-lindqvist-1736,profile_url,ingrid lindqvist,Ingrid Lindqvist,linkedin.com/in/ingrid-lindqvist-1736,Highmoor Cycles,Chief Technology Officer,Priya Raghunathan,1,1,False,0
linkedin.com/in/ingrid-lindqvist-sandoval-6431,profile_url,ingrid lindqvist sandoval,Ingrid Lindqvist-Sandoval,linkedin.com/in/ingrid-lindqvist-sandoval-6431,Ondermark Consulting,Head of Platform Engineering,Owen Trask,1,1,False,0
linkedin.com/in/ingrid-lomsadze-6348,profile_url,ingrid lomsadze,Ingrid Lomsadze,linkedin.com/in/ingrid-lomsadze-6348,Tannerly Design,"Senior Manager, Engineering",Priya Raghunathan,1,1,False,0
linkedin.com/in/ingrid-lomsadze-grimsby-8853,profile_url,ingrid lomsadze grimsby,Ingrid Lomsadze-Grimsby,linkedin.com/in/ingrid-lomsadze-grimsby-8853,Quintrell Advisory,VP Data & Analytics,Tomás Beckett,1,1,False,0
linkedin.com/in/ingrid-marchetti-5722,profile_url,ingrid marchetti,Ingrid Marchetti,linkedin.com/in/ingrid-marchetti-5722,Harrowgate Health,Head of Developer Productivity,Dana Whitfield; Owen Trask,2,1,False,0
linkedin.com/in/ingrid-merriweather-9770,profile_url,ingrid merriweather,Ingrid Merriweather,linkedin.com/in/ingrid-merriweather-9770,Inglenook Bakery,Staff Engineer,Priya Raghunathan,1,1,False,0
linkedin.com/in/ingrid-mkhize-5164,profile_url,ingrid mkhize,Ingrid Mkhize,linkedin.com/in/ingrid-mkhize-5164,Zenner Foods,Chief Technology Officer,Marcus Aldridge,1,1,False,0
linkedin.com/in/ingrid-nakashima-4050,profile_url,ingrid nakashima,Ingrid Nakashima,linkedin.com/in/ingrid-nakashima-4050,Quintrell Advisory,Head of Developer Productivity,Marcus Aldridge,1,1,False,0
linkedin.com/in/ingrid-norrington-1932,profile_url,ingrid norrington,Ingrid Norrington,linkedin.com/in/ingrid-norrington-1932,Underwood & Vale,Product Director,Marcus Aldridge,1,1,False,0
linkedin.com/in/ingrid-okonkwo-3610,profile_url,ingrid okonkwo,Ingrid Okonkwo,linkedin.com/in/ingrid-okonkwo-3610,Zenner Foods,Engineering Manager,Marcus Aldridge,1,1,False,0
linkedin.com/in/ingrid-oldfield-1545,profile_url,ingrid oldfield,Ingrid Oldfield,linkedin.com/in/ingrid-oldfield-1545,Xanthe Labs,Head of Platform Engineering,Marcus Aldridge,1,1,False,0
linkedin.com/in/ingrid-oyelaran-9882,profile_url,ingrid oyelaran,Ingrid Oyelaran,linkedin.com/in/ingrid-oyelaran-9882,Zenner Foods,Director of Software Engineering,Dana Whitfield,1,1,False,0
linkedin.com/in/ingrid-petrossian-7281,profile_url,ingrid petrossian,Ingrid Petrossian,linkedin.com/in/ingrid-petrossian-7281,Ambrose Trading,Chief Data Officer,Dana Whitfield,1,1,False,0
linkedin.com/in/ingrid-petrossian-lindqvist-8465,profile_url,ingrid petrossian lindqvist,Ingrid Petrossian-Lindqvist,linkedin.com/in/ingrid-petrossian-lindqvist-8465,Bellchamber Media,Staff Engineer,Elena Duvall,1,1,False,0
linkedin.com/in/ingrid-prendergast-2219,profile_url,ingrid prendergast,Ingrid Prendergast,linkedin.com/in/ingrid-prendergast-2219,Bellchamber Media,Chief Technology Officer,Marcus Aldridge,1,1,False,0
linkedin.com/in/ingrid-quillane-5724,profile_url,ingrid quillane,Ingrid Quillane,linkedin.com/in/ingrid-quillane-5724,Ambrose Trading,Platform Lead,Dana Whitfield,1,1,False,0
name:ingrid quillane dobrescu,name_only,ingrid quillane dobrescu,Ingrid Quillane-Dobrescu,,Highmoor Cycles,Product Director,Elena Duvall,1,1,False,1
linkedin.com/in/ingrid-rushworth-3310,profile_url,ingrid rushworth,Ingrid Rushworth,linkedin.com/in/ingrid-rushworth-3310,Ondermark Consulting,Product Director,Priya Raghunathan,1,1,False,0
linkedin.com/in/ingrid-rushworth-ashdown-1420,profile_url,ingrid rushworth ashdown,Ingrid Rushworth-Ashdown,linkedin.com/in/ingrid-rushworth-ashdown-1420,Yardley Print,Principal Architect,Tomás Beckett,1,1,False,0
linkedin.com/in/ingrid-rushworth-thackeray-4799,profile_url,ingrid rushworth thackeray,Ingrid Rushworth-Thackeray,linkedin.com/in/ingrid-rushworth-thackeray-4799,Dunmowe Travel,Head of Innovation,Elena Duvall,1,1,False,0
linkedin.com/in/ingrid-salcedo-2802,profile_url,ingrid salcedo,Ingrid Salcedo,linkedin.com/in/ingrid-salcedo-2802,Highmoor Cycles,Product Director,Tomás Beckett,1,1,False,0
name:ingrid sandoval,name_only,ingrid sandoval,Ingrid Sandoval,,Highmoor Cycles,Director of IT,Marcus Aldridge,1,1,False,1
linkedin.com/in/ingrid-thackeray-3280,profile_url,ingrid thackeray,Ingrid Thackeray,linkedin.com/in/ingrid-thackeray-3280,Tannerly Design,Chief Operating Officer,Marcus Aldridge,1,1,False,0
name:ingrid underhill,name_only,ingrid underhill,Ingrid Underhill,,Rooksby Legal,VP Enterprise Architecture,Priya Raghunathan,1,1,False,1
linkedin.com/in/ingrid-vandermolen-6242,profile_url,ingrid vandermolen,Ingrid Vandermolen,linkedin.com/in/ingrid-vandermolen-6242,Rooksby Legal,Program Manager,Priya Raghunathan,1,1,False,0
linkedin.com/in/ingrid-vasquez-2104,profile_url,ingrid vasquez,Ingrid Vasquez,linkedin.com/in/ingrid-vasquez-2104,Rooksby Legal,Engineering Manager,Priya Raghunathan,1,1,False,0
linkedin.com/in/ingrid-vasquez-halloran-9359,profile_url,ingrid vasquez halloran,Ingrid Vasquez-Halloran,linkedin.com/in/ingrid-vasquez-halloran-9359,Pale Harbour Studio,Principal Architect,Elena Duvall,1,1,False,0
linkedin.com/in/ingrid-vasquez-hojgaard-5706,profile_url,ingrid vasquez hojgaard,Ingrid Vasquez-Højgaard,linkedin.com/in/ingrid-vasquez-hojgaard-5706,Fairbourne Fitness,Head of Innovation,Elena Duvall,1,1,False,0
linkedin.com/in/ingrid-vasquez-ingleby-5302,profile_url,ingrid vasquez ingleby,Ingrid Vasquez-Ingleby,linkedin.com/in/ingrid-vasquez-ingleby-5302,Ambrose Trading,Head of Platform Engineering,Tomás Beckett,1,1,False,0
linkedin.com/in/ingrid-wexford-1847,profile_url,ingrid wexford,Ingrid Wexford,linkedin.com/in/ingrid-wexford-1847,Yardley Print,Platform Lead,Marcus Aldridge,1,1,False,0
linkedin.com/in/ingrid-wolstenholme-9632,profile_url,ingrid wolstenholme,Ingrid Wolstenholme,linkedin.com/in/ingrid-wolstenholme-9632,Quintrell Advisory,Principal Architect,Tomás Beckett,1,1,False,0
linkedin.com/in/ingrid-yarrow-9757,profile_url,ingrid yarrow,Ingrid Yarrow,linkedin.com/in/ingrid-yarrow-9757,Ambrose Trading,SVP Digital,Marcus Aldridge,1,1,False,0
linkedin.com/in/ingrid-zettergren-8890,profile_url,ingrid zettergren,Ingrid Zettergren,linkedin.com/in/ingrid-zettergren-8890,Garrowby Books,Chief Data Officer,Dana Whitfield,1,1,False,0
linkedin.com/in/ingrid-zettergren-gluckstein-8577,profile_url,ingrid zettergren gluckstein,Ingrid Zettergren-Glückstein,linkedin.com/in/ingrid-zettergren-gluckstein-8577,Ambrose Trading,Platform Lead,Elena Duvall,1,1,False,0
linkedin.com/in/ingrid-zubkov-7418,profile_url,ingrid zubkov,Ingrid Zubkov,linkedin.com/in/ingrid-zubkov-7418,Vespermill Analytics,Chief Data Officer,Marcus Aldridge,1,1,False,0
linkedin.com/in/joaquin-achterberg-1092,profile_url,joaquin achterberg,·Joaquín Achterberg,linkedin.com/in/joaquin-achterberg-1092,Tannerly Design,VP Engineering,Tomás Beckett,1,1,False,0
linkedin.com/in/joaquin-achterberg-quillane-4122,profile_url,joaquin achterberg quillane,·Joaquín Achterberg-Quillane,linkedin.com/in/joaquin-achterberg-quillane-4122,Underwood & Vale,Head of Innovation,Owen Trask,1,1,False,0
linkedin.com/in/joaquin-ashdown-7738,profile_url,joaquin ashdown,·Joaquín Ashdown,linkedin.com/in/joaquin-ashdown-7738,Highmoor Cycles,"Senior Manager, Engineering",Dana Whitfield,1,1,False,0
linkedin.com/in/joaquin-ashdown-hartigan-2794,profile_url,joaquin ashdown hartigan,·Joaquín Ashdown-Hartigan,linkedin.com/in/joaquin-ashdown-hartigan-2794,Rooksby Legal,Director of Software Engineering,Tomás Beckett,1,1,False,0
linkedin.com/in/joaquin-balogun-5584,profile_url,joaquin balogun,·Joaquín Balogun,linkedin.com/in/joaquin-balogun-5584,Bellchamber Media,Chief Digital Officer,Dana Whitfield,1,1,False,0
linkedin.com/in/joaquin-bellinger-2889,profile_url,joaquin bellinger,·Joaquín Bellinger,linkedin.com/in/joaquin-bellinger-2889,Elmsworth Tutors,VP Enterprise Architecture,Dana Whitfield,1,1,False,0
linkedin.com/in/joaquin-brenneman-1780,profile_url,joaquin brenneman,·Joaquín Brenneman,linkedin.com/in/joaquin-brenneman-1780,Bellchamber Media,"Senior Manager, Engineering",Dana Whitfield,1,1,False,0
linkedin.com/in/joaquin-cardoso-6591,profile_url,joaquin cardoso,·Joaquín Cardoso,linkedin.com/in/joaquin-cardoso-6591,Zenner Foods,Program Manager,Priya Raghunathan,1,1,False,0
linkedin.com/in/joaquin-cardoso-jarrold-8097,profile_url,joaquin cardoso jarrold,·Joaquín Cardoso-Jarrold,linkedin.com/in/joaquin-cardoso-jarrold-8097,Corbridge Realty,Engineering Manager,Elena Duvall,1,1,False,0
name:joaquin cathcart,name_only,joaquin cathcart,·Joaquín Cathcart,,Tannerly Design,Chief Data Officer,Marcus Aldridge,1,1,False,1
linkedin.com/in/joaquin-crowther-8727,profile_url,joaquin crowther,·Joaquín Crowther,linkedin.com/in/joaquin-crowther-8727,Pale Harbour Studio,Engineering Manager,Tomás Beckett,1,1,False,0
linkedin.com/in/joaquin-dellinger-8576,profile_url,joaquin dellinger,·Joaquín Dellinger,linkedin.com/in/joaquin-dellinger-8576,Ambrose Trading,VP Data & Analytics,Dana Whitfield,1,1,False,0
linkedin.com/in/joaquin-dobrescu-5152,profile_url,joaquin dobrescu,·Joaquín Dobrescu,linkedin.com/in/joaquin-dobrescu-5152,Inglenook Bakery,Chief Digital Officer,Dana Whitfield,1,1,False,0
linkedin.com/in/joaquin-drummond-6684,profile_url,joaquin drummond,·Joaquín Drummond,linkedin.com/in/joaquin-drummond-6684,Ambrose Trading,Chief Data Officer,Marcus Aldridge,1,1,False,0
linkedin.com/in/joaquin-eastcott-7929,profile_url,joaquin eastcott,·Joaquín Eastcott,linkedin.com/in/joaquin-eastcott-7929,Ondermark Consulting,Engineering Manager,Marcus Aldridge,1,1,False,0
linkedin.com/in/joaquin-eastcott-balogun-9095,profile_url,joaquin eastcott balogun,·Joaquín Eastcott-Balogun,linkedin.com/in/joaquin-eastcott-balogun-9095,Bellchamber Media,Head of Developer Productivity,Tomás Beckett,1,1,False,0
linkedin.com/in/joaquin-egerton-6200,profile_url,joaquin egerton,·Joaquín Egerton,linkedin.com/in/joaquin-egerton-6200,Xanthe Labs,"Senior Manager, Engineering",Marcus Aldridge,1,1,False,0
linkedin.com/in/joaquin-egerton-balogun-2413,profile_url,joaquin egerton balogun,·Joaquín Egerton-Balogun,linkedin.com/in/joaquin-egerton-balogun-2413,Corbridge Realty,Platform Lead,Elena Duvall,1,1,False,0
linkedin.com/in/joaquin-fairweather-3953,profile_url,joaquin fairweather,·Joaquín Fairweather,linkedin.com/in/joaquin-fairweather-3953,Garrowby Books,Staff Engineer,Priya Raghunathan,1,1,False,0
linkedin.com/in/joaquin-fairweather-cathcart-9652,profile_url,joaquin fairweather cathcart,·Joaquín Fairweather-Cathcart,linkedin.com/in/joaquin-fairweather-cathcart-9652,Whitlock Staffing,Platform Lead,Elena Duvall,1,1,False,0
linkedin.com/in/joaquin-falkenrath-4049,profile_url,joaquin falkenrath,·Joaquín Falkenrath,linkedin.com/in/joaquin-falkenrath-4049,Rooksby Legal,Director of IT,Marcus Aldridge,1,1,False,0
linkedin.com/in/joaquin-ferreira-2029,profile_url,joaquin ferreira,·Joaquín Ferreira,linkedin.com/in/joaquin-ferreira-2029,Vespermill Analytics,"Senior Manager, Engineering",Marcus Aldridge,1,1,False,0
linkedin.com/in/joaquin-fontaine-6207,profile_url,joaquin fontaine,·Joaquín Fontaine,linkedin.com/in/joaquin-fontaine-6207,Inglenook Bakery,Product Director,Dana Whitfield,1,1,False,0
linkedin.com/in/joaquin-gluckstein-4580,profile_url,joaquin gluckstein,·Joaquín Glückstein,linkedin.com/in/joaquin-gluckstein-4580,Quintrell Advisory,Principal Architect,Marcus Aldridge,1,1,False,0
linkedin.com/in/joaquin-grimsby-6284,profile_url,joaquin grimsby,·Joaquín Grimsby,linkedin.com/in/joaquin-grimsby-6284,Ambrose Trading,"Senior Manager, Engineering",Marcus Aldridge,1,1,False,0
linkedin.com/in/joaquin-halloran-7066,profile_url,joaquin halloran,·Joaquín Halloran,linkedin.com/in/joaquin-halloran-7066,Ambrose Trading,Chief Information Officer,Priya Raghunathan,1,1,False,0
linkedin.com/in/joaquin-hartigan-6738,profile_url,joaquin hartigan,·Joaquín Hartigan,linkedin.com/in/joaquin-hartigan-6738,Vespermill Analytics,Principal Architect,Marcus Aldridge,1,1,False,0
linkedin.com/in/joaquin-hartigan-dellinger-6848,profile_url,joaquin hartigan dellinger,·Joaquín Hartigan-Dellinger,linkedin.com/in/joaquin-hartigan-dellinger-6848,Dunmowe Travel,"Senior Manager, Engineering",Owen Trask,1,1,False,0
linkedin.com/in/joaquin-hartigan-salcedo-3904,profile_url,joaquin hartigan salcedo,·Joaquín Hartigan-Salcedo,linkedin.com/in/joaquin-hartigan-salcedo-3904,Vespermill Analytics,Product Director,Tomás Beckett,1,1,False,0
linkedin.com/in/joaquin-havercamp-6556,profile_url,joaquin havercamp,·Joaquín Havercamp,linkedin.com/in/joaquin-havercamp-6556,Garrowby Books,Platform Lead,Dana Whitfield,1,1,False,0
linkedin.com/in/joaquin-havercamp-sandoval-9906,profile_url,joaquin havercamp sandoval,·Joaquín Havercamp-Sandoval,linkedin.com/in/joaquin-havercamp-sandoval-9906,Highmoor Cycles,Head of Automation,Elena Duvall,1,1,False,0
linkedin.com/in/joaquin-hojgaard-7365,profile_url,joaquin hojgaard,·Joaquín Højgaard,linkedin.com/in/joaquin-hojgaard-7365,Elmsworth Tutors,Director of Software Engineering,Dana Whitfield,1,1,False,0
linkedin.com/in/joaquin-hojgaard-fontaine-5877,profile_url,joaquin hojgaard fontaine,·Joaquín Højgaard-Fontaine,linkedin.com/in/joaquin-hojgaard-fontaine-5877,Quintrell Advisory,Program Manager,Elena Duvall,1,1,False,0
linkedin.com/in/joaquin-ibarra-3701,profile_url,joaquin ibarra,·Joaquín Ibarra,linkedin.com/in/joaquin-ibarra-3701,Garrowby Books,Product Director,Priya Raghunathan,1,1,False,0
linkedin.com/in/joaquin-ibarra-norrington-6933,profile_url,joaquin ibarra norrington,·Joaquín Ibarra-Norrington,linkedin.com/in/joaquin-ibarra-norrington-6933,Tannerly Design,"Senior Manager, Engineering",Owen Trask,1,1,False,0
linkedin.com/in/joaquin-ingleby-3087,profile_url,joaquin ingleby,·Joaquín Ingleby,linkedin.com/in/joaquin-ingleby-3087,Yardley Print,Head of Innovation,Dana Whitfield,1,1,False,0
linkedin.com/in/joaquin-isenberg-5802,profile_url,joaquin isenberg,·Joaquín Isenberg,linkedin.com/in/joaquin-isenberg-5802,Dunmowe Travel,Platform Lead,Priya Raghunathan,1,1,False,0
linkedin.com/in/joaquin-jarrold-2711,profile_url,joaquin jarrold,·Joaquín Jarrold,linkedin.com/in/joaquin-jarrold-2711,Dunmowe Travel,Program Manager,Tomás Beckett,1,1,False,0
linkedin.com/in/joaquin-jarrold-grimsby-4864,profile_url,joaquin jarrold grimsby,·Joaquín Jarrold-Grimsby,linkedin.com/in/joaquin-jarrold-grimsby-4864,Zenner Foods,Director of IT,Elena Duvall,1,1,False,0
linkedin.com/in/joaquin-kettleborough-4864,profile_url,joaquin kettleborough,·Joaquín Kettleborough,linkedin.com/in/joaquin-kettleborough-4864,Yardley Print,Director of IT,Marcus Aldridge,1,1,False,0
linkedin.com/in/joaquin-kettleborough-grimsby-8305,profile_url,joaquin kettleborough grimsby,·Joaquín Kettleborough-Grimsby,linkedin.com/in/joaquin-kettleborough-grimsby-8305,Yardley Print,Head of Innovation,Tomás Beckett,1,1,False,0
linkedin.com/in/joaquin-kettleborough-mkhize-1596,profile_url,joaquin kettleborough mkhize,·Joaquín Kettleborough-Mkhize,linkedin.com/in/joaquin-kettleborough-mkhize-1596,Highmoor Cycles,Head of Automation,Tomás Beckett,1,1,False,0
linkedin.com/in/joaquin-kirkbride-3828,profile_url,joaquin kirkbride,·Joaquín Kirkbride,linkedin.com/in/joaquin-kirkbride-3828,Bellchamber Media,Product Director,Tomás Beckett,1,1,False,0
linkedin.com/in/joaquin-lindqvist-8429,profile_url,joaquin lindqvist,·Joaquín Lindqvist,linkedin.com/in/joaquin-lindqvist-8429,Vespermill Analytics,Engineering Manager,Marcus Aldridge,1,1,False,0
linkedin.com/in/joaquin-lindqvist-dobrescu-6289,profile_url,joaquin lindqvist dobrescu,·Joaquín Lindqvist-Dobrescu,linkedin.com/in/joaquin-lindqvist-dobrescu-6289,Corbridge Realty,Staff Engineer,Tomás Beckett,1,1,False,0
linkedin.com/in/joaquin-lindqvist-underhill-3977,profile_url,joaquin lindqvist underhill,·Joaquín Lindqvist-Underhill,linkedin.com/in/joaquin-lindqvist-underhill-3977,Yardley Print,"Senior Manager, Engineering",Owen Trask,1,1,False,0
linkedin.com/in/joaquin-lomsadze-4909,profile_url,joaquin lomsadze,·Joaquín Lomsadze,linkedin.com/in/joaquin-lomsadze-4909,Corbridge Realty,Chief Information Officer,Dana Whitfield,1,1,False,0
linkedin.com/in/joaquin-lomsadze-gluckstein-8699,profile_url,joaquin lomsadze gluckstein,·Joaquín Lomsadze-Glückstein,linkedin.com/in/joaquin-lomsadze-gluckstein-8699,Inglenook Bakery,Head of Innovation,Owen Trask,1,1,False,0
name:joaquin marchetti,name_only,joaquin marchetti,·Joaquín Marchetti,,Corbridge Realty,Head of Developer Productivity,Priya Raghunathan,1,1,False,1
linkedin.com/in/joaquin-merriweather-8125,profile_url,joaquin merriweather,·Joaquín Merriweather,linkedin.com/in/joaquin-merriweather-8125,Elmsworth Tutors,Director of Software Engineering,Dana Whitfield,1,1,False,0
linkedin.com/in/joaquin-mkhize-5936,profile_url,joaquin mkhize,·Joaquín Mkhize,linkedin.com/in/joaquin-mkhize-5936,Rooksby Legal,"Senior Manager, Engineering",Priya Raghunathan,1,1,False,0
linkedin.com/in/joaquin-nakashima-4893,profile_url,joaquin nakashima,·Joaquín Nakashima,linkedin.com/in/joaquin-nakashima-4893,Quintrell Advisory,VP Engineering,Tomás Beckett,1,1,False,0
linkedin.com/in/joaquin-norrington-8470,profile_url,joaquin norrington,·Joaquín Norrington,linkedin.com/in/joaquin-norrington-8470,Tannerly Design,"Senior Manager, Engineering",Priya Raghunathan,1,1,False,0
linkedin.com/in/joaquin-norrington-thackeray-2235,profile_url,joaquin norrington thackeray,·Joaquín Norrington-Thackeray,linkedin.com/in/joaquin-norrington-thackeray-2235,Inglenook Bakery,Chief Data Officer,Tomás Beckett,1,1,False,0
linkedin.com/in/joaquin-okonkwo-5648,profile_url,joaquin okonkwo,·Joaquín Okonkwo,linkedin.com/in/joaquin-okonkwo-5648,Tannerly Design,SVP Digital,Dana Whitfield,1,1,False,0
linkedin.com/in/joaquin-oldfield-2214,profile_url,joaquin oldfield,·Joaquín Oldfield,linkedin.com/in/joaquin-oldfield-2214,Ambrose Trading,Chief Digital Officer,Tomás Beckett,1,1,False,0
name:joaquin oldfield zubkov,name_only,joaquin oldfield zubkov,·Joaquín Oldfield-Zubkov,,Corbridge Realty,"Senior Manager, Engineering",Owen Trask,1,1,False,1
linkedin.com/in/joaquin-oyelaran-7430,profile_url,joaquin oyelaran,·Joaquín Oyelaran,linkedin.com/in/joaquin-oyelaran-7430,Corbridge Realty,Program Manager,Dana Whitfield,1,1,False,0
linkedin.com/in/joaquin-oyelaran-gluckstein-9932,profile_url,joaquin oyelaran gluckstein,·Joaquín Oyelaran-Glückstein,linkedin.com/in/joaquin-oyelaran-gluckstein-9932,Tannerly Design,Program Manager,Owen Trask,1,1,False,0
linkedin.com/in/joaquin-petrossian-4909,profile_url,joaquin petrossian,·Joaquín Petrossian,linkedin.com/in/joaquin-petrossian-4909,Quintrell Advisory,"Senior Manager, Engineering",Priya Raghunathan,1,1,False,0
linkedin.com/in/joaquin-petrossian-zettergren-8818,profile_url,joaquin petrossian zettergren,·Joaquín Petrossian-Zettergren,linkedin.com/in/joaquin-petrossian-zettergren-8818,Pale Harbour Studio,Staff Engineer,Owen Trask,1,1,False,0
linkedin.com/in/joaquin-prendergast-7560,profile_url,joaquin prendergast,·Joaquín Prendergast,linkedin.com/in/joaquin-prendergast-7560,Vespermill Analytics,"Senior Manager, Engineering",Priya Raghunathan,1,1,False,0
linkedin.com/in/joaquin-prendergast-crowther-4828,profile_url,joaquin prendergast crowther,·Joaquín Prendergast-Crowther,linkedin.com/in/joaquin-prendergast-crowther-4828,Vespermill Analytics,Head of Innovation,Tomás Beckett,1,1,False,0
linkedin.com/in/joaquin-quillane-3578,profile_url,joaquin quillane,·Joaquín Quillane,linkedin.com/in/joaquin-quillane-3578,Elmsworth Tutors,Program Manager,Marcus Aldridge,1,1,False,0
linkedin.com/in/joaquin-rushworth-8509,profile_url,joaquin rushworth,·Joaquín Rushworth,linkedin.com/in/joaquin-rushworth-8509,Bellchamber Media,Director of IT,Priya Raghunathan,1,1,False,0
linkedin.com/in/joaquin-rushworth-norrington-4040,profile_url,joaquin rushworth norrington,·Joaquín Rushworth-Norrington,linkedin.com/in/joaquin-rushworth-norrington-4040,Xanthe Labs,"Senior Manager, Engineering",Tomás Beckett,1,1,False,0
linkedin.com/in/joaquin-salcedo-9571,profile_url,joaquin salcedo,·Joaquín Salcedo,linkedin.com/in/joaquin-salcedo-9571,Inglenook Bakery,Director of IT,Priya Raghunathan,1,1,False,0
linkedin.com/in/joaquin-sandoval-9880,profile_url,joaquin sandoval,·Joaquín Sandoval,linkedin.com/in/joaquin-sandoval-9880,Yardley Print,Staff Engineer,Tomás Beckett,1,1,False,0
linkedin.com/in/joaquin-thackeray-2633,profile_url,joaquin thackeray,·Joaquín Thackeray,linkedin.com/in/joaquin-thackeray-2633,Garrowby Books,Head of Automation,Priya Raghunathan,1,1,False,0
linkedin.com/in/joaquin-underhill-8537,profile_url,joaquin underhill,·Joaquín Underhill,linkedin.com/in/joaquin-underhill-8537,Whitlock Staffing,SVP Digital,Marcus Aldridge,1,1,False,0
name:joaquin vandermolen,name_only,joaquin vandermolen,·Joaquín Vandermolen,,Ondermark Consulting,Staff Engineer,Dana Whitfield,1,1,False,1
linkedin.com/in/joaquin-vasquez-1596,profile_url,joaquin vasquez,·Joaquín Vasquez,linkedin.com/in/joaquin-vasquez-1596,Highmoor Cycles,Principal Architect,Priya Raghunathan,1,1,False,0
linkedin.com/in/joaquin-wexford-6821,profile_url,joaquin wexford,·Joaquín Wexford,linkedin.com/in/joaquin-wexford-6821,Highmoor Cycles,VP Engineering,Priya Raghunathan,1,1,False,0
linkedin.com/in/joaquin-wolstenholme-2975,profile_url,joaquin wolstenholme,·Joaquín Wolstenholme,linkedin.com/in/joaquin-wolstenholme-2975,Dunmowe Travel,Head of Innovation,Marcus Aldridge,1,1,False,0
name:joaquin yarrow,name_only,joaquin yarrow,·Joaquín Yarrow,,Ondermark Consulting,Chief Data Officer,Marcus Aldridge,1,1,False,1
linkedin.com/in/joaquin-yarrow-mkhize-3171,profile_url,joaquin yarrow mkhize,·Joaquín Yarrow-Mkhize,linkedin.com/in/joaquin-yarrow-mkhize-3171,Bellchamber Media,Staff Engineer,Owen Trask,1,1,False,0
linkedin.com/in/joaquin-zettergren-9789,profile_url,joaquin zettergren,·Joaquín Zettergren,linkedin.com/in/joaquin-zettergren-9789,Quintrell Advisory,VP Data & Analytics,Tomás Beckett,1,1,False,0
linkedin.com/in/joaquin-zubkov-9237,profile_url,joaquin zubkov,·Joaquín Zubkov,linkedin.com/in/joaquin-zubkov-9237,Inglenook Bakery,Chief Operating Officer,Dana Whitfield,1,1,False,0
linkedin.com/in/kian-achterberg-6785,profile_url,kian achterberg,Kian Achterberg,linkedin.com/in/kian-achterberg-6785,Corbridge Realty,Director of Software Engineering,Priya Raghunathan,1,1,False,0
linkedin.com/in/kian-achterberg-rushworth-3095,profile_url,kian achterberg rushworth,Kian Achterberg-Rushworth,linkedin.com/in/kian-achterberg-rushworth-3095,Pale Harbour Studio,"Senior Manager, Engineering",Elena Duvall,1,1,False,0
linkedin.com/in/kian-ashdown-1017,profile_url,kian ashdown,Kian Ashdown,linkedin.com/in/kian-ashdown-1017,Tannerly Design,SVP Digital,Priya Raghunathan,1,1,False,0
linkedin.com/in/kian-balogun-1895,profile_url,kian balogun,Kian Balogun,linkedin.com/in/kian-balogun-1895,Tannerly Design,Program Manager,Priya Raghunathan,1,1,False,0
linkedin.com/in/kian-bellinger-1002,profile_url,kian bellinger,Kian Bellinger,linkedin.com/in/kian-bellinger-1002,Tannerly Design,Principal Architect,Marcus Aldridge,1,1,False,0
linkedin.com/in/kian-brenneman-1557,profile_url,kian brenneman,Kian Brenneman,linkedin.com/in/kian-brenneman-1557,Bellchamber Media,Director of IT,Tomás Beckett,1,1,False,0
linkedin.com/in/kian-cardoso-5518,profile_url,kian cardoso,Kian Cardoso,linkedin.com/in/kian-cardoso-5518,Elmsworth Tutors,Chief Digital Officer,Tomás Beckett,1,1,False,0
linkedin.com/in/kian-cathcart-9919,profile_url,kian cathcart,Kian Cathcart,linkedin.com/in/kian-cathcart-9919,Pale Harbour Studio,Staff Engineer,Tomás Beckett,1,1,False,0
linkedin.com/in/kian-crowther-3632,profile_url,kian crowther,Kian Crowther,linkedin.com/in/kian-crowther-3632,Ondermark Consulting,Principal Architect,Dana Whitfield,1,1,False,0
linkedin.com/in/kian-dellinger-3075,profile_url,kian dellinger,Kian Dellinger,linkedin.com/in/kian-dellinger-3075,Ondermark Consulting,Product Director,Priya Raghunathan,1,1,False,0
linkedin.com/in/kian-dobrescu-4115,profile_url,kian dobrescu,Kian Dobrescu,linkedin.com/in/kian-dobrescu-4115,Xanthe Labs,Head of Developer Productivity,Dana Whitfield,1,1,False,0
linkedin.com/in/kian-drummond-8619,profile_url,kian drummond,Kian Drummond,linkedin.com/in/kian-drummond-8619,Ambrose Trading,Engineering Manager,Marcus Aldridge,1,1,False,0
linkedin.com/in/kian-eastcott-5553,profile_url,kian eastcott,Kian Eastcott,linkedin.com/in/kian-eastcott-5553,Tannerly Design,Chief Operating Officer,Marcus Aldridge,1,1,False,0
linkedin.com/in/kian-egerton-7618,profile_url,kian egerton,Kian Egerton,linkedin.com/in/kian-egerton-7618,Yardley Print,Director of IT,Marcus Aldridge,1,1,False,0
linkedin.com/in/kian-fairweather-5516,profile_url,kian fairweather,Kian Fairweather,linkedin.com/in/kian-fairweather-5516,Vespermill Analytics,Chief Data Officer,Tomás Beckett,1,1,False,0
linkedin.com/in/kian-falkenrath-4995,profile_url,kian falkenrath,Kian Falkenrath,linkedin.com/in/kian-falkenrath-4995,Ambrose Trading,VP Data & Analytics,Marcus Aldridge,1,1,False,0
linkedin.com/in/kian-ferreira-4370,profile_url,kian ferreira,Kian Ferreira,linkedin.com/in/kian-ferreira-4370,Highmoor Cycles,Engineering Manager,Tomás Beckett,1,1,False,0
linkedin.com/in/kian-fontaine-7617,profile_url,kian fontaine,Kian Fontaine,linkedin.com/in/kian-fontaine-7617,Whitlock Staffing,Chief Operating Officer,Tomás Beckett,1,1,False,0
linkedin.com/in/kian-gluckstein-7482,profile_url,kian gluckstein,Kian Glückstein,linkedin.com/in/kian-gluckstein-7482,Corbridge Realty,Staff Engineer,Marcus Aldridge,1,1,False,0
linkedin.com/in/kian-gluckstein-havercamp-1891,profile_url,kian gluckstein havercamp,Kian Glückstein-Havercamp,linkedin.com/in/kian-gluckstein-havercamp-1891,Vespermill Analytics,Principal Architect,Owen Trask,1,1,False,0
linkedin.com/in/kian-grimsby-8151,profile_url,kian grimsby,Kian Grimsby,linkedin.com/in/kian-grimsby-8151,Xanthe Labs,Principal Architect,Marcus Aldridge,1,1,False,0
linkedin.com/in/kian-halloran-1133,profile_url,kian halloran,Kian Halloran,linkedin.com/in/kian-halloran-1133,Bellchamber Media,Chief Information Officer,Marcus Aldridge,1,1,False,0
name:kian hartigan,name_only,kian hartigan,Kian Hartigan,,Tannerly Design,Director of IT,Marcus Aldridge,1,1,False,1
linkedin.com/in/kian-havercamp-9273,profile_url,kian havercamp,Kian Havercamp,linkedin.com/in/kian-havercamp-9273,Xanthe Labs,Principal Architect,Dana Whitfield,1,1,False,0
linkedin.com/in/kian-havercamp-zubkov-8985,profile_url,kian havercamp zubkov,Kian Havercamp-Zubkov,linkedin.com/in/kian-havercamp-zubkov-8985,Pale Harbour Studio,Head of Automation,Tomás Beckett,1,1,False,0
linkedin.com/in/kian-hojgaard-9661,profile_url,kian hojgaard,Kian Højgaard,linkedin.com/in/kian-hojgaard-9661,Dunmowe Travel,Head of Innovation,Dana Whitfield,1,1,False,0
linkedin.com/in/kian-hojgaard-isenberg-2937,profile_url,kian hojgaard isenberg,Kian Højgaard-Isenberg,linkedin.com/in/kian-hojgaard-isenberg-2937,Highmoor Cycles,Program Manager,Elena Duvall,1,1,False,0
linkedin.com/in/kian-hojgaard-rushworth-7434,profile_url,kian hojgaard rushworth,Kian Højgaard-Rushworth,linkedin.com/in/kian-hojgaard-rushworth-7434,Ambrose Trading,Staff Engineer,Elena Duvall,1,1,False,0
linkedin.com/in/kian-ibarra-5504,profile_url,kian ibarra,Kian Ibarra,linkedin.com/in/kian-ibarra-5504,Garrowby Books,Head of Developer Productivity,Marcus Aldridge,1,1,False,0
linkedin.com/in/kian-ingleby-6214,profile_url,kian ingleby,Kian Ingleby,linkedin.com/in/kian-ingleby-6214,Inglenook Bakery,Program Manager,Dana Whitfield,1,1,False,0
linkedin.com/in/kian-isenberg-2525,profile_url,kian isenberg,Kian Isenberg,linkedin.com/in/kian-isenberg-2525,Garrowby Books,Staff Engineer,Dana Whitfield,1,1,False,0
linkedin.com/in/kian-jarrold-3289,profile_url,kian jarrold,Kian Jarrold,linkedin.com/in/kian-jarrold-3289,Yardley Print,Head of Automation,Tomás Beckett,1,1,False,0
linkedin.com/in/kian-jarrold-egerton-2398,profile_url,kian jarrold egerton,Kian Jarrold-Egerton,linkedin.com/in/kian-jarrold-egerton-2398,Inglenook Bakery,Product Director,Tomás Beckett,1,1,False,0
linkedin.com/in/kian-kettleborough-8034,profile_url,kian kettleborough,Kian Kettleborough,linkedin.com/in/kian-kettleborough-8034,Tannerly Design,Chief Information Officer,Marcus Aldridge,1,1,False,0
linkedin.com/in/kian-kirkbride-5869,profile_url,kian kirkbride,Kian Kirkbride,linkedin.com/in/kian-kirkbride-5869,Dunmowe Travel,Program Manager,Marcus Aldridge,1,1,False,0
linkedin.com/in/kian-lindqvist-9570,profile_url,kian lindqvist,Kian Lindqvist,linkedin.com/in/kian-lindqvist-9570,Highmoor Cycles,Chief Digital Officer,Marcus Aldridge,1,1,False,0
name:kian lomsadze,name_only,kian lomsadze,Kian Lomsadze,,Dunmowe Travel,Director of IT,Marcus Aldridge,1,1,False,1
linkedin.com/in/kian-lomsadze-salcedo-4751,profile_url,kian lomsadze salcedo,Kian Lomsadze-Salcedo,linkedin.com/in/kian-lomsadze-salcedo-4751,Yardley Print,Head of Automation,Tomás Beckett,1,1,False,0
linkedin.com/in/kian-marchetti-5726,profile_url,kian marchetti,Kian Marchetti,linkedin.com/in/kian-marchetti-5726,Rooksby Legal,Product Director,Marcus Aldridge,1,1,False,0
linkedin.com/in/kian-merriweather-1966,profile_url,kian merriweather,Kian Merriweather,linkedin.com/in/kian-merriweather-1966,Quillon Pharma,VP Engineering,Elena Duvall; Owen Trask,2,1,False,0
linkedin.com/in/kian-mkhize-5310,profile_url,kian mkhize,Kian Mkhize,linkedin.com/in/kian-mkhize-5310,Ambrose Trading,Platform Lead,Priya Raghunathan,1,1,False,0
linkedin.com/in/kian-nakashima-2498,profile_url,kian nakashima,Kian Nakashima,linkedin.com/in/kian-nakashima-2498,Elmsworth Tutors,Program Manager,Dana Whitfield,1,1,False,0
linkedin.com/in/kian-norrington-4739,profile_url,kian norrington,Kian Norrington,linkedin.com/in/kian-norrington-4739,Ambrose Trading,Principal Architect,Tomás Beckett,1,1,False,0
linkedin.com/in/kian-okonkwo-7077,profile_url,kian okonkwo,Kian Okonkwo,linkedin.com/in/kian-okonkwo-7077,Quintrell Advisory,VP Data & Analytics,Priya Raghunathan,1,1,False,0
linkedin.com/in/kian-oldfield-6266,profile_url,kian oldfield,Kian Oldfield,linkedin.com/in/kian-oldfield-6266,Corbridge Realty,"Senior Manager, Engineering",Marcus Aldridge,1,1,False,0
linkedin.com/in/kian-oyelaran-6418,profile_url,kian oyelaran,Kian Oyelaran,linkedin.com/in/kian-oyelaran-6418,Ondermark Consulting,Staff Engineer,Priya Raghunathan,1,1,False,0
linkedin.com/in/kian-petrossian-3561,profile_url,kian petrossian,Kian Petrossian,linkedin.com/in/kian-petrossian-3561,Ondermark Consulting,SVP Digital,Marcus Aldridge,1,1,False,0
linkedin.com/in/kian-prendergast-6273,profile_url,kian prendergast,Kian Prendergast,linkedin.com/in/kian-prendergast-6273,Elmsworth Tutors,Product Director,Tomás Beckett,1,1,False,0
name:kian quillane,name_only,kian quillane,Kian Quillane,,Dunmowe Travel,Head of Automation,Tomás Beckett,1,1,False,1
linkedin.com/in/kian-quillane-petrossian-2244,profile_url,kian quillane petrossian,Kian Quillane-Petrossian,linkedin.com/in/kian-quillane-petrossian-2244,Yardley Print,Platform Lead,Owen Trask,1,1,False,0
linkedin.com/in/kian-rushworth-9517,profile_url,kian rushworth,Kian Rushworth,linkedin.com/in/kian-rushworth-9517,Elmsworth Tutors,Staff Engineer,Marcus Aldridge,1,1,False,0
linkedin.com/in/kian-rushworth-brenneman-1389,profile_url,kian rushworth brenneman,Kian Rushworth-Brenneman,linkedin.com/in/kian-rushworth-brenneman-1389,Underwood & Vale,Chief Information Officer,Owen Trask,1,1,False,0
linkedin.com/in/kian-salcedo-4667,profile_url,kian salcedo,Kian Salcedo,linkedin.com/in/kian-salcedo-4667,Highmoor Cycles,Platform Lead,Marcus Aldridge,1,1,False,0
linkedin.com/in/kian-salcedo-lomsadze-8884,profile_url,kian salcedo lomsadze,Kian Salcedo-Lomsadze,linkedin.com/in/kian-salcedo-lomsadze-8884,Ondermark Consulting,Chief Information Officer,Tomás Beckett,1,1,False,0
linkedin.com/in/kian-sandoval-2008,profile_url,kian sandoval,Kian Sandoval,linkedin.com/in/kian-sandoval-2008,Rooksby Legal,"Senior Manager, Engineering",Tomás Beckett,1,1,False,0
linkedin.com/in/kian-thackeray-3889,profile_url,kian thackeray,Kian Thackeray,linkedin.com/in/kian-thackeray-3889,Rooksby Legal,SVP Digital,Dana Whitfield,1,1,False,0
linkedin.com/in/kian-thackeray-okonkwo-3476,profile_url,kian thackeray okonkwo,Kian Thackeray-Okonkwo,linkedin.com/in/kian-thackeray-okonkwo-3476,Garrowby Books,Head of Innovation,Tomás Beckett,1,1,False,0
linkedin.com/in/kian-underhill-7707,profile_url,kian underhill,Kian Underhill,linkedin.com/in/kian-underhill-7707,Quintrell Advisory,"Senior Manager, Engineering",Tomás Beckett,1,1,False,0
linkedin.com/in/kian-vandermolen-2268,profile_url,kian vandermolen,Kian Vandermolen,linkedin.com/in/kian-vandermolen-2268,Vespermill Analytics,Staff Engineer,Priya Raghunathan,1,1,False,0
linkedin.com/in/kian-vasquez-4243,profile_url,kian vasquez,Kian Vasquez,linkedin.com/in/kian-vasquez-4243,Vespermill Analytics,Staff Engineer,Dana Whitfield,1,1,False,0
linkedin.com/in/kian-wexford-2865,profile_url,kian wexford,Kian Wexford,linkedin.com/in/kian-wexford-2865,Bellchamber Media,Director of IT,Dana Whitfield,1,1,False,0
linkedin.com/in/kian-wolstenholme-7056,profile_url,kian wolstenholme,Kian Wolstenholme,linkedin.com/in/kian-wolstenholme-7056,Zenner Foods,Head of Developer Productivity,Marcus Aldridge,1,1,False,0
linkedin.com/in/kian-yarrow-6985,profile_url,kian yarrow,Kian Yarrow,linkedin.com/in/kian-yarrow-6985,Vespermill Analytics,Platform Lead,Priya Raghunathan,1,1,False,0
linkedin.com/in/kian-zettergren-2307,profile_url,kian zettergren,Kian Zettergren,linkedin.com/in/kian-zettergren-2307,Ondermark Consulting,SVP Digital,Marcus Aldridge,1,1,False,0
linkedin.com/in/kian-zubkov-6946,profile_url,kian zubkov,Kian Zubkov,linkedin.com/in/kian-zubkov-6946,Xanthe Labs,Chief Information Officer,Dana Whitfield,1,1,False,0
linkedin.com/in/kofi-achterberg-5287,profile_url,kofi achterberg,Kofi Achterberg,linkedin.com/in/kofi-achterberg-5287,Dunmowe Travel,Product Director,Marcus Aldridge,1,1,False,0
linkedin.com/in/kofi-achterberg-merriweather-5338,profile_url,kofi achterberg merriweather,Kofi Achterberg-Merriweather,linkedin.com/in/kofi-achterberg-merriweather-5338,Pale Harbour Studio,VP Enterprise Architecture,Elena Duvall,1,1,False,0
linkedin.com/in/kofi-achterberg-underhill-7065,profile_url,kofi achterberg underhill,Kofi Achterberg-Underhill,linkedin.com/in/kofi-achterberg-underhill-7065,Underwood & Vale,"Senior Manager, Engineering",Elena Duvall,1,1,False,0
linkedin.com/in/kofi-ashdown-4975,profile_url,kofi ashdown,Kofi Ashdown,linkedin.com/in/kofi-ashdown-4975,Garrowby Books,Platform Lead,Marcus Aldridge,1,1,False,0
linkedin.com/in/kofi-balogun-6703,profile_url,kofi balogun,Kofi Balogun,linkedin.com/in/kofi-balogun-6703,Quintrell Advisory,Head of Automation,Marcus Aldridge,1,1,False,0
linkedin.com/in/kofi-balogun-isenberg-5891,profile_url,kofi balogun isenberg,Kofi Balogun-Isenberg,linkedin.com/in/kofi-balogun-isenberg-5891,Zenner Foods,VP Data & Analytics,Owen Trask,1,1,False,0
linkedin.com/in/kofi-bellinger-9054,profile_url,kofi bellinger,Kofi Bellinger,linkedin.com/in/kofi-bellinger-9054,Yardley Print,Staff Engineer,Dana Whitfield,1,1,False,0
linkedin.com/in/kofi-brenneman-4498,profile_url,kofi brenneman,Kofi Brenneman,linkedin.com/in/kofi-brenneman-4498,Vespermill Analytics,Chief Technology Officer,Marcus Aldridge,1,1,False,0
linkedin.com/in/kofi-cardoso-3873,profile_url,kofi cardoso,Kofi Cardoso,linkedin.com/in/kofi-cardoso-3873,Pale Harbour Studio,Head of Automation,Priya Raghunathan,1,1,False,0
linkedin.com/in/kofi-cathcart-7352,profile_url,kofi cathcart,Kofi Cathcart,linkedin.com/in/kofi-cathcart-7352,Corbridge Realty,Staff Engineer,Dana Whitfield,1,1,False,0
linkedin.com/in/kofi-crowther-8076,profile_url,kofi crowther,Kofi Crowther,linkedin.com/in/kofi-crowther-8076,Pale Harbour Studio,Principal Architect,Tomás Beckett,1,1,False,0
linkedin.com/in/kofi-dellinger-9305,profile_url,kofi dellinger,Kofi Dellinger,linkedin.com/in/kofi-dellinger-9305,Highmoor Cycles,Chief Digital Officer,Dana Whitfield,1,1,False,0
linkedin.com/in/kofi-dobrescu-2850,profile_url,kofi dobrescu,Kofi Dobrescu,linkedin.com/in/kofi-dobrescu-2850,Highmoor Cycles,Engineering Manager,Marcus Aldridge,1,1,False,0
linkedin.com/in/kofi-drummond-5010,profile_url,kofi drummond,Kofi Drummond,linkedin.com/in/kofi-drummond-5010,Rooksby Legal,VP Enterprise Architecture,Tomás Beckett,1,1,False,0
linkedin.com/in/kofi-drummond-lindqvist-2242,profile_url,kofi drummond lindqvist,Kofi Drummond-Lindqvist,linkedin.com/in/kofi-drummond-lindqvist-2242,Inglenook Bakery,VP Data & Analytics,Tomás Beckett,1,1,False,0
linkedin.com/in/kofi-eastcott-7159,profile_url,kofi eastcott,Kofi Eastcott,linkedin.com/in/kofi-eastcott-7159,Yardley Print,Head of Automation,Marcus Aldridge,1,1,False,0
linkedin.com/in/kofi-egerton-5371,profile_url,kofi egerton,Kofi Egerton,linkedin.com/in/kofi-egerton-5371,Ondermark Consulting,Program Manager,Marcus Aldridge,1,1,False,0
linkedin.com/in/kofi-egerton-isenberg-5291,profile_url,kofi egerton isenberg,Kofi Egerton-Isenberg,linkedin.com/in/kofi-egerton-isenberg-5291,Underwood & Vale,SVP Digital,Elena Duvall,1,1,False,0
linkedin.com/in/kofi-fairweather-6370,profile_url,kofi fairweather,Kofi Fairweather,linkedin.com/in/kofi-fairweather-6370,Underwood & Vale,Platform Lead,Marcus Aldridge,1,1,False,0
linkedin.com/in/kofi-falkenrath-3818,profile_url,kofi falkenrath,Kofi Falkenrath,linkedin.com/in/kofi-falkenrath-3818,Inglenook Bakery,Engineering Manager,Priya Raghunathan,1,1,False,0
linkedin.com/in/kofi-falkenrath-gluckstein-5857,profile_url,kofi falkenrath gluckstein,Kofi Falkenrath-Glückstein,linkedin.com/in/kofi-falkenrath-gluckstein-5857,Underwood & Vale,Head of Innovation,Tomás Beckett,1,1,False,0
linkedin.com/in/kofi-ferreira-1707,profile_url,kofi ferreira,Kofi Ferreira,linkedin.com/in/kofi-ferreira-1707,Bellchamber Media,Director of IT,Priya Raghunathan,1,1,False,0
linkedin.com/in/kofi-fontaine-9662,profile_url,kofi fontaine,Kofi Fontaine,linkedin.com/in/kofi-fontaine-9662,Elmsworth Tutors,Head of Developer Productivity,Priya Raghunathan,1,1,False,0
linkedin.com/in/kofi-fontaine-dellinger-7820,profile_url,kofi fontaine dellinger,Kofi Fontaine-Dellinger,linkedin.com/in/kofi-fontaine-dellinger-7820,Ambrose Trading,"Senior Manager, Engineering",Elena Duvall,1,1,False,0
linkedin.com/in/kofi-fontaine-quillane-7529,profile_url,kofi fontaine quillane,Kofi Fontaine-Quillane,linkedin.com/in/kofi-fontaine-quillane-7529,Whitlock Staffing,VP Data & Analytics,Tomás Beckett,1,1,False,0
linkedin.com/in/kofi-gluckstein-2745,profile_url,kofi gluckstein,Kofi Glückstein,linkedin.com/in/kofi-gluckstein-2745,Whitlock Staffing,Platform Lead,Tomás Beckett,1,1,False,0
linkedin.com/in/kofi-grimsby-9313,profile_url,kofi grimsby,Kofi Grimsby,linkedin.com/in/kofi-grimsby-9313,Elmsworth Tutors,Program Manager,Dana Whitfield,1,1,False,0
name:kofi halloran,name_only,kofi halloran,Kofi Halloran,,Fairbourne Fitness,Program Manager,Marcus Aldridge,1,1,False,1
linkedin.com/in/kofi-hartigan-1461,profile_url,kofi hartigan,Kofi Hartigan,linkedin.com/in/kofi-hartigan-1461,Rooksby Legal,Chief Technology Officer,Dana Whitfield,1,1,False,0
linkedin.com/in/kofi-havercamp-6934,profile_url,kofi havercamp,Kofi Havercamp,linkedin.com/in/kofi-havercamp-6934,Elmsworth Tutors,Platform Lead,Priya Raghunathan,1,1,False,0
linkedin.com/in/kofi-hojgaard-9808,profile_url,kofi hojgaard,Kofi Højgaard,linkedin.com/in/kofi-hojgaard-9808,Underwood & Vale,Engineering Manager,Tomás Beckett,1,1,False,0
linkedin.com/in/kofi-ibarra-1734,profile_url,kofi ibarra,Kofi Ibarra,linkedin.com/in/kofi-ibarra-1734,Highmoor Cycles,VP Engineering,Dana Whitfield,1,1,False,0
linkedin.com/in/kofi-ingleby-2967,profile_url,kofi ingleby,Kofi Ingleby,linkedin.com/in/kofi-ingleby-2967,Bellchamber Media,Chief Digital Officer,Tomás Beckett,1,1,False,0
name:kofi isenberg,name_only,kofi isenberg,Kofi Isenberg,,Dunmowe Travel,Head of Innovation,Tomás Beckett,1,1,False,1
linkedin.com/in/kofi-jarrold-1720,profile_url,kofi jarrold,Kofi Jarrold,linkedin.com/in/kofi-jarrold-1720,Marchford Clinics,Chief Information Officer,Marcus Aldridge,1,1,False,0
linkedin.com/in/kofi-kettleborough-3544,profile_url,kofi kettleborough,Kofi Kettleborough,linkedin.com/in/kofi-kettleborough-3544,Dunmowe Travel,Head of Innovation,Dana Whitfield,1,1,False,0
linkedin.com/in/kofi-kirkbride-6064,profile_url,kofi kirkbride,Kofi Kirkbride,linkedin.com/in/kofi-kirkbride-6064,Elmsworth Tutors,Chief Digital Officer,Priya Raghunathan,1,1,False,0
name:kofi kirkbride okonkwo,name_only,kofi kirkbride okonkwo,Kofi Kirkbride-Okonkwo,,Yardley Print,"Senior Manager, Engineering",Owen Trask,1,1,False,1
linkedin.com/in/kofi-lindqvist-2809,profile_url,kofi lindqvist,Kofi Lindqvist,linkedin.com/in/kofi-lindqvist-2809,Elmsworth Tutors,VP Data & Analytics,Dana Whitfield,1,1,False,0
linkedin.com/in/kofi-lomsadze-6064,profile_url,kofi lomsadze,Kofi Lomsadze,linkedin.com/in/kofi-lomsadze-6064,Rooksby Legal,Platform Lead,Marcus Aldridge,1,1,False,0
name:kofi marchetti,name_only,kofi marchetti,Kofi Marchetti,,Garrowby Books,Product Director,Dana Whitfield,1,1,False,1
linkedin.com/in/kofi-marchetti-bellinger-4051,profile_url,kofi marchetti bellinger,Kofi Marchetti-Bellinger,linkedin.com/in/kofi-marchetti-bellinger-4051,Tannerly Design,Head of Developer Productivity,Elena Duvall,1,1,False,0
name:kofi merriweather,name_only,kofi merriweather,Kofi Merriweather,,Xanthe Labs,"Senior Manager, Engineering",Dana Whitfield,1,1,False,1
linkedin.com/in/kofi-mkhize-4785,profile_url,kofi mkhize,Kofi Mkhize,linkedin.com/in/kofi-mkhize-4785,Kingsmere Retail Group,VP Engineering,Owen Trask; Tomás Beckett,2,1,False,0
linkedin.com/in/kofi-nakashima-5282,profile_url,kofi nakashima,Kofi Nakashima,linkedin.com/in/kofi-nakashima-5282,Ambrose Trading,VP Data & Analytics,Tomás Beckett,1,1,False,0
linkedin.com/in/kofi-nakashima-salcedo-6239,profile_url,kofi nakashima salcedo,Kofi Nakashima-Salcedo,linkedin.com/in/kofi-nakashima-salcedo-6239,Highmoor Cycles,VP Data & Analytics,Owen Trask,1,1,False,0
linkedin.com/in/kofi-norrington-8748,profile_url,kofi norrington,Kofi Norrington,linkedin.com/in/kofi-norrington-8748,Highmoor Cycles,"Senior Manager, Engineering",Dana Whitfield,1,1,False,0
linkedin.com/in/kofi-okonkwo-4518,profile_url,kofi okonkwo,Kofi Okonkwo,linkedin.com/in/kofi-okonkwo-4518,Corbridge Realty,Head of Automation,Dana Whitfield,1,1,False,0
linkedin.com/in/kofi-oldfield-8235,profile_url,kofi oldfield,Kofi Oldfield,linkedin.com/in/kofi-oldfield-8235,Bellchamber Media,Engineering Manager,Priya Raghunathan,1,1,False,0
linkedin.com/in/kofi-oyelaran-3938,profile_url,kofi oyelaran,Kofi Oyelaran,linkedin.com/in/kofi-oyelaran-3938,Quintrell Advisory,VP Data & Analytics,Dana Whitfield,1,1,False,0
linkedin.com/in/kofi-petrossian-2435,profile_url,kofi petrossian,Kofi Petrossian,linkedin.com/in/kofi-petrossian-2435,Xanthe Labs,Program Manager,Marcus Aldridge,1,1,False,0
name:kofi prendergast,name_only,kofi prendergast,Kofi Prendergast,,Whitlock Staffing,"Senior Manager, Engineering",Dana Whitfield,1,1,False,1
linkedin.com/in/kofi-quillane-3860,profile_url,kofi quillane,Kofi Quillane,linkedin.com/in/kofi-quillane-3860,Whitlock Staffing,VP Engineering,Marcus Aldridge,1,1,False,0
name:kofi quillane eastcott,name_only,kofi quillane eastcott,Kofi Quillane-Eastcott,,Quintrell Advisory,Product Director,Owen Trask,1,1,False,1
linkedin.com/in/kofi-quillane-kettleborough-1595,profile_url,kofi quillane kettleborough,Kofi Quillane-Kettleborough,linkedin.com/in/kofi-quillane-kettleborough-1595,Whitlock Staffing,Program Manager,Owen Trask,1,1,False,0
linkedin.com/in/kofi-rushworth-7164,profile_url,kofi rushworth,Kofi Rushworth,linkedin.com/in/kofi-rushworth-7164,Ondermark Consulting,Head of Innovation,Tomás Beckett,1,1,False,0
linkedin.com/in/kofi-salcedo-7745,profile_url,kofi salcedo,Kofi Salcedo,linkedin.com/in/kofi-salcedo-7745,Elmsworth Tutors,Staff Engineer,Marcus Aldridge,1,1,False,0
name:kofi salcedo vandermolen,name_only,kofi salcedo vandermolen,Kofi Salcedo-Vandermolen,,Underwood & Vale,Head of Innovation,Elena Duvall,1,1,False,1
linkedin.com/in/kofi-sandoval-8520,profile_url,kofi sandoval,Kofi Sandoval,linkedin.com/in/kofi-sandoval-8520,Bellchamber Media,Chief Technology Officer,Priya Raghunathan,1,1,False,0
linkedin.com/in/kofi-thackeray-5593,profile_url,kofi thackeray,Kofi Thackeray,linkedin.com/in/kofi-thackeray-5593,Corbridge Realty,Director of Software Engineering,Tomás Beckett,1,1,False,0
linkedin.com/in/kofi-thackeray-gluckstein-4976,profile_url,kofi thackeray gluckstein,Kofi Thackeray-Glückstein,linkedin.com/in/kofi-thackeray-gluckstein-4976,Vespermill Analytics,Engineering Manager,Tomás Beckett,1,1,False,0
linkedin.com/in/kofi-underhill-6265,profile_url,kofi underhill,Kofi Underhill,linkedin.com/in/kofi-underhill-6265,Dunmowe Travel,Director of Software Engineering,Marcus Aldridge,1,1,False,0
linkedin.com/in/kofi-vandermolen-5726,profile_url,kofi vandermolen,Kofi Vandermolen,linkedin.com/in/kofi-vandermolen-5726,Ambrose Trading,VP Data & Analytics,Marcus Aldridge,1,1,False,0
linkedin.com/in/kofi-vasquez-2369,profile_url,kofi vasquez,Kofi Vasquez,linkedin.com/in/kofi-vasquez-2369,Underwood & Vale,Director of IT,Tomás Beckett,1,1,False,0
linkedin.com/in/kofi-wexford-4244,profile_url,kofi wexford,Kofi Wexford,linkedin.com/in/kofi-wexford-4244,Whitlock Staffing,Director of Software Engineering,Tomás Beckett,1,1,False,0
linkedin.com/in/kofi-wexford-brenneman-3691,profile_url,kofi wexford brenneman,Kofi Wexford-Brenneman,linkedin.com/in/kofi-wexford-brenneman-3691,Tannerly Design,Product Director,Tomás Beckett,1,1,False,0
linkedin.com/in/kofi-wolstenholme-1166,profile_url,kofi wolstenholme,Kofi Wolstenholme,linkedin.com/in/kofi-wolstenholme-1166,Dunmowe Travel,Product Director,Marcus Aldridge,1,1,False,0
linkedin.com/in/kofi-wolstenholme-havercamp-1446,profile_url,kofi wolstenholme havercamp,Kofi Wolstenholme-Havercamp,linkedin.com/in/kofi-wolstenholme-havercamp-1446,Elmsworth Tutors,Principal Architect,Tomás Beckett,1,1,False,0
linkedin.com/in/kofi-yarrow-3912,profile_url,kofi yarrow,Kofi Yarrow,linkedin.com/in/kofi-yarrow-3912,Yardley Print,Staff Engineer,Marcus Aldridge,1,1,False,0
linkedin.com/in/kofi-zettergren-8125,profile_url,kofi zettergren,Kofi Zettergren,linkedin.com/in/kofi-zettergren-8125,Ambrose Trading,"Senior Manager, Engineering",Dana Whitfield,1,1,False,0
linkedin.com/in/kofi-zettergren-sandoval-8262,profile_url,kofi zettergren sandoval,Kofi Zettergren-Sandoval,linkedin.com/in/kofi-zettergren-sandoval-8262,Highmoor Cycles,Staff Engineer,Tomás Beckett,1,1,False,0
name:kofi zubkov,name_only,kofi zubkov,Kofi Zubkov,,Corbridge Realty,Platform Lead,Tomás Beckett,1,1,False,1
linkedin.com/in/kofi-zubkov-gluckstein-3543,profile_url,kofi zubkov gluckstein,Kofi Zubkov-Glückstein,linkedin.com/in/kofi-zubkov-gluckstein-3543,Garrowby Books,Program Manager,Elena Duvall,1,1,False,0
linkedin.com/in/kofi-zubkov-norrington-6944,profile_url,kofi zubkov norrington,Kofi Zubkov-Norrington,linkedin.com/in/kofi-zubkov-norrington-6944,Pale Harbour Studio,Staff Engineer,Elena Duvall,1,1,False,0
linkedin.com/in/kwame-achterberg-1302,profile_url,kwame achterberg,Kwame Achterberg,linkedin.com/in/kwame-achterberg-1302,Bexley Bioworks,Head of Platform Engineering,Elena Duvall,1,1,False,0
linkedin.com/in/kwame-ashdown-2811,profile_url,kwame ashdown,Kwame Ashdown,linkedin.com/in/kwame-ashdown-2811,Rooksby Legal,VP Enterprise Architecture,Priya Raghunathan,1,1,False,0
linkedin.com/in/kwame-balogun-2627,profile_url,kwame balogun,Kwame Balogun,linkedin.com/in/kwame-balogun-2627,Fairbourne Fitness,Director of IT,Priya Raghunathan,1,1,False,0
linkedin.com/in/kwame-balogun-bellinger-7256,profile_url,kwame balogun bellinger,Kwame Balogun-Bellinger,linkedin.com/in/kwame-balogun-bellinger-7256,Xanthe Labs,Director of IT,Tomás Beckett,1,1,False,0
linkedin.com/in/kwame-balogun-dellinger-8632,profile_url,kwame balogun dellinger,Kwame Balogun-Dellinger,linkedin.com/in/kwame-balogun-dellinger-8632,Highmoor Cycles,Head of Innovation,Tomás Beckett,1,1,False,0
linkedin.com/in/kwame-balogun-ibarra-9141,profile_url,kwame balogun ibarra,Kwame Balogun-Ibarra,linkedin.com/in/kwame-balogun-ibarra-9141,Ondermark Consulting,"Senior Manager, Engineering",Tomás Beckett,1,1,False,0
linkedin.com/in/kwame-bellinger-8953,profile_url,kwame bellinger,Kwame Bellinger,linkedin.com/in/kwame-bellinger-8953,Fairbourne Fitness,Chief Data Officer,Marcus Aldridge,1,1,False,0
linkedin.com/in/kwame-brenneman-4374,profile_url,kwame brenneman,Kwame Brenneman,linkedin.com/in/kwame-brenneman-4374,Highmoor Cycles,Staff Engineer,Priya Raghunathan,1,1,False,0
linkedin.com/in/kwame-cardoso-4240,profile_url,kwame cardoso,Kwame Cardoso,linkedin.com/in/kwame-cardoso-4240,Dunmowe Travel,Director of IT,Marcus Aldridge,1,1,False,0
linkedin.com/in/kwame-cathcart-2857,profile_url,kwame cathcart,Kwame Cathcart,linkedin.com/in/kwame-cathcart-2857,Zenner Foods,Principal Architect,Dana Whitfield,1,1,False,0
linkedin.com/in/kwame-crowther-2210,profile_url,kwame crowther,Kwame Crowther,linkedin.com/in/kwame-crowther-2210,Bellchamber Media,Product Director,Dana Whitfield,1,1,False,0
linkedin.com/in/kwame-crowther-dellinger-7996,profile_url,kwame crowther dellinger,Kwame Crowther-Dellinger,linkedin.com/in/kwame-crowther-dellinger-7996,Bellchamber Media,Staff Engineer,Elena Duvall,1,1,False,0
linkedin.com/in/kwame-crowther-kirkbride-7280,profile_url,kwame crowther kirkbride,Kwame Crowther-Kirkbride,linkedin.com/in/kwame-crowther-kirkbride-7280,Corbridge Realty,Product Director,Elena Duvall,1,1,False,0
linkedin.com/in/kwame-dellinger-5680,profile_url,kwame dellinger,Kwame Dellinger,linkedin.com/in/kwame-dellinger-5680,Elmsworth Tutors,Director of Software Engineering,Tomás Beckett,1,1,False,0
name:kwame dellinger oyelaran,name_only,kwame dellinger oyelaran,Kwame Dellinger-Oyelaran,,Fairbourne Fitness,Head of Platform Engineering,Tomás Beckett,1,1,False,1
name:kwame dobrescu,name_only,kwame dobrescu,Kwame Dobrescu,,Bellchamber Media,Head of Innovation,Priya Raghunathan,1,1,False,1
linkedin.com/in/kwame-dobrescu-kirkbride-2396,profile_url,kwame dobrescu kirkbride,Kwame Dobrescu-Kirkbride,linkedin.com/in/kwame-dobrescu-kirkbride-2396,Elmsworth Tutors,Engineering Manager,Elena Duvall,1,1,False,0
linkedin.com/in/kwame-drummond-2439,profile_url,kwame drummond,Kwame Drummond,linkedin.com/in/kwame-drummond-2439,Highmoor Cycles,SVP Digital,Marcus Aldridge,1,1,False,0
name:kwame eastcott,name_only,kwame eastcott,Kwame Eastcott,,Bellchamber Media,Principal Architect,Marcus Aldridge,1,1,False,1
linkedin.com/in/kwame-eastcott-gluckstein-9882,profile_url,kwame eastcott gluckstein,Kwame Eastcott-Glückstein,linkedin.com/in/kwame-eastcott-gluckstein-9882,Inglenook Bakery,Platform Lead,Owen Trask,1,1,False,0
linkedin.com/in/kwame-egerton-5777,profile_url,kwame egerton,Kwame Egerton,linkedin.com/in/kwame-egerton-5777,Ondermark Consulting,Director of IT,Priya Raghunathan,1,1,False,0
linkedin.com/in/kwame-fairweather-7908,profile_url,kwame fairweather,Kwame Fairweather,linkedin.com/in/kwame-fairweather-7908,Pale Harbour Studio,SVP Digital,Priya Raghunathan,1,1,False,0
linkedin.com/in/kwame-falkenrath-4064,profile_url,kwame falkenrath,Kwame Falkenrath,linkedin.com/in/kwame-falkenrath-4064,Pale Harbour Studio,"Senior Manager, Engineering",Marcus Aldridge,1,1,False,0
linkedin.com/in/kwame-ferreira-4406,profile_url,kwame ferreira,Kwame Ferreira,linkedin.com/in/kwame-ferreira-4406,Zenner Foods,Head of Automation,Tomás Beckett,1,1,False,0
name:kwame ferreira marchetti,name_only,kwame ferreira marchetti,Kwame Ferreira-Marchetti,,Ondermark Consulting,Head of Automation,Elena Duvall,1,1,False,1
name:kwame fontaine,name_only,kwame fontaine,Kwame Fontaine,,Vespermill Analytics,Principal Architect,Marcus Aldridge,1,1,False,1
linkedin.com/in/kwame-fontaine-quillane-7265,profile_url,kwame fontaine quillane,Kwame Fontaine-Quillane,linkedin.com/in/kwame-fontaine-quillane-7265,Quintrell Advisory,Program Manager,Tomás Beckett,1,1,False,0
linkedin.com/in/kwame-gluckstein-7987,profile_url,kwame gluckstein,Kwame Glückstein,linkedin.com/in/kwame-gluckstein-7987,Xanthe Labs,Product Director,Priya Raghunathan,1,1,False,0
linkedin.com/in/kwame-grimsby-2008,profile_url,kwame grimsby,Kwame Grimsby,linkedin.com/in/kwame-grimsby-2008,Elmsworth Tutors,Head of Innovation,Marcus Aldridge,1,1,False,0
linkedin.com/in/kwame-halloran-9371,profile_url,kwame halloran,Kwame Halloran,linkedin.com/in/kwame-halloran-9371,Vespermill Analytics,Director of IT,Marcus Aldridge,1,1,False,0
linkedin.com/in/kwame-hartigan-9074,profile_url,kwame hartigan,Kwame Hartigan,linkedin.com/in/kwame-hartigan-9074,Highmoor Cycles,Director of Software Engineering,Marcus Aldridge,1,1,False,0
linkedin.com/in/kwame-havercamp-7622,profile_url,kwame havercamp,Kwame Havercamp,linkedin.com/in/kwame-havercamp-7622,Vespermill Analytics,Head of Automation,Priya Raghunathan,1,1,False,0
linkedin.com/in/kwame-hojgaard-4791,profile_url,kwame hojgaard,Kwame Højgaard,linkedin.com/in/kwame-hojgaard-4791,Bellchamber Media,Principal Architect,Marcus Aldridge,1,1,False,0
linkedin.com/in/kwame-ibarra-3375,profile_url,kwame ibarra,Kwame Ibarra,linkedin.com/in/kwame-ibarra-3375,Tannerly Design,VP Enterprise Architecture,Tomás Beckett,1,1,False,0
linkedin.com/in/kwame-ingleby-6312,profile_url,kwame ingleby,Kwame Ingleby,linkedin.com/in/kwame-ingleby-6312,Garrowby Books,Head of Platform Engineering,Marcus Aldridge,1,1,False,0
linkedin.com/in/kwame-isenberg-4633,profile_url,kwame isenberg,Kwame Isenberg,linkedin.com/in/kwame-isenberg-4633,Dunmowe Travel,Director of IT,Dana Whitfield,1,1,False,0
linkedin.com/in/kwame-isenberg-ashdown-7729,profile_url,kwame isenberg ashdown,Kwame Isenberg-Ashdown,linkedin.com/in/kwame-isenberg-ashdown-7729,Dunmowe Travel,Head of Platform Engineering,Tomás Beckett,1,1,False,0
linkedin.com/in/kwame-jarrold-6991,profile_url,kwame jarrold,Kwame Jarrold,linkedin.com/in/kwame-jarrold-6991,Ambrose Trading,Chief Technology Officer,Dana Whitfield,1,1,False,0
linkedin.com/in/kwame-kettleborough-4151,profile_url,kwame kettleborough,Kwame Kettleborough,linkedin.com/in/kwame-kettleborough-4151,Tannerly Design,Platform Lead,Tomás Beckett,1,1,False,0
linkedin.com/in/kwame-kettleborough-fairweather-4910,profile_url,kwame kettleborough fairweather,Kwame Kettleborough-Fairweather,linkedin.com/in/kwame-kettleborough-fairweather-4910,Xanthe Labs,Head of Automation,Elena Duvall,1,1,False,0
linkedin.com/in/kwame-kirkbride-1362,profile_url,kwame kirkbride,Kwame Kirkbride,linkedin.com/in/kwame-kirkbride-1362,Rooksby Legal,Staff Engineer,Priya Raghunathan,1,1,False,0
linkedin.com/in/kwame-lindqvist-5831,profile_url,kwame lindqvist,Kwame Lindqvist,linkedin.com/in/kwame-lindqvist-5831,Highmoor Cycles,Chief Operating Officer,Marcus Aldridge,1,1,False,0
linkedin.com/in/kwame-lomsadze-8064,profile_url,kwame lomsadze,Kwame Lomsadze,linkedin.com/in/kwame-lomsadze-8064,Quintrell Advisory,Staff Engineer,Priya Raghunathan,1,1,False,0
linkedin.com/in/kwame-marchetti-6249,profile_url,kwame marchetti,Kwame Marchetti,linkedin.com/in/kwame-marchetti-6249,Fairbourne Fitness,"Senior Manager, Engineering",Priya Raghunathan,1,1,False,0
linkedin.com/in/kwame-merriweather-9708,profile_url,kwame merriweather,Kwame Merriweather,linkedin.com/in/kwame-merriweather-9708,Ambrose Trading,Chief Information Officer,Priya Raghunathan,1,1,False,0
linkedin.com/in/kwame-mkhize-5823,profile_url,kwame mkhize,Kwame Mkhize,linkedin.com/in/kwame-mkhize-5823,Inglenook Bakery,"Senior Manager, Engineering",Marcus Aldridge,1,1,False,0
linkedin.com/in/kwame-nakashima-7807,profile_url,kwame nakashima,Kwame Nakashima,linkedin.com/in/kwame-nakashima-7807,Whitlock Staffing,Head of Innovation,Tomás Beckett,1,1,False,0
linkedin.com/in/kwame-nakashima-crowther-8021,profile_url,kwame nakashima crowther,Kwame Nakashima-Crowther,linkedin.com/in/kwame-nakashima-crowther-8021,Pale Harbour Studio,Product Director,Owen Trask,1,1,False,0
linkedin.com/in/kwame-norrington-7807,profile_url,kwame norrington,Kwame Norrington,linkedin.com/in/kwame-norrington-7807,Whitlock Staffing,Head of Innovation,Dana Whitfield,1,1,False,0
name:kwame okonkwo,name_only,kwame okonkwo,Kwame Okonkwo,,Dunmowe Travel,Director of IT,Dana Whitfield,1,1,False,1
linkedin.com/in/kwame-oldfield-9209,profile_url,kwame oldfield,Kwame Oldfield,linkedin.com/in/kwame-oldfield-9209,Highmoor Cycles,SVP Digital,Marcus Aldridge,1,1,False,0
linkedin.com/in/kwame-oyelaran-2566,profile_url,kwame oyelaran,Kwame Oyelaran,linkedin.com/in/kwame-oyelaran-2566,Fairbourne Fitness,Staff Engineer,Tomás Beckett,1,1,False,0
linkedin.com/in/kwame-petrossian-9003,profile_url,kwame petrossian,Kwame Petrossian,linkedin.com/in/kwame-petrossian-9003,Dunmowe Travel,VP Enterprise Architecture,Tomás Beckett,1,1,False,0
linkedin.com/in/kwame-prendergast-1592,profile_url,kwame prendergast,Kwame Prendergast,linkedin.com/in/kwame-prendergast-1592,Quintrell Advisory,SVP Digital,Tomás Beckett,1,1,False,0
linkedin.com/in/kwame-quillane-3700,profile_url,kwame quillane,Kwame Quillane,linkedin.com/in/kwame-quillane-3700,Pale Harbour Studio,Head of Automation,Dana Whitfield,1,1,False,0
linkedin.com/in/kwame-rushworth-9988,profile_url,kwame rushworth,Kwame Rushworth,linkedin.com/in/kwame-rushworth-9988,Corbridge Realty,"Senior Manager, Engineering",Dana Whitfield,1,1,False,0
name:kwame rushworth halloran,name_only,kwame rushworth halloran,Kwame Rushworth-Halloran,,Bellchamber Media,Engineering Manager,Elena Duvall,1,1,False,1
linkedin.com/in/kwame-salcedo-4598,profile_url,kwame salcedo,Kwame Salcedo,linkedin.com/in/kwame-salcedo-4598,Fairbourne Fitness,Director of IT,Tomás Beckett,1,1,False,0
linkedin.com/in/kwame-salcedo-eastcott-2355,profile_url,kwame salcedo eastcott,Kwame Salcedo-Eastcott,linkedin.com/in/kwame-salcedo-eastcott-2355,Tannerly Design,Program Manager,Owen Trask,1,1,False,0
linkedin.com/in/kwame-salcedo-mkhize-3550,profile_url,kwame salcedo mkhize,Kwame Salcedo-Mkhize,linkedin.com/in/kwame-salcedo-mkhize-3550,Highmoor Cycles,VP Data & Analytics,Owen Trask,1,1,False,0
linkedin.com/in/kwame-sandoval-9825,profile_url,kwame sandoval,Kwame Sandoval,linkedin.com/in/kwame-sandoval-9825,Ambrose Trading,Head of Innovation,Priya Raghunathan,1,1,False,0
linkedin.com/in/kwame-thackeray-9818,profile_url,kwame thackeray,Kwame Thackeray,linkedin.com/in/kwame-thackeray-9818,Corbridge Realty,Head of Innovation,Priya Raghunathan,1,1,False,0
linkedin.com/in/kwame-underhill-8766,profile_url,kwame underhill,Kwame Underhill,linkedin.com/in/kwame-underhill-8766,Ondermark Consulting,Chief Digital Officer,Marcus Aldridge,1,1,False,0
linkedin.com/in/kwame-vandermolen-1807,profile_url,kwame vandermolen,Kwame Vandermolen,linkedin.com/in/kwame-vandermolen-1807,Whitlock Staffing,Head of Automation,Dana Whitfield,1,1,False,0
linkedin.com/in/kwame-vasquez-6081,profile_url,kwame vasquez,Kwame Vasquez,linkedin.com/in/kwame-vasquez-6081,Tannerly Design,Head of Developer Productivity,Priya Raghunathan,1,1,False,0
linkedin.com/in/kwame-vasquez-salcedo-3024,profile_url,kwame vasquez salcedo,Kwame Vasquez-Salcedo,linkedin.com/in/kwame-vasquez-salcedo-3024,Fairbourne Fitness,VP Engineering,Elena Duvall,1,1,False,0
linkedin.com/in/kwame-wexford-2544,profile_url,kwame wexford,Kwame Wexford,linkedin.com/in/kwame-wexford-2544,Vespermill Analytics,Engineering Manager,Marcus Aldridge,1,1,False,0
linkedin.com/in/kwame-wolstenholme-9421,profile_url,kwame wolstenholme,Kwame Wolstenholme,linkedin.com/in/kwame-wolstenholme-9421,Quintrell Advisory,Head of Developer Productivity,Tomás Beckett,1,1,False,0
linkedin.com/in/kwame-yarrow-4446,profile_url,kwame yarrow,Kwame Yarrow,linkedin.com/in/kwame-yarrow-4446,Yardley Print,Director of IT,Tomás Beckett,1,1,False,0
linkedin.com/in/kwame-zettergren-7705,profile_url,kwame zettergren,Kwame Zettergren,linkedin.com/in/kwame-zettergren-7705,Yardley Print,Engineering Manager,Dana Whitfield,1,1,False,0
name:kwame zubkov,name_only,kwame zubkov,Kwame Zubkov,,Garrowby Books,Director of IT,Dana Whitfield,1,1,False,1
linkedin.com/in/leandro-achterberg-7727,profile_url,leandro achterberg,Leandro Achterberg,linkedin.com/in/leandro-achterberg-7727,Corbridge Realty,Principal Architect,Marcus Aldridge,1,1,False,0
linkedin.com/in/leandro-ashdown-9905,profile_url,leandro ashdown,Leandro Ashdown,linkedin.com/in/leandro-ashdown-9905,Yardley Print,Engineering Manager,Tomás Beckett,1,1,False,0
linkedin.com/in/leandro-ashdown-crowther-2901,profile_url,leandro ashdown crowther,Leandro Ashdown-Crowther,linkedin.com/in/leandro-ashdown-crowther-2901,Ambrose Trading,Staff Engineer,Owen Trask,1,1,False,0
linkedin.com/in/leandro-balogun-5371,profile_url,leandro balogun,Leandro Balogun,linkedin.com/in/leandro-balogun-5371,Tannerly Design,Program Manager,Dana Whitfield,1,1,False,0
linkedin.com/in/leandro-bellinger-8259,profile_url,leandro bellinger,Leandro Bellinger,linkedin.com/in/leandro-bellinger-8259,Underwood & Vale,Director of IT,Marcus Aldridge,1,1,False,0
linkedin.com/in/leandro-brenneman-5140,profile_url,leandro brenneman,Leandro Brenneman,linkedin.com/in/leandro-brenneman-5140,Cindermill Mining,Director of Software Engineering,Owen Trask; Tomás Beckett,2,1,False,0
linkedin.com/in/leandro-cardoso-8524,profile_url,leandro cardoso,Leandro Cardoso,linkedin.com/in/leandro-cardoso-8524,Dunmowe Travel,Head of Developer Productivity,Dana Whitfield,1,1,False,0
linkedin.com/in/leandro-cathcart-1209,profile_url,leandro cathcart,Leandro Cathcart,linkedin.com/in/leandro-cathcart-1209,Underwood & Vale,Product Director,Marcus Aldridge,1,1,False,0
linkedin.com/in/leandro-cathcart-norrington-8639,profile_url,leandro cathcart norrington,Leandro Cathcart-Norrington,linkedin.com/in/leandro-cathcart-norrington-8639,Elmsworth Tutors,Staff Engineer,Tomás Beckett,1,1,False,0
linkedin.com/in/leandro-crowther-8296,profile_url,leandro crowther,Leandro Crowther,linkedin.com/in/leandro-crowther-8296,Highmoor Cycles,"Senior Manager, Engineering",Marcus Aldridge,1,1,False,0
linkedin.com/in/leandro-crowther-zubkov-8547,profile_url,leandro crowther zubkov,Leandro Crowther-Zubkov,linkedin.com/in/leandro-crowther-zubkov-8547,Pale Harbour Studio,Principal Architect,Tomás Beckett,1,1,False,0
name:leandro dellinger,name_only,leandro dellinger,Leandro Dellinger,,Elmsworth Tutors,Chief Data Officer,Dana Whitfield,1,1,False,1
linkedin.com/in/leandro-dobrescu-4434,profile_url,leandro dobrescu,Leandro Dobrescu,linkedin.com/in/leandro-dobrescu-4434,Rooksby Legal,Product Director,Priya Raghunathan,1,1,False,0
linkedin.com/in/leandro-drummond-5237,profile_url,leandro drummond,Leandro Drummond,linkedin.com/in/leandro-drummond-5237,Dunmowe Travel,Staff Engineer,Dana Whitfield,1,1,False,0
linkedin.com/in/leandro-eastcott-5616,profile_url,leandro eastcott,Leandro Eastcott,linkedin.com/in/leandro-eastcott-5616,Inglenook Bakery,Chief Information Officer,Dana Whitfield,1,1,False,0
linkedin.com/in/leandro-egerton-5614,profile_url,leandro egerton,Leandro Egerton,linkedin.com/in/leandro-egerton-5614,Ambrose Trading,Product Director,Dana Whitfield,1,1,False,0
linkedin.com/in/leandro-egerton-crowther-4659,profile_url,leandro egerton crowther,Leandro Egerton-Crowther,linkedin.com/in/leandro-egerton-crowther-4659,Elmsworth Tutors,SVP Digital,Tomás Beckett,1,1,False,0
linkedin.com/in/leandro-fairweather-6324,profile_url,leandro fairweather,Leandro Fairweather,linkedin.com/in/leandro-fairweather-6324,Fairbourne Fitness,Head of Automation,Dana Whitfield,1,1,False,0
linkedin.com/in/leandro-falkenrath-3261,profile_url,leandro falkenrath,Leandro Falkenrath,linkedin.com/in/leandro-falkenrath-3261,Rooksby Legal,VP Engineering,Priya Raghunathan,1,1,False,0
linkedin.com/in/leandro-ferreira-9278,profile_url,leandro ferreira,Leandro Ferreira,linkedin.com/in/leandro-ferreira-9278,Yardley Print,Chief Data Officer,Marcus Aldridge,1,1,False,0
linkedin.com/in/leandro-fontaine-4378,profile_url,leandro fontaine,Leandro Fontaine,linkedin.com/in/leandro-fontaine-4378,Highmoor Cycles,Platform Lead,Dana Whitfield,1,1,False,0
linkedin.com/in/leandro-fontaine-oyelaran-8160,profile_url,leandro fontaine oyelaran,Leandro Fontaine-Oyelaran,linkedin.com/in/leandro-fontaine-oyelaran-8160,Underwood & Vale,Principal Architect,Owen Trask,1,1,False,0
linkedin.com/in/leandro-gluckstein-8407,profile_url,leandro gluckstein,Leandro Glückstein,linkedin.com/in/leandro-gluckstein-8407,Elmsworth Tutors,Platform Lead,Marcus Aldridge,1,1,False,0
linkedin.com/in/leandro-grimsby-1405,profile_url,leandro grimsby,Leandro Grimsby,linkedin.com/in/leandro-grimsby-1405,Ambrose Trading,Principal Architect,Priya Raghunathan,1,1,False,0
linkedin.com/in/leandro-halloran-4043,profile_url,leandro halloran,Leandro Halloran,linkedin.com/in/leandro-halloran-4043,Highmoor Cycles,Principal Architect,Priya Raghunathan,1,1,False,0
linkedin.com/in/leandro-hartigan-3755,profile_url,leandro hartigan,Leandro Hartigan,linkedin.com/in/leandro-hartigan-3755,Garrowby Books,Engineering Manager,Dana Whitfield,1,1,False,0
linkedin.com/in/leandro-hartigan-oyelaran-8244,profile_url,leandro hartigan oyelaran,Leandro Hartigan-Oyelaran,linkedin.com/in/leandro-hartigan-oyelaran-8244,Highmoor Cycles,Program Manager,Elena Duvall,1,1,False,0
linkedin.com/in/leandro-havercamp-2849,profile_url,leandro havercamp,Leandro Havercamp,linkedin.com/in/leandro-havercamp-2849,Ondermark Consulting,Chief Technology Officer,Priya Raghunathan,1,1,False,0
linkedin.com/in/leandro-hojgaard-8198,profile_url,leandro hojgaard,Leandro Højgaard,linkedin.com/in/leandro-hojgaard-8198,Yardley Print,Engineering Manager,Dana Whitfield,1,1,False,0
linkedin.com/in/leandro-ibarra-7488,profile_url,leandro ibarra,Leandro Ibarra,linkedin.com/in/leandro-ibarra-7488,Inglenook Bakery,Staff Engineer,Marcus Aldridge,1,1,False,0
linkedin.com/in/leandro-ibarra-dobrescu-6470,profile_url,leandro ibarra dobrescu,Leandro Ibarra-Dobrescu,linkedin.com/in/leandro-ibarra-dobrescu-6470,Bellchamber Media,VP Data & Analytics,Owen Trask,1,1,False,0
linkedin.com/in/leandro-ingleby-2279,profile_url,leandro ingleby,Leandro Ingleby,linkedin.com/in/leandro-ingleby-2279,Ondermark Consulting,Chief Data Officer,Marcus Aldridge,1,1,False,0
linkedin.com/in/leandro-isenberg-2098,profile_url,leandro isenberg,Leandro Isenberg,linkedin.com/in/leandro-isenberg-2098,Zenner Foods,Head of Platform Engineering,Priya Raghunathan,1,1,False,0
linkedin.com/in/leandro-isenberg-crowther-6308,profile_url,leandro isenberg crowther,Leandro Isenberg-Crowther,linkedin.com/in/leandro-isenberg-crowther-6308,Tannerly Design,Program Manager,Tomás Beckett,1,1,False,0
linkedin.com/in/leandro-jarrold-8751,profile_url,leandro jarrold,Leandro Jarrold,linkedin.com/in/leandro-jarrold-8751,Inglenook Bakery,Director of IT,Tomás Beckett,1,1,False,0
linkedin.com/in/leandro-kettleborough-2189,profile_url,leandro kettleborough,Leandro Kettleborough,linkedin.com/in/leandro-kettleborough-2189,Yardley Print,"Senior Manager, Engineering",Marcus Aldridge,1,1,False,0
linkedin.com/in/leandro-kirkbride-1938,profile_url,leandro kirkbride,Leandro Kirkbride,linkedin.com/in/leandro-kirkbride-1938,Rooksby Legal,Head of Automation,Tomás Beckett,1,1,False,0
linkedin.com/in/leandro-lindqvist-6311,profile_url,leandro lindqvist,Leandro Lindqvist,linkedin.com/in/leandro-lindqvist-6311,Fairbourne Fitness,"Senior Manager, Engineering",Dana Whitfield,1,1,False,0
linkedin.com/in/leandro-lomsadze-4701,profile_url,leandro lomsadze,Leandro Lomsadze,linkedin.com/in/leandro-lomsadze-4701,Corbridge Realty,Director of IT,Priya Raghunathan,1,1,False,0
linkedin.com/in/leandro-marchetti-7154,profile_url,leandro marchetti,Leandro Marchetti,linkedin.com/in/leandro-marchetti-7154,Dunmowe Travel,Program Manager,Marcus Aldridge,1,1,False,0
linkedin.com/in/leandro-merriweather-5375,profile_url,leandro merriweather,Leandro Merriweather,linkedin.com/in/leandro-merriweather-5375,Fairbourne Fitness,"Senior Manager, Engineering",Marcus Aldridge,1,1,False,0
linkedin.com/in/leandro-mkhize-7440,profile_url,leandro mkhize,Leandro Mkhize,linkedin.com/in/leandro-mkhize-7440,Vespermill Analytics,Principal Architect,Dana Whitfield,1,1,False,0
linkedin.com/in/leandro-nakashima-7918,profile_url,leandro nakashima,Leandro Nakashima,linkedin.com/in/leandro-nakashima-7918,Zenner Foods,Chief Information Officer,Marcus Aldridge,1,1,False,0
linkedin.com/in/leandro-nakashima-norrington-2207,profile_url,leandro nakashima norrington,Leandro Nakashima-Norrington,linkedin.com/in/leandro-nakashima-norrington-2207,Tannerly Design,Product Director,Owen Trask,1,1,False,0
linkedin.com/in/leandro-norrington-3310,profile_url,leandro norrington,Leandro Norrington,linkedin.com/in/leandro-norrington-3310,Elmsworth Tutors,Engineering Manager,Priya Raghunathan,1,1,False,0
name:leandro okonkwo,name_only,leandro okonkwo,Leandro Okonkwo,,Bellchamber Media,Head of Automation,Tomás Beckett,1,1,False,1
linkedin.com/in/leandro-oldfield-5541,profile_url,leandro oldfield,Leandro Oldfield,linkedin.com/in/leandro-oldfield-5541,Pale Harbour Studio,Director of IT,Marcus Aldridge,1,1,False,0
linkedin.com/in/leandro-oyelaran-2773,profile_url,leandro oyelaran,Leandro Oyelaran,linkedin.com/in/leandro-oyelaran-2773,Garrowby Books,Head of Automation,Priya Raghunathan,1,1,False,0
linkedin.com/in/leandro-petrossian-7260,profile_url,leandro petrossian,Leandro Petrossian,linkedin.com/in/leandro-petrossian-7260,Rooksby Legal,Engineering Manager,Priya Raghunathan,1,1,False,0
linkedin.com/in/leandro-prendergast-5758,profile_url,leandro prendergast,Leandro Prendergast,linkedin.com/in/leandro-prendergast-5758,Yardley Print,Engineering Manager,Dana Whitfield,1,1,False,0
linkedin.com/in/leandro-prendergast-mkhize-2064,profile_url,leandro prendergast mkhize,Leandro Prendergast-Mkhize,linkedin.com/in/leandro-prendergast-mkhize-2064,Zenner Foods,"Senior Manager, Engineering",Elena Duvall,1,1,False,0
linkedin.com/in/leandro-prendergast-salcedo-1915,profile_url,leandro prendergast salcedo,Leandro Prendergast-Salcedo,linkedin.com/in/leandro-prendergast-salcedo-1915,Ambrose Trading,Platform Lead,Elena Duvall,1,1,False,0
linkedin.com/in/leandro-quillane-5708,profile_url,leandro quillane,Leandro Quillane,linkedin.com/in/leandro-quillane-5708,Corbridge Realty,Chief Digital Officer,Priya Raghunathan,1,1,False,0
name:leandro rushworth,name_only,leandro rushworth,Leandro Rushworth,,Vespermill Analytics,VP Enterprise Architecture,Marcus Aldridge,1,1,False,1
linkedin.com/in/leandro-rushworth-ingleby-4035,profile_url,leandro rushworth ingleby,Leandro Rushworth-Ingleby,linkedin.com/in/leandro-rushworth-ingleby-4035,Pale Harbour Studio,Head of Platform Engineering,Elena Duvall,1,1,False,0
linkedin.com/in/leandro-salcedo-6594,profile_url,leandro salcedo,Leandro Salcedo,linkedin.com/in/leandro-salcedo-6594,Dunmowe Travel,Program Manager,Dana Whitfield,1,1,False,0
linkedin.com/in/leandro-salcedo-kirkbride-5047,profile_url,leandro salcedo kirkbride,Leandro Salcedo-Kirkbride,linkedin.com/in/leandro-salcedo-kirkbride-5047,Fairbourne Fitness,SVP Digital,Owen Trask,1,1,False,0
linkedin.com/in/leandro-sandoval-6542,profile_url,leandro sandoval,Leandro Sandoval,linkedin.com/in/leandro-sandoval-6542,Pale Harbour Studio,Platform Lead,Dana Whitfield,1,1,False,0
name:leandro sandoval ashdown,name_only,leandro sandoval ashdown,Leandro Sandoval-Ashdown,,Garrowby Books,Product Director,Owen Trask,1,1,False,1
linkedin.com/in/leandro-sandoval-hojgaard-1047,profile_url,leandro sandoval hojgaard,Leandro Sandoval-Højgaard,linkedin.com/in/leandro-sandoval-hojgaard-1047,Zenner Foods,Chief Technology Officer,Owen Trask,1,1,False,0
linkedin.com/in/leandro-thackeray-4800,profile_url,leandro thackeray,Leandro Thackeray,linkedin.com/in/leandro-thackeray-4800,Pale Harbour Studio,Platform Lead,Priya Raghunathan,1,1,False,0
linkedin.com/in/leandro-thackeray-vandermolen-6252,profile_url,leandro thackeray vandermolen,Leandro Thackeray-Vandermolen,linkedin.com/in/leandro-thackeray-vandermolen-6252,Dunmowe Travel,Product Director,Elena Duvall,1,1,False,0
linkedin.com/in/leandro-underhill-8300,profile_url,leandro underhill,Leandro Underhill,linkedin.com/in/leandro-underhill-8300,Whitlock Staffing,Head of Platform Engineering,Tomás Beckett,1,1,False,0
linkedin.com/in/leandro-vandermolen-9363,profile_url,leandro vandermolen,Leandro Vandermolen,linkedin.com/in/leandro-vandermolen-9363,Pale Harbour Studio,"Senior Manager, Engineering",Tomás Beckett,1,1,False,0
linkedin.com/in/leandro-vasquez-2277,profile_url,leandro vasquez,Leandro Vasquez,linkedin.com/in/leandro-vasquez-2277,Whitlock Staffing,Chief Operating Officer,Tomás Beckett,1,1,False,0
linkedin.com/in/leandro-wexford-9298,profile_url,leandro wexford,Leandro Wexford,linkedin.com/in/leandro-wexford-9298,Fairbourne Fitness,Head of Innovation,Priya Raghunathan,1,1,False,0
linkedin.com/in/leandro-wolstenholme-7199,profile_url,leandro wolstenholme,Leandro Wolstenholme,linkedin.com/in/leandro-wolstenholme-7199,Inglenook Bakery,VP Engineering,Priya Raghunathan,1,1,False,0
linkedin.com/in/leandro-yarrow-8912,profile_url,leandro yarrow,Leandro Yarrow,linkedin.com/in/leandro-yarrow-8912,Underwood & Vale,Chief Data Officer,Dana Whitfield,1,1,False,0
linkedin.com/in/leandro-zettergren-8252,profile_url,leandro zettergren,Leandro Zettergren,linkedin.com/in/leandro-zettergren-8252,Corbridge Realty,SVP Digital,Marcus Aldridge,1,1,False,0
linkedin.com/in/leandro-zubkov-8071,profile_url,leandro zubkov,Leandro Zubkov,linkedin.com/in/leandro-zubkov-8071,Zenner Foods,Director of IT,Dana Whitfield,1,1,False,0
linkedin.com/in/liesel-achterberg-8884,profile_url,liesel achterberg,Liesel Achterberg,linkedin.com/in/liesel-achterberg-8884,Yardley Print,Engineering Manager,Dana Whitfield,1,1,False,0
linkedin.com/in/liesel-ashdown-6348,profile_url,liesel ashdown,Liesel Ashdown,linkedin.com/in/liesel-ashdown-6348,Ambrose Trading,Director of IT,Tomás Beckett,1,1,False,0
linkedin.com/in/liesel-balogun-8702,profile_url,liesel balogun,Liesel Balogun,linkedin.com/in/liesel-balogun-8702,Highmoor Cycles,Program Manager,Priya Raghunathan,1,1,False,0
linkedin.com/in/liesel-bellinger-9844,profile_url,liesel bellinger,Liesel Bellinger,linkedin.com/in/liesel-bellinger-9844,Fairbourne Fitness,Director of Software Engineering,Tomás Beckett,1,1,False,0
linkedin.com/in/liesel-brenneman-2760,profile_url,liesel brenneman,Liesel Brenneman,linkedin.com/in/liesel-brenneman-2760,Pale Harbour Studio,Director of IT,Marcus Aldridge,1,1,False,0
linkedin.com/in/liesel-cardoso-5962,profile_url,liesel cardoso,Liesel Cardoso,linkedin.com/in/liesel-cardoso-5962,Ondermark Consulting,Platform Lead,Marcus Aldridge,1,1,False,0
linkedin.com/in/liesel-cathcart-9217,profile_url,liesel cathcart,Liesel Cathcart,linkedin.com/in/liesel-cathcart-9217,Dunmowe Travel,VP Enterprise Architecture,Marcus Aldridge,1,1,False,0
linkedin.com/in/liesel-crowther-8544,profile_url,liesel crowther,Liesel Crowther,linkedin.com/in/liesel-crowther-8544,Ondermark Consulting,Head of Innovation,Tomás Beckett,1,1,False,0
linkedin.com/in/liesel-dellinger-3291,profile_url,liesel dellinger,Liesel Dellinger,linkedin.com/in/liesel-dellinger-3291,Whitlock Staffing,Engineering Manager,Tomás Beckett,1,1,False,0
linkedin.com/in/liesel-dellinger-kirkbride-7436,profile_url,liesel dellinger kirkbride,Liesel Dellinger-Kirkbride,linkedin.com/in/liesel-dellinger-kirkbride-7436,Xanthe Labs,Director of IT,Elena Duvall,1,1,False,0
linkedin.com/in/liesel-dobrescu-7415,profile_url,liesel dobrescu,Liesel Dobrescu,linkedin.com/in/liesel-dobrescu-7415,Dunmowe Travel,Principal Architect,Priya Raghunathan,1,1,False,0
linkedin.com/in/liesel-drummond-8106,profile_url,liesel drummond,Liesel Drummond,linkedin.com/in/liesel-drummond-8106,Tannerly Design,Head of Developer Productivity,Marcus Aldridge,1,1,False,0
linkedin.com/in/liesel-eastcott-1528,profile_url,liesel eastcott,Liesel Eastcott,linkedin.com/in/liesel-eastcott-1528,Vespermill Analytics,Head of Automation,Marcus Aldridge,1,1,False,0
linkedin.com/in/liesel-egerton-6293,profile_url,liesel egerton,Liesel Egerton,linkedin.com/in/liesel-egerton-6293,Dunmowe Travel,Engineering Manager,Marcus Aldridge,1,1,False,0
linkedin.com/in/liesel-fairweather-3520,profile_url,liesel fairweather,Liesel Fairweather,linkedin.com/in/liesel-fairweather-3520,Fairbourne Fitness,Head of Innovation,Priya Raghunathan,1,1,False,0
linkedin.com/in/liesel-fairweather-jarrold-8896,profile_url,liesel fairweather jarrold,Liesel Fairweather-Jarrold,linkedin.com/in/liesel-fairweather-jarrold-8896,Whitlock Staffing,Director of IT,Elena Duvall,1,1,False,0
linkedin.com/in/liesel-falkenrath-1639,profile_url,liesel falkenrath,Liesel Falkenrath,linkedin.com/in/liesel-falkenrath-1639,Xanthe Labs,Engineering Manager,Marcus Aldridge,1,1,False,0
linkedin.com/in/liesel-ferreira-5881,profile_url,liesel ferreira,Liesel Ferreira,linkedin.com/in/liesel-ferreira-5881,Xanthe Labs,Principal Architect,Dana Whitfield,1,1,False,0
linkedin.com/in/liesel-fontaine-4197,profile_url,liesel fontaine,Liesel Fontaine,linkedin.com/in/liesel-fontaine-4197,Inglenook Bakery,Head of Automation,Dana Whitfield,1,1,False,0
linkedin.com/in/liesel-gluckstein-4330,profile_url,liesel gluckstein,Liesel Glückstein,linkedin.com/in/liesel-gluckstein-4330,Dunmowe Travel,Product Director,Dana Whitfield,1,1,False,0
linkedin.com/in/liesel-gluckstein-bellinger-2461,profile_url,liesel gluckstein bellinger,Liesel Glückstein-Bellinger,linkedin.com/in/liesel-gluckstein-bellinger-2461,Ondermark Consulting,"Senior Manager, Engineering",Tomás Beckett,1,1,False,0
linkedin.com/in/liesel-grimsby-8789,profile_url,liesel grimsby,Liesel Grimsby,linkedin.com/in/liesel-grimsby-8789,Whitlock Staffing,Engineering Manager,Marcus Aldridge,1,1,False,0
linkedin.com/in/liesel-halloran-5993,profile_url,liesel halloran,Liesel Halloran,linkedin.com/in/liesel-halloran-5993,Bellchamber Media,"Senior Manager, Engineering",Marcus Aldridge,1,1,False,0
linkedin.com/in/liesel-hartigan-3366,profile_url,liesel hartigan,Liesel Hartigan,linkedin.com/in/liesel-hartigan-3366,Dunmowe Travel,Principal Architect,Dana Whitfield,1,1,False,0
linkedin.com/in/liesel-hartigan-quillane-5566,profile_url,liesel hartigan quillane,Liesel Hartigan-Quillane,linkedin.com/in/liesel-hartigan-quillane-5566,Vespermill Analytics,Staff Engineer,Owen Trask,1,1,False,0
linkedin.com/in/liesel-havercamp-1933,profile_url,liesel havercamp,Liesel Havercamp,linkedin.com/in/liesel-havercamp-1933,Zenner Foods,"Senior Manager, Engineering",Dana Whitfield,1,1,False,0
linkedin.com/in/liesel-hojgaard-8945,profile_url,liesel hojgaard,Liesel Højgaard,linkedin.com/in/liesel-hojgaard-8945,Ondermark Consulting,Engineering Manager,Marcus Aldridge,1,1,False,0
linkedin.com/in/liesel-ibarra-8725,profile_url,liesel ibarra,Liesel Ibarra,linkedin.com/in/liesel-ibarra-8725,Garrowby Books,Staff Engineer,Marcus Aldridge,1,1,False,0
linkedin.com/in/liesel-ingleby-4026,profile_url,liesel ingleby,Liesel Ingleby,linkedin.com/in/liesel-ingleby-4026,Quintrell Advisory,Principal Architect,Dana Whitfield,1,1,False,0
linkedin.com/in/liesel-ingleby-isenberg-7113,profile_url,liesel ingleby isenberg,Liesel Ingleby-Isenberg,linkedin.com/in/liesel-ingleby-isenberg-7113,Ondermark Consulting,Head of Platform Engineering,Tomás Beckett,1,1,False,0
linkedin.com/in/liesel-isenberg-3074,profile_url,liesel isenberg,Liesel Isenberg,linkedin.com/in/liesel-isenberg-3074,Highmoor Cycles,Staff Engineer,Tomás Beckett,1,1,False,0
linkedin.com/in/liesel-isenberg-oldfield-1612,profile_url,liesel isenberg oldfield,Liesel Isenberg-Oldfield,linkedin.com/in/liesel-isenberg-oldfield-1612,Dunmowe Travel,Program Manager,Owen Trask,1,1,False,0
linkedin.com/in/liesel-jarrold-3122,profile_url,liesel jarrold,Liesel Jarrold,linkedin.com/in/liesel-jarrold-3122,Vespermill Analytics,Engineering Manager,Marcus Aldridge,1,1,False,0
linkedin.com/in/liesel-kettleborough-2006,profile_url,liesel kettleborough,Liesel Kettleborough,linkedin.com/in/liesel-kettleborough-2006,Ondermark Consulting,Product Director,Marcus Aldridge,1,1,False,0
linkedin.com/in/liesel-kirkbride-9417,profile_url,liesel kirkbride,Liesel Kirkbride,linkedin.com/in/liesel-kirkbride-9417,Rooksby Legal,Principal Architect,Priya Raghunathan,1,1,False,0
linkedin.com/in/liesel-kirkbride-lindqvist-5701,profile_url,liesel kirkbride lindqvist,Liesel Kirkbride-Lindqvist,linkedin.com/in/liesel-kirkbride-lindqvist-5701,Highmoor Cycles,Chief Technology Officer,Owen Trask,1,1,False,0
linkedin.com/in/liesel-lindqvist-2940,profile_url,liesel lindqvist,Liesel Lindqvist,linkedin.com/in/liesel-lindqvist-2940,Ondermark Consulting,Product Director,Tomás Beckett,1,1,False,0
linkedin.com/in/liesel-lomsadze-1461,profile_url,liesel lomsadze,Liesel Lomsadze,linkedin.com/in/liesel-lomsadze-1461,Highmoor Cycles,Head of Innovation,Tomás Beckett,1,1,False,0
linkedin.com/in/liesel-lomsadze-merriweather-1309,profile_url,liesel lomsadze merriweather,Liesel Lomsadze-Merriweather,linkedin.com/in/liesel-lomsadze-merriweather-1309,Xanthe Labs,SVP Digital,Tomás Beckett,1,1,False,0
linkedin.com/in/liesel-marchetti-9022,profile_url,liesel marchetti,Liesel Marchetti,linkedin.com/in/liesel-marchetti-9022,Quintrell Advisory,Product Director,Tomás Beckett,1,1,False,0
linkedin.com/in/liesel-merriweather-6747,profile_url,liesel merriweather,Liesel Merriweather,linkedin.com/in/liesel-merriweather-6747,Fairbourne Fitness,Chief Data Officer,Marcus Aldridge,1,1,False,0
linkedin.com/in/liesel-mkhize-9958,profile_url,liesel mkhize,Liesel Mkhize,linkedin.com/in/liesel-mkhize-9958,Pale Harbour Studio,Director of IT,Dana Whitfield,1,1,False,0
linkedin.com/in/liesel-nakashima-5905,profile_url,liesel nakashima,Liesel Nakashima,linkedin.com/in/liesel-nakashima-5905,Ambrose Trading,Head of Platform Engineering,Marcus Aldridge,1,1,False,0
linkedin.com/in/liesel-norrington-9592,profile_url,liesel norrington,Liesel Norrington,linkedin.com/in/liesel-norrington-9592,Ambrose Trading,Director of IT,Marcus Aldridge,1,1,False,0
linkedin.com/in/liesel-norrington-ingleby-3096,profile_url,liesel norrington ingleby,Liesel Norrington-Ingleby,linkedin.com/in/liesel-norrington-ingleby-3096,Underwood & Vale,Principal Architect,Elena Duvall,1,1,False,0
linkedin.com/in/liesel-okonkwo-4154,profile_url,liesel okonkwo,Liesel Okonkwo,linkedin.com/in/liesel-okonkwo-4154,Bellchamber Media,Head of Platform Engineering,Tomás Beckett,1,1,False,0
linkedin.com/in/liesel-okonkwo-gluckstein-3858,profile_url,liesel okonkwo gluckstein,Liesel Okonkwo-Glückstein,linkedin.com/in/liesel-okonkwo-gluckstein-3858,Inglenook Bakery,Engineering Manager,Elena Duvall,1,1,False,0
linkedin.com/in/liesel-oldfield-1714,profile_url,liesel oldfield,Liesel Oldfield,linkedin.com/in/liesel-oldfield-1714,Tannerly Design,Chief Digital Officer,Dana Whitfield,1,1,False,0
linkedin.com/in/liesel-oldfield-ashdown-6291,profile_url,liesel oldfield ashdown,Liesel Oldfield-Ashdown,linkedin.com/in/liesel-oldfield-ashdown-6291,Underwood & Vale,Head of Developer Productivity,Tomás Beckett,1,1,False,0
linkedin.com/in/liesel-oyelaran-2103,profile_url,liesel oyelaran,Liesel Oyelaran,linkedin.com/in/liesel-oyelaran-2103,Underwood & Vale,SVP Digital,Dana Whitfield,1,1,False,0
linkedin.com/in/liesel-petrossian-1482,profile_url,liesel petrossian,Liesel Petrossian,linkedin.com/in/liesel-petrossian-1482,Underwood & Vale,Program Manager,Tomás Beckett,1,1,False,0
linkedin.com/in/liesel-prendergast-7226,profile_url,liesel prendergast,Liesel Prendergast,linkedin.com/in/liesel-prendergast-7226,Corbridge Realty,Product Director,Marcus Aldridge,1,1,False,0
linkedin.com/in/liesel-quillane-8603,profile_url,liesel quillane,Liesel Quillane,linkedin.com/in/liesel-quillane-8603,Tannerly Design,Director of IT,Dana Whitfield,1,1,False,0
linkedin.com/in/liesel-rushworth-5005,profile_url,liesel rushworth,Liesel Rushworth,linkedin.com/in/liesel-rushworth-5005,Zenner Foods,Chief Information Officer,Priya Raghunathan,1,1,False,0
linkedin.com/in/liesel-rushworth-oldfield-1786,profile_url,liesel rushworth oldfield,Liesel Rushworth-Oldfield,linkedin.com/in/liesel-rushworth-oldfield-1786,Underwood & Vale,Engineering Manager,Elena Duvall,1,1,False,0
name:liesel salcedo,name_only,liesel salcedo,Liesel Salcedo,,Zenner Foods,Head of Automation,Dana Whitfield,1,1,False,1
linkedin.com/in/liesel-salcedo-balogun-7340,profile_url,liesel salcedo balogun,Liesel Salcedo-Balogun,linkedin.com/in/liesel-salcedo-balogun-7340,Fairbourne Fitness,Director of IT,Owen Trask,1,1,False,0
linkedin.com/in/liesel-sandoval-9966,profile_url,liesel sandoval,Liesel Sandoval,linkedin.com/in/liesel-sandoval-9966,Garrowby Books,Product Director,Dana Whitfield,1,1,False,0
linkedin.com/in/liesel-sandoval-wolstenholme-5597,profile_url,liesel sandoval wolstenholme,Liesel Sandoval-Wolstenholme,linkedin.com/in/liesel-sandoval-wolstenholme-5597,Pale Harbour Studio,Principal Architect,Elena Duvall,1,1,False,0
linkedin.com/in/liesel-thackeray-5501,profile_url,liesel thackeray,Liesel Thackeray,linkedin.com/in/liesel-thackeray-5501,Underwood & Vale,Chief Digital Officer,Priya Raghunathan,1,1,False,0
linkedin.com/in/liesel-underhill-8506,profile_url,liesel underhill,Liesel Underhill,linkedin.com/in/liesel-underhill-8506,Elmsworth Tutors,Head of Innovation,Tomás Beckett,1,1,False,0
linkedin.com/in/liesel-vandermolen-7601,profile_url,liesel vandermolen,Liesel Vandermolen,linkedin.com/in/liesel-vandermolen-7601,Rooksby Legal,Engineering Manager,Dana Whitfield,1,1,False,0
linkedin.com/in/liesel-vasquez-3578,profile_url,liesel vasquez,Liesel Vasquez,linkedin.com/in/liesel-vasquez-3578,Xanthe Labs,Chief Information Officer,Dana Whitfield,1,1,False,0
linkedin.com/in/liesel-wexford-1574,profile_url,liesel wexford,Liesel Wexford,linkedin.com/in/liesel-wexford-1574,Inglenook Bakery,Head of Developer Productivity,Marcus Aldridge,1,1,False,0
linkedin.com/in/liesel-wolstenholme-4933,profile_url,liesel wolstenholme,Liesel Wolstenholme,linkedin.com/in/liesel-wolstenholme-4933,Corbridge Realty,SVP Digital,Marcus Aldridge,1,1,False,0
linkedin.com/in/liesel-yarrow-6386,profile_url,liesel yarrow,Liesel Yarrow,linkedin.com/in/liesel-yarrow-6386,Ondermark Consulting,Product Director,Dana Whitfield,1,1,False,0
linkedin.com/in/liesel-zettergren-8808,profile_url,liesel zettergren,Liesel Zettergren,linkedin.com/in/liesel-zettergren-8808,Quintrell Advisory,Staff Engineer,Marcus Aldridge,1,1,False,0
linkedin.com/in/liesel-zettergren-eastcott-7447,profile_url,liesel zettergren eastcott,Liesel Zettergren-Eastcott,linkedin.com/in/liesel-zettergren-eastcott-7447,Fairbourne Fitness,Head of Automation,Tomás Beckett,1,1,False,0
linkedin.com/in/liesel-zubkov-9705,profile_url,liesel zubkov,Liesel Zubkov,linkedin.com/in/liesel-zubkov-9705,Inglenook Bakery,"Senior Manager, Engineering",Tomás Beckett,1,1,False,0
linkedin.com/in/lucia-achterberg-4299,profile_url,lucia achterberg,Lucia Achterberg,linkedin.com/in/lucia-achterberg-4299,Elmsworth Tutors,Program Manager,Dana Whitfield,1,1,False,0
linkedin.com/in/lucia-achterberg-ashdown-3532,profile_url,lucia achterberg ashdown,Lucia Achterberg-Ashdown,linkedin.com/in/lucia-achterberg-ashdown-3532,Whitlock Staffing,Head of Platform Engineering,Elena Duvall,1,1,False,0
linkedin.com/in/lucia-achterberg-ingleby-6864,profile_url,lucia achterberg ingleby,Lucia Achterberg-Ingleby,linkedin.com/in/lucia-achterberg-ingleby-6864,Vespermill Analytics,Head of Automation,Owen Trask,1,1,False,0
linkedin.com/in/lucia-ashdown-3031,profile_url,lucia ashdown,Lucia Ashdown,linkedin.com/in/lucia-ashdown-3031,Ondermark Consulting,Platform Lead,Marcus Aldridge,1,1,False,0
linkedin.com/in/lucia-balogun-1493,profile_url,lucia balogun,Lucia Balogun,linkedin.com/in/lucia-balogun-1493,Tannerly Design,Head of Automation,Tomás Beckett,1,1,False,0
linkedin.com/in/lucia-bellinger-3872,profile_url,lucia bellinger,Lucia Bellinger,linkedin.com/in/lucia-bellinger-3872,Vespermill Analytics,Principal Architect,Marcus Aldridge,1,1,False,0
linkedin.com/in/lucia-brenneman-4040,profile_url,lucia brenneman,Lucia Brenneman,linkedin.com/in/lucia-brenneman-4040,Rooksby Legal,Head of Innovation,Dana Whitfield,1,1,False,0
name:lucia cardoso,name_only,lucia cardoso,Lucia Cardoso,,Garrowby Books,Product Director,Marcus Aldridge,1,1,False,1
linkedin.com/in/lucia-cathcart-8435,profile_url,lucia cathcart,Lucia Cathcart,linkedin.com/in/lucia-cathcart-8435,Tannerly Design,Engineering Manager,Priya Raghunathan,1,1,False,0
linkedin.com/in/lucia-crowther-5638,profile_url,lucia crowther,Lucia Crowther,linkedin.com/in/lucia-crowther-5638,Xanthe Labs,Director of Software Engineering,Marcus Aldridge,1,1,False,0
linkedin.com/in/lucia-crowther-underhill-4847,profile_url,lucia crowther underhill,Lucia Crowther-Underhill,linkedin.com/in/lucia-crowther-underhill-4847,Dunmowe Travel,Chief Data Officer,Owen Trask,1,1,False,0
linkedin.com/in/lucia-dellinger-3305,profile_url,lucia dellinger,Lucia Dellinger,linkedin.com/in/lucia-dellinger-3305,Fairbourne Fitness,Head of Innovation,Tomás Beckett,1,1,False,0
linkedin.com/in/lucia-dellinger-grimsby-3264,profile_url,lucia dellinger grimsby,Lucia Dellinger-Grimsby,linkedin.com/in/lucia-dellinger-grimsby-3264,Tannerly Design,Program Manager,Owen Trask,1,1,False,0
linkedin.com/in/lucia-dellinger-prendergast-4540,profile_url,lucia dellinger prendergast,Lucia Dellinger-Prendergast,linkedin.com/in/lucia-dellinger-prendergast-4540,Inglenook Bakery,"Senior Manager, Engineering",Owen Trask,1,1,False,0
linkedin.com/in/lucia-dobrescu-7746,profile_url,lucia dobrescu,Lucia Dobrescu,linkedin.com/in/lucia-dobrescu-7746,Whitlock Staffing,Staff Engineer,Dana Whitfield,1,1,False,0
linkedin.com/in/lucia-drummond-2790,profile_url,lucia drummond,Lucia Drummond,linkedin.com/in/lucia-drummond-2790,Whitlock Staffing,Head of Innovation,Tomás Beckett,1,1,False,0
linkedin.com/in/lucia-eastcott-3666,profile_url,lucia eastcott,Lucia Eastcott,linkedin.com/in/lucia-eastcott-3666,Quintrell Advisory,Director of Software Engineering,Marcus Aldridge,1,1,False,0
linkedin.com/in/lucia-egerton-4005,profile_url,lucia egerton,Lucia Egerton,linkedin.com/in/lucia-egerton-4005,Whitlock Staffing,Principal Architect,Tomás Beckett,1,1,False,0
linkedin.com/in/lucia-fairweather-6862,profile_url,lucia fairweather,Lucia Fairweather,linkedin.com/in/lucia-fairweather-6862,Elmsworth Tutors,Platform Lead,Marcus Aldridge,1,1,False,0
linkedin.com/in/lucia-fairweather-drummond-3324,profile_url,lucia fairweather drummond,Lucia Fairweather-Drummond,linkedin.com/in/lucia-fairweather-drummond-3324,Quintrell Advisory,Chief Information Officer,Elena Duvall,1,1,False,0
linkedin.com/in/lucia-falkenrath-3369,profile_url,lucia falkenrath,Lucia Falkenrath,linkedin.com/in/lucia-falkenrath-3369,Fairbourne Fitness,Director of IT,Dana Whitfield,1,1,False,0
linkedin.com/in/lucia-ferreira-6671,profile_url,lucia ferreira,Lucia Ferreira,linkedin.com/in/lucia-ferreira-6671,Rooksby Legal,Product Director,Priya Raghunathan,1,1,False,0
linkedin.com/in/lucia-ferreira-crowther-2286,profile_url,lucia ferreira crowther,Lucia Ferreira-Crowther,linkedin.com/in/lucia-ferreira-crowther-2286,Quintrell Advisory,Director of Software Engineering,Tomás Beckett,1,1,False,0
linkedin.com/in/lucia-fontaine-2837,profile_url,lucia fontaine,Lucia Fontaine,linkedin.com/in/lucia-fontaine-2837,Rooksby Legal,Head of Automation,Priya Raghunathan,1,1,False,0
linkedin.com/in/lucia-fontaine-drummond-5533,profile_url,lucia fontaine drummond,Lucia Fontaine-Drummond,linkedin.com/in/lucia-fontaine-drummond-5533,Fairbourne Fitness,Engineering Manager,Tomás Beckett,1,1,False,0
linkedin.com/in/lucia-gluckstein-3863,profile_url,lucia gluckstein,Lucia Glückstein,linkedin.com/in/lucia-gluckstein-3863,Ondermark Consulting,VP Enterprise Architecture,Marcus Aldridge,1,1,False,0
linkedin.com/in/lucia-grimsby-4008,profile_url,lucia grimsby,Lucia Grimsby,linkedin.com/in/lucia-grimsby-4008,Fairbourne Fitness,Product Director,Marcus Aldridge,1,1,False,0
linkedin.com/in/lucia-grimsby-lindqvist-2304,profile_url,lucia grimsby lindqvist,Lucia Grimsby-Lindqvist,linkedin.com/in/lucia-grimsby-lindqvist-2304,Rooksby Legal,Chief Information Officer,Elena Duvall,1,1,False,0
linkedin.com/in/lucia-halloran-2613,profile_url,lucia halloran,Lucia Halloran,linkedin.com/in/lucia-halloran-2613,Quintrell Advisory,"Senior Manager, Engineering",Tomás Beckett,1,1,False,0
linkedin.com/in/lucia-hartigan-5021,profile_url,lucia hartigan,Lucia Hartigan,linkedin.com/in/lucia-hartigan-5021,Xanthe Labs,VP Engineering,Dana Whitfield,1,1,False,0
linkedin.com/in/lucia-havercamp-7470,profile_url,lucia havercamp,Lucia Havercamp,linkedin.com/in/lucia-havercamp-7470,Quintrell Advisory,Head of Automation,Dana Whitfield,1,1,False,0
name:lucia hojgaard,name_only,lucia hojgaard,Lucia Højgaard,,Dunmowe Travel,Engineering Manager,Dana Whitfield,1,1,False,1
linkedin.com/in/lucia-ibarra-9421,profile_url,lucia ibarra,Lucia Ibarra,linkedin.com/in/lucia-ibarra-9421,Inglenook Bakery,Platform Lead,Dana Whitfield,1,1,False,0
linkedin.com/in/lucia-ingleby-6944,profile_url,lucia ingleby,Lucia Ingleby,linkedin.com/in/lucia-ingleby-6944,Dunmowe Travel,Program Manager,Tomás Beckett,1,1,False,0
linkedin.com/in/lucia-isenberg-9821,profile_url,lucia isenberg,Lucia Isenberg,linkedin.com/in/lucia-isenberg-9821,Xanthe Labs,Chief Technology Officer,Marcus Aldridge,1,1,False,0
linkedin.com/in/lucia-jarrold-1528,profile_url,lucia jarrold,Lucia Jarrold,linkedin.com/in/lucia-jarrold-1528,Corbridge Realty,Engineering Manager,Marcus Aldridge,1,1,False,0
linkedin.com/in/lucia-jarrold-halloran-1329,profile_url,lucia jarrold halloran,Lucia Jarrold-Halloran,linkedin.com/in/lucia-jarrold-halloran-1329,Fairbourne Fitness,Chief Data Officer,Elena Duvall,1,1,False,0
linkedin.com/in/lucia-kettleborough-5344,profile_url,lucia kettleborough,Lucia Kettleborough,linkedin.com/in/lucia-kettleborough-5344,Ambrose Trading,Principal Architect,Priya Raghunathan,1,1,False,0
linkedin.com/in/lucia-kirkbride-9089,profile_url,lucia kirkbride,Lucia Kirkbride,linkedin.com/in/lucia-kirkbride-9089,Dunmowe Travel,Product Director,Marcus Aldridge,1,1,False,0
linkedin.com/in/lucia-kirkbride-fontaine-8393,profile_url,lucia kirkbride fontaine,Lucia Kirkbride-Fontaine,linkedin.com/in/lucia-kirkbride-fontaine-8393,Rooksby Legal,Principal Architect,Elena Duvall,1,1,False,0
linkedin.com/in/lucia-lindqvist-4577,profile_url,lucia lindqvist,Lucia Lindqvist,linkedin.com/in/lucia-lindqvist-4577,Zenner Foods,Director of IT,Tomás Beckett,1,1,False,0
linkedin.com/in/lucia-lomsadze-1834,profile_url,lucia lomsadze,Lucia Lomsadze,linkedin.com/in/lucia-lomsadze-1834,Vespermill Analytics,Director of IT,Priya Raghunathan,1,1,False,0
linkedin.com/in/lucia-lomsadze-marchetti-5075,profile_url,lucia lomsadze marchetti,Lucia Lomsadze-Marchetti,linkedin.com/in/lucia-lomsadze-marchetti-5075,Underwood & Vale,Staff Engineer,Owen Trask,1,1,False,0
linkedin.com/in/lucia-marchetti-8268,profile_url,lucia marchetti,Lucia Marchetti,linkedin.com/in/lucia-marchetti-8268,Yardley Print,Platform Lead,Dana Whitfield,1,1,False,0
linkedin.com/in/lucia-merriweather-5053,profile_url,lucia merriweather,Lucia Merriweather,linkedin.com/in/lucia-merriweather-5053,Xanthe Labs,Engineering Manager,Dana Whitfield,1,1,False,0
linkedin.com/in/lucia-mkhize-9933,profile_url,lucia mkhize,Lucia Mkhize,linkedin.com/in/lucia-mkhize-9933,Tannerly Design,Chief Data Officer,Priya Raghunathan,1,1,False,0
linkedin.com/in/lucia-mkhize-sandoval-4930,profile_url,lucia mkhize sandoval,Lucia Mkhize-Sandoval,linkedin.com/in/lucia-mkhize-sandoval-4930,Vespermill Analytics,Program Manager,Owen Trask,1,1,False,0
linkedin.com/in/lucia-nakashima-9685,profile_url,lucia nakashima,Lucia Nakashima,linkedin.com/in/lucia-nakashima-9685,Inglenook Bakery,Staff Engineer,Dana Whitfield,1,1,False,0
linkedin.com/in/lucia-nakashima-thackeray-3244,profile_url,lucia nakashima thackeray,Lucia Nakashima-Thackeray,linkedin.com/in/lucia-nakashima-thackeray-3244,Elmsworth Tutors,Engineering Manager,Tomás Beckett,1,1,False,0
linkedin.com/in/lucia-norrington-9294,profile_url,lucia norrington,Lucia Norrington,linkedin.com/in/lucia-norrington-9294,Tannerly Design,VP Engineering,Marcus Aldridge,1,1,False,0
linkedin.com/in/lucia-okonkwo-9592,profile_url,lucia okonkwo,Lucia Okonkwo,linkedin.com/in/lucia-okonkwo-9592,Whitlock Staffing,Program Manager,Marcus Aldridge,1,1,False,0
linkedin.com/in/lucia-okonkwo-cardoso-2595,profile_url,lucia okonkwo cardoso,Lucia Okonkwo-Cardoso,linkedin.com/in/lucia-okonkwo-cardoso-2595,Ambrose Trading,SVP Digital,Tomás Beckett,1,1,False,0
linkedin.com/in/lucia-okonkwo-fairweather-4917,profile_url,lucia okonkwo fairweather,Lucia Okonkwo-Fairweather,linkedin.com/in/lucia-okonkwo-fairweather-4917,Tannerly Design,Product Director,Elena Duvall,1,1,False,0
name:lucia oldfield,name_only,lucia oldfield,Lucia Oldfield,,Corbridge Realty,Head of Developer Productivity,Dana Whitfield,1,1,False,1
name:lucia oldfield thackeray,name_only,lucia oldfield thackeray,Lucia Oldfield-Thackeray,,Rooksby Legal,VP Data & Analytics,Elena Duvall,1,1,False,1
linkedin.com/in/lucia-oyelaran-5367,profile_url,lucia oyelaran,Lucia Oyelaran,linkedin.com/in/lucia-oyelaran-5367,Highmoor Cycles,Program Manager,Dana Whitfield,1,1,False,0
linkedin.com/in/lucia-petrossian-7678,profile_url,lucia petrossian,Lucia Petrossian,linkedin.com/in/lucia-petrossian-7678,Vespermill Analytics,Staff Engineer,Tomás Beckett,1,1,False,0
linkedin.com/in/lucia-petrossian-grimsby-3241,profile_url,lucia petrossian grimsby,Lucia Petrossian-Grimsby,linkedin.com/in/lucia-petrossian-grimsby-3241,Tannerly Design,Chief Data Officer,Elena Duvall,1,1,False,0
linkedin.com/in/lucia-prendergast-5011,profile_url,lucia prendergast,Lucia Prendergast,linkedin.com/in/lucia-prendergast-5011,Xanthe Labs,Head of Automation,Priya Raghunathan,1,1,False,0
linkedin.com/in/lucia-quillane-1413,profile_url,lucia quillane,Lucia Quillane,linkedin.com/in/lucia-quillane-1413,Garrowby Books,VP Data & Analytics,Tomás Beckett,1,1,False,0
linkedin.com/in/lucia-rushworth-9277,profile_url,lucia rushworth,Lucia Rushworth,linkedin.com/in/lucia-rushworth-9277,Corbridge Realty,Staff Engineer,Marcus Aldridge,1,1,False,0
linkedin.com/in/lucia-rushworth-marchetti-9219,profile_url,lucia rushworth marchetti,Lucia Rushworth-Marchetti,linkedin.com/in/lucia-rushworth-marchetti-9219,Pale Harbour Studio,Platform Lead,Owen Trask,1,1,False,0
linkedin.com/in/lucia-salcedo-6551,profile_url,lucia salcedo,Lucia Salcedo,linkedin.com/in/lucia-salcedo-6551,Rooksby Legal,Principal Architect,Priya Raghunathan,1,1,False,0
linkedin.com/in/lucia-sandoval-3036,profile_url,lucia sandoval,Lucia Sandoval,linkedin.com/in/lucia-sandoval-3036,Inglenook Bakery,Engineering Manager,Marcus Aldridge,1,1,False,0
linkedin.com/in/lucia-thackeray-8969,profile_url,lucia thackeray,Lucia Thackeray,linkedin.com/in/lucia-thackeray-8969,Yardley Print,Chief Data Officer,Tomás Beckett,1,1,False,0
name:lucia underhill,name_only,lucia underhill,Lucia Underhill,,Whitlock Staffing,"Senior Manager, Engineering",Tomás Beckett,1,1,False,1
linkedin.com/in/lucia-vandermolen-7509,profile_url,lucia vandermolen,Lucia Vandermolen,linkedin.com/in/lucia-vandermolen-7509,Ambrose Trading,Program Manager,Marcus Aldridge,1,1,False,0
name:lucia vasquez,name_only,lucia vasquez,Lucia Vasquez,,Inglenook Bakery,Head of Innovation,Marcus Aldridge,1,1,False,1
linkedin.com/in/lucia-wexford-2502,profile_url,lucia wexford,Lucia Wexford,linkedin.com/in/lucia-wexford-2502,Fairbourne Fitness,Product Director,Marcus Aldridge,1,1,False,0
linkedin.com/in/lucia-wolstenholme-2884,profile_url,lucia wolstenholme,Lucia Wolstenholme,linkedin.com/in/lucia-wolstenholme-2884,Corbridge Realty,Head of Innovation,Priya Raghunathan,1,1,False,0
linkedin.com/in/lucia-wolstenholme-hojgaard-6250,profile_url,lucia wolstenholme hojgaard,Lucia Wolstenholme-Højgaard,linkedin.com/in/lucia-wolstenholme-hojgaard-6250,Yardley Print,Staff Engineer,Elena Duvall,1,1,False,0
linkedin.com/in/lucia-yarrow-9038,profile_url,lucia yarrow,Lucia Yarrow,linkedin.com/in/lucia-yarrow-9038,Quintrell Advisory,"Senior Manager, Engineering",Priya Raghunathan,1,1,False,0
linkedin.com/in/lucia-yarrow-achterberg-8756,profile_url,lucia yarrow achterberg,Lucia Yarrow-Achterberg,linkedin.com/in/lucia-yarrow-achterberg-8756,Ondermark Consulting,Head of Platform Engineering,Owen Trask,1,1,False,0
linkedin.com/in/lucia-zettergren-9982,profile_url,lucia zettergren,Lucia Zettergren,linkedin.com/in/lucia-zettergren-9982,Ondermark Consulting,Head of Innovation,Marcus Aldridge,1,1,False,0
linkedin.com/in/lucia-zettergren-lomsadze-2108,profile_url,lucia zettergren lomsadze,Lucia Zettergren-Lomsadze,linkedin.com/in/lucia-zettergren-lomsadze-2108,Zenner Foods,Principal Architect,Tomás Beckett,1,1,False,0
linkedin.com/in/lucia-zubkov-4178,profile_url,lucia zubkov,Lucia Zubkov,linkedin.com/in/lucia-zubkov-4178,Ondermark Consulting,Program Manager,Marcus Aldridge,1,1,False,0
linkedin.com/in/lucia-zubkov-nakashima-4519,profile_url,lucia zubkov nakashima,Lucia Zubkov-Nakashima,linkedin.com/in/lucia-zubkov-nakashima-4519,Yardley Print,Head of Automation,Elena Duvall,1,1,False,0
linkedin.com/in/malik-achterberg-2768,profile_url,malik achterberg,Malik Achterberg,linkedin.com/in/malik-achterberg-2768,Quintrell Advisory,VP Data & Analytics,Tomás Beckett,1,1,False,0
linkedin.com/in/malik-ashdown-8519,profile_url,malik ashdown,Malik Ashdown,linkedin.com/in/malik-ashdown-8519,Rooksby Legal,Platform Lead,Dana Whitfield,1,1,False,0
linkedin.com/in/malik-balogun-8041,profile_url,malik balogun,Malik Balogun,linkedin.com/in/malik-balogun-8041,Elmsworth Tutors,Head of Innovation,Marcus Aldridge,1,1,False,0
linkedin.com/in/malik-bellinger-1358,profile_url,malik bellinger,Malik Bellinger,linkedin.com/in/malik-bellinger-1358,Corbridge Realty,Engineering Manager,Marcus Aldridge,1,1,False,0
linkedin.com/in/malik-bellinger-sandoval-6119,profile_url,malik bellinger sandoval,Malik Bellinger-Sandoval,linkedin.com/in/malik-bellinger-sandoval-6119,Yardley Print,SVP Digital,Tomás Beckett,1,1,False,0
linkedin.com/in/malik-brenneman-7845,profile_url,malik brenneman,Malik Brenneman,linkedin.com/in/malik-brenneman-7845,Underwood & Vale,Head of Innovation,Tomás Beckett,1,1,False,0
linkedin.com/in/malik-cardoso-8860,profile_url,malik cardoso,Malik Cardoso,linkedin.com/in/malik-cardoso-8860,Tannerly Design,Chief Data Officer,Priya Raghunathan,1,1,False,0
linkedin.com/in/malik-cathcart-9618,profile_url,malik cathcart,Malik Cathcart,linkedin.com/in/malik-cathcart-9618,Corbridge Realty,Principal Architect,Marcus Aldridge,1,1,False,0
linkedin.com/in/malik-crowther-3470,profile_url,malik crowther,Malik Crowther,linkedin.com/in/malik-crowther-3470,Quintrell Advisory,Product Director,Marcus Aldridge,1,1,False,0
linkedin.com/in/malik-dellinger-6431,profile_url,malik dellinger,Malik Dellinger,linkedin.com/in/malik-dellinger-6431,Rooksby Legal,Platform Lead,Priya Raghunathan,1,1,False,0
linkedin.com/in/malik-dobrescu-1386,profile_url,malik dobrescu,Malik Dobrescu,linkedin.com/in/malik-dobrescu-1386,Fairbourne Fitness,Chief Information Officer,Tomás Beckett,1,1,False,0
linkedin.com/in/malik-drummond-8588,profile_url,malik drummond,Malik Drummond,linkedin.com/in/malik-drummond-8588,Xanthe Labs,Engineering Manager,Tomás Beckett,1,1,False,0
linkedin.com/in/malik-eastcott-7776,profile_url,malik eastcott,Malik Eastcott,linkedin.com/in/malik-eastcott-7776,Vespermill Analytics,Head of Automation,Dana Whitfield,1,1,False,0
linkedin.com/in/malik-eastcott-isenberg-5668,profile_url,malik eastcott isenberg,Malik Eastcott-Isenberg,linkedin.com/in/malik-eastcott-isenberg-5668,Highmoor Cycles,Staff Engineer,Owen Trask,1,1,False,0
linkedin.com/in/malik-egerton-7432,profile_url,malik egerton,Malik Egerton,linkedin.com/in/malik-egerton-7432,Bexley Bioworks,Chief Digital Officer,Priya Raghunathan; Tomás Beckett,2,1,False,0
linkedin.com/in/malik-egerton-fairweather-5886,profile_url,malik egerton fairweather,Malik Egerton-Fairweather,linkedin.com/in/malik-egerton-fairweather-5886,Inglenook Bakery,VP Engineering,Tomás Beckett,1,1,False,0
linkedin.com/in/malik-fairweather-3257,profile_url,malik fairweather,Malik Fairweather,linkedin.com/in/malik-fairweather-3257,Quintrell Advisory,"Senior Manager, Engineering",Marcus Aldridge,1,1,False,0
linkedin.com/in/malik-fairweather-zettergren-2583,profile_url,malik fairweather zettergren,Malik Fairweather-Zettergren,linkedin.com/in/malik-fairweather-zettergren-2583,Ondermark Consulting,Director of IT,Owen Trask,1,1,False,0
linkedin.com/in/malik-falkenrath-9165,profile_url,malik falkenrath,Malik Falkenrath,linkedin.com/in/malik-falkenrath-9165,Corbridge Realty,Staff Engineer,Dana Whitfield,1,1,False,0
linkedin.com/in/malik-ferreira-4076,profile_url,malik ferreira,Malik Ferreira,linkedin.com/in/malik-ferreira-4076,Bellchamber Media,Staff Engineer,Marcus Aldridge,1,1,False,0
linkedin.com/in/malik-fontaine-6389,profile_url,malik fontaine,Malik Fontaine,linkedin.com/in/malik-fontaine-6389,Bellchamber Media,Product Director,Dana Whitfield,1,1,False,0
linkedin.com/in/malik-gluckstein-5617,profile_url,malik gluckstein,Malik Glückstein,linkedin.com/in/malik-gluckstein-5617,Underwood & Vale,Program Manager,Marcus Aldridge,1,1,False,0
linkedin.com/in/malik-grimsby-8408,profile_url,malik grimsby,Malik Grimsby,linkedin.com/in/malik-grimsby-8408,Ondermark Consulting,Staff Engineer,Marcus Aldridge,1,1,False,0
linkedin.com/in/malik-grimsby-cathcart-8603,profile_url,malik grimsby cathcart,Malik Grimsby-Cathcart,linkedin.com/in/malik-grimsby-cathcart-8603,Zenner Foods,"Senior Manager, Engineering",Tomás Beckett,1,1,False,0
linkedin.com/in/malik-grimsby-norrington-1964,profile_url,malik grimsby norrington,Malik Grimsby-Norrington,linkedin.com/in/malik-grimsby-norrington-1964,Bellchamber Media,Engineering Manager,Owen Trask,1,1,False,0
linkedin.com/in/malik-halloran-1070,profile_url,malik halloran,Malik Halloran,linkedin.com/in/malik-halloran-1070,Highmoor Cycles,Product Director,Priya Raghunathan,1,1,False,0
linkedin.com/in/malik-hartigan-5878,profile_url,malik hartigan,Malik Hartigan,linkedin.com/in/malik-hartigan-5878,Corbridge Realty,Chief Digital Officer,Dana Whitfield,1,1,False,0
linkedin.com/in/malik-hartigan-marchetti-2533,profile_url,malik hartigan marchetti,Malik Hartigan-Marchetti,linkedin.com/in/malik-hartigan-marchetti-2533,Vespermill Analytics,Program Manager,Tomás Beckett,1,1,False,0
linkedin.com/in/malik-havercamp-5648,profile_url,malik havercamp,Malik Havercamp,linkedin.com/in/malik-havercamp-5648,Inglenook Bakery,"Senior Manager, Engineering",Dana Whitfield,1,1,False,0
linkedin.com/in/malik-hojgaard-9843,profile_url,malik hojgaard,Malik Højgaard,linkedin.com/in/malik-hojgaard-9843,Highmoor Cycles,VP Data & Analytics,Marcus Aldridge,1,1,False,0
linkedin.com/in/malik-hojgaard-yarrow-5085,profile_url,malik hojgaard yarrow,Malik Højgaard-Yarrow,linkedin.com/in/malik-hojgaard-yarrow-5085,Tannerly Design,Chief Information Officer,Elena Duvall,1,1,False,0
linkedin.com/in/malik-ibarra-5421,profile_url,malik ibarra,Malik Ibarra,linkedin.com/in/malik-ibarra-5421,Vespermill Analytics,Product Director,Priya Raghunathan,1,1,False,0
linkedin.com/in/malik-ingleby-9025,profile_url,malik ingleby,Malik Ingleby,linkedin.com/in/malik-ingleby-9025,Whitlock Staffing,Principal Architect,Marcus Aldridge,1,1,False,0
linkedin.com/in/malik-ingleby-salcedo-6221,profile_url,malik ingleby salcedo,Malik Ingleby-Salcedo,linkedin.com/in/malik-ingleby-salcedo-6221,Ambrose Trading,"Senior Manager, Engineering",Elena Duvall,1,1,False,0
linkedin.com/in/malik-isenberg-1414,profile_url,malik isenberg,Malik Isenberg,linkedin.com/in/malik-isenberg-1414,Dunmowe Travel,Head of Developer Productivity,Dana Whitfield,1,1,False,0
linkedin.com/in/malik-jarrold-1136,profile_url,malik jarrold,Malik Jarrold,linkedin.com/in/malik-jarrold-1136,Inglenook Bakery,VP Enterprise Architecture,Marcus Aldridge,1,1,False,0
linkedin.com/in/malik-jarrold-crowther-1019,profile_url,malik jarrold crowther,Malik Jarrold-Crowther,linkedin.com/in/malik-jarrold-crowther-1019,Yardley Print,"Senior Manager, Engineering",Owen Trask,1,1,False,0
linkedin.com/in/malik-kettleborough-9025,profile_url,malik kettleborough,Malik Kettleborough,linkedin.com/in/malik-kettleborough-9025,Yardley Print,Engineering Manager,Priya Raghunathan,1,1,False,0
linkedin.com/in/malik-kirkbride-8576,profile_url,malik kirkbride,Malik Kirkbride,linkedin.com/in/malik-kirkbride-8576,Rooksby Legal,Program Manager,Marcus Aldridge,1,1,False,0
linkedin.com/in/malik-lindqvist-2394,profile_url,malik lindqvist,Malik Lindqvist,linkedin.com/in/malik-lindqvist-2394,Ambrose Trading,Program Manager,Tomás Beckett,1,1,False,0
linkedin.com/in/malik-lomsadze-3152,profile_url,malik lomsadze,Malik Lomsadze,linkedin.com/in/malik-lomsadze-3152,Zenner Foods,Head of Innovation,Marcus Aldridge,1,1,False,0
linkedin.com/in/malik-marchetti-7822,profile_url,malik marchetti,Malik Marchetti,linkedin.com/in/malik-marchetti-7822,Ondermark Consulting,Staff Engineer,Dana Whitfield,1,1,False,0
linkedin.com/in/malik-merriweather-4948,profile_url,malik merriweather,Malik Merriweather,linkedin.com/in/malik-merriweather-4948,Bellchamber Media,Head of Innovation,Dana Whitfield,1,1,False,0
linkedin.com/in/malik-merriweather-norrington-3219,profile_url,malik merriweather norrington,Malik Merriweather-Norrington,linkedin.com/in/malik-merriweather-norrington-3219,Fairbourne Fitness,Engineering Manager,Elena Duvall,1,1,False,0
linkedin.com/in/malik-merriweather-salcedo-5020,profile_url,malik merriweather salcedo,Malik Merriweather-Salcedo,linkedin.com/in/malik-merriweather-salcedo-5020,Yardley Print,Director of Software Engineering,Elena Duvall,1,1,False,0
linkedin.com/in/malik-mkhize-6295,profile_url,malik mkhize,Malik Mkhize,linkedin.com/in/malik-mkhize-6295,Corbridge Realty,Head of Developer Productivity,Marcus Aldridge,1,1,False,0
linkedin.com/in/malik-nakashima-2266,profile_url,malik nakashima,Malik Nakashima,linkedin.com/in/malik-nakashima-2266,Underwood & Vale,VP Data & Analytics,Dana Whitfield,1,1,False,0
linkedin.com/in/malik-norrington-5637,profile_url,malik norrington,Malik Norrington,linkedin.com/in/malik-norrington-5637,Inglenook Bakery,"Senior Manager, Engineering",Dana Whitfield,1,1,False,0
linkedin.com/in/malik-okonkwo-1434,profile_url,malik okonkwo,Malik Okonkwo,linkedin.com/in/malik-okonkwo-1434,Bellchamber Media,VP Engineering,Priya Raghunathan,1,1,False,0
linkedin.com/in/malik-oldfield-4774,profile_url,malik oldfield,Malik Oldfield,linkedin.com/in/malik-oldfield-4774,Highmoor Cycles,Staff Engineer,Dana Whitfield,1,1,False,0
linkedin.com/in/malik-oyelaran-9427,profile_url,malik oyelaran,Malik Oyelaran,linkedin.com/in/malik-oyelaran-9427,Elmsworth Tutors,Head of Innovation,Marcus Aldridge,1,1,False,0
linkedin.com/in/malik-petrossian-1812,profile_url,malik petrossian,Malik Petrossian,linkedin.com/in/malik-petrossian-1812,Vespermill Analytics,Product Director,Marcus Aldridge,1,1,False,0
linkedin.com/in/malik-petrossian-egerton-7029,profile_url,malik petrossian egerton,Malik Petrossian-Egerton,linkedin.com/in/malik-petrossian-egerton-7029,Underwood & Vale,Director of IT,Owen Trask,1,1,False,0
linkedin.com/in/malik-prendergast-2547,profile_url,malik prendergast,Malik Prendergast,linkedin.com/in/malik-prendergast-2547,Bellchamber Media,VP Enterprise Architecture,Dana Whitfield,1,1,False,0
linkedin.com/in/malik-prendergast-bellinger-5669,profile_url,malik prendergast bellinger,Malik Prendergast-Bellinger,linkedin.com/in/malik-prendergast-bellinger-5669,Zenner Foods,Chief Digital Officer,Elena Duvall,1,1,False,0
linkedin.com/in/malik-quillane-9768,profile_url,malik quillane,Malik Quillane,linkedin.com/in/malik-quillane-9768,Tannerly Design,"Senior Manager, Engineering",Tomás Beckett,1,1,False,0
linkedin.com/in/malik-quillane-jarrold-2770,profile_url,malik quillane jarrold,Malik Quillane-Jarrold,linkedin.com/in/malik-quillane-jarrold-2770,Quintrell Advisory,Head of Automation,Owen Trask,1,1,False,0
linkedin.com/in/malik-rushworth-1586,profile_url,malik rushworth,Malik Rushworth,linkedin.com/in/malik-rushworth-1586,Dunmowe Travel,Staff Engineer,Dana Whitfield,1,1,False,0
linkedin.com/in/malik-salcedo-5729,profile_url,malik salcedo,Malik Salcedo,linkedin.com/in/malik-salcedo-5729,Corbridge Realty,Head of Platform Engineering,Priya Raghunathan,1,1,False,0
linkedin.com/in/malik-salcedo-mkhize-1776,profile_url,malik salcedo mkhize,Malik Salcedo-Mkhize,linkedin.com/in/malik-salcedo-mkhize-1776,Dunmowe Travel,"Senior Manager, Engineering",Tomás Beckett,1,1,False,0
linkedin.com/in/malik-sandoval-5186,profile_url,malik sandoval,Malik Sandoval,linkedin.com/in/malik-sandoval-5186,Whitlock Staffing,Director of IT,Marcus Aldridge,1,1,False,0
linkedin.com/in/malik-thackeray-1512,profile_url,malik thackeray,Malik Thackeray,linkedin.com/in/malik-thackeray-1512,Rooksby Legal,Principal Architect,Marcus Aldridge,1,1,False,0
linkedin.com/in/malik-thackeray-egerton-1833,profile_url,malik thackeray egerton,Malik Thackeray-Egerton,linkedin.com/in/malik-thackeray-egerton-1833,Xanthe Labs,Product Director,Owen Trask,1,1,False,0
linkedin.com/in/malik-thackeray-nakashima-4623,profile_url,malik thackeray nakashima,Malik Thackeray-Nakashima,linkedin.com/in/malik-thackeray-nakashima-4623,Quintrell Advisory,Director of Software Engineering,Elena Duvall,1,1,False,0
linkedin.com/in/malik-underhill-9064,profile_url,malik underhill,Malik Underhill,linkedin.com/in/malik-underhill-9064,Quintrell Advisory,Chief Technology Officer,Marcus Aldridge,1,1,False,0
linkedin.com/in/malik-vandermolen-9500,profile_url,malik vandermolen,Malik Vandermolen,linkedin.com/in/malik-vandermolen-9500,Inglenook Bakery,"Senior Manager, Engineering",Tomás Beckett,1,1,False,0
name:malik vandermolen oyelaran,name_only,malik vandermolen oyelaran,Malik Vandermolen-Oyelaran,,Rooksby Legal,Chief Information Officer,Tomás Beckett,1,1,False,1
linkedin.com/in/malik-vasquez-9170,profile_url,malik vasquez,Malik Vasquez,linkedin.com/in/malik-vasquez-9170,Highmoor Cycles,Product Director,Marcus Aldridge,1,1,False,0
linkedin.com/in/malik-vasquez-kettleborough-3616,profile_url,malik vasquez kettleborough,Malik Vasquez-Kettleborough,linkedin.com/in/malik-vasquez-kettleborough-3616,Yardley Print,Engineering Manager,Owen Trask,1,1,False,0
linkedin.com/in/malik-wexford-8462,profile_url,malik wexford,Malik Wexford,linkedin.com/in/malik-wexford-8462,Vespermill Analytics,Chief Technology Officer,Priya Raghunathan,1,1,False,0
linkedin.com/in/malik-wexford-oldfield-7924,profile_url,malik wexford oldfield,Malik Wexford-Oldfield,linkedin.com/in/malik-wexford-oldfield-7924,Pale Harbour Studio,"Senior Manager, Engineering",Tomás Beckett,1,1,False,0
linkedin.com/in/malik-wexford-vasquez-6738,profile_url,malik wexford vasquez,Malik Wexford-Vasquez,linkedin.com/in/malik-wexford-vasquez-6738,Ondermark Consulting,Head of Innovation,Owen Trask,1,1,False,0
linkedin.com/in/malik-wolstenholme-7531,profile_url,malik wolstenholme,Malik Wolstenholme,linkedin.com/in/malik-wolstenholme-7531,Inglenook Bakery,SVP Digital,Tomás Beckett,1,1,False,0
name:malik yarrow,name_only,malik yarrow,Malik Yarrow,,Tannerly Design,Program Manager,Dana Whitfield,1,1,False,1
name:malik zettergren,name_only,malik zettergren,Malik Zettergren,,Tannerly Design,Staff Engineer,Marcus Aldridge,1,1,False,1
linkedin.com/in/malik-zubkov-2980,profile_url,malik zubkov,Malik Zubkov,linkedin.com/in/malik-zubkov-2980,Fairbourne Fitness,Principal Architect,Marcus Aldridge,1,1,False,0
name:marcus achterberg,name_only,marcus achterberg,Marcus Achterberg,,Tannerly Design,Platform Lead,Marcus Aldridge,1,1,False,1
linkedin.com/in/marcus-ashdown-7696,profile_url,marcus ashdown,Marcus Ashdown,linkedin.com/in/marcus-ashdown-7696,Pale Harbour Studio,Chief Operating Officer,Priya Raghunathan,1,1,False,0
linkedin.com/in/marcus-balogun-1677,profile_url,marcus balogun,Marcus Balogun,linkedin.com/in/marcus-balogun-1677,Xanthe Labs,Engineering Manager,Marcus Aldridge,1,1,False,0
linkedin.com/in/marcus-bellinger-9605,profile_url,marcus bellinger,Marcus Bellinger,linkedin.com/in/marcus-bellinger-9605,Fairbourne Fitness,Head of Innovation,Tomás Beckett,1,1,False,0
name:marcus brenneman,name_only,marcus brenneman,Marcus Brenneman,,Fairbourne Fitness,Head of Developer Productivity,Marcus Aldridge,1,1,False,1
linkedin.com/in/marcus-cardoso-6028,profile_url,marcus cardoso,Marcus Cardoso,linkedin.com/in/marcus-cardoso-6028,Inglenook Bakery,Product Director,Dana Whitfield,1,1,False,0
linkedin.com/in/marcus-cathcart-6901,profile_url,marcus cathcart,Marcus Cathcart,linkedin.com/in/marcus-cathcart-6901,Dunmowe Travel,Principal Architect,Tomás Beckett,1,1,False,0
linkedin.com/in/marcus-crowther-5687,profile_url,marcus crowther,Marcus Crowther,linkedin.com/in/marcus-crowther-5687,Corbridge Realty,Head of Platform Engineering,Dana Whitfield,1,1,False,0
linkedin.com/in/marcus-dellinger-4459,profile_url,marcus dellinger,Marcus Dellinger,linkedin.com/in/marcus-dellinger-4459,Vespermill Analytics,Product Director,Marcus Aldridge,1,1,False,0
name:marcus dobrescu,name_only,marcus dobrescu,Marcus Dobrescu,,Whitlock Staffing,Head of Platform Engineering,Tomás Beckett,1,1,False,1
linkedin.com/in/marcus-dobrescu-isenberg-3072,profile_url,marcus dobrescu isenberg,Marcus Dobrescu-Isenberg,linkedin.com/in/marcus-dobrescu-isenberg-3072,Garrowby Books,Engineering Manager,Tomás Beckett,1,1,False,0
linkedin.com/in/marcus-drummond-9165,profile_url,marcus drummond,Marcus Drummond,linkedin.com/in/marcus-drummond-9165,Xanthe Labs,Director of IT,Dana Whitfield,1,1,False,0
linkedin.com/in/marcus-drummond-norrington-4449,profile_url,marcus drummond norrington,Marcus Drummond-Norrington,linkedin.com/in/marcus-drummond-norrington-4449,Rooksby Legal,Product Director,Elena Duvall,1,1,False,0
name:marcus eastcott,name_only,marcus eastcott,Marcus Eastcott,,Bellchamber Media,Program Manager,Marcus Aldridge,1,1,False,1
linkedin.com/in/marcus-egerton-8559,profile_url,marcus egerton,Marcus Egerton,linkedin.com/in/marcus-egerton-8559,Xanthe Labs,Engineering Manager,Dana Whitfield,1,1,False,0
linkedin.com/in/marcus-fairweather-6282,profile_url,marcus fairweather,Marcus Fairweather,linkedin.com/in/marcus-fairweather-6282,Corbridge Realty,Platform Lead,Dana Whitfield,1,1,False,0
linkedin.com/in/marcus-falkenrath-1718,profile_url,marcus falkenrath,Marcus Falkenrath,linkedin.com/in/marcus-falkenrath-1718,Ondermark Consulting,Head of Automation,Marcus Aldridge,1,1,False,0
linkedin.com/in/marcus-ferreira-8378,profile_url,marcus ferreira,Marcus Ferreira,linkedin.com/in/marcus-ferreira-8378,Fairbourne Fitness,Staff Engineer,Tomás Beckett,1,1,False,0
linkedin.com/in/marcus-fontaine-6453,profile_url,marcus fontaine,Marcus Fontaine,linkedin.com/in/marcus-fontaine-6453,Bellchamber Media,Principal Architect,Dana Whitfield,1,1,False,0
linkedin.com/in/marcus-gluckstein-3279,profile_url,marcus gluckstein,Marcus Glückstein,linkedin.com/in/marcus-gluckstein-3279,Fairbourne Fitness,Platform Lead,Tomás Beckett,1,1,False,0
name:marcus grimsby,name_only,marcus grimsby,Marcus Grimsby,,Zenner Foods,Director of Software Engineering,Marcus Aldridge,1,1,False,1
linkedin.com/in/marcus-grimsby-kettleborough-5117,profile_url,marcus grimsby kettleborough,Marcus Grimsby-Kettleborough,linkedin.com/in/marcus-grimsby-kettleborough-5117,Yardley Print,Head of Developer Productivity,Elena Duvall,1,1,False,0
linkedin.com/in/marcus-halloran-3997,profile_url,marcus halloran,Marcus Halloran,linkedin.com/in/marcus-halloran-3997,Xanthe Labs,Head of Automation,Priya Raghunathan,1,1,False,0
linkedin.com/in/marcus-halloran-dellinger-1364,profile_url,marcus halloran dellinger,Marcus Halloran-Dellinger,linkedin.com/in/marcus-halloran-dellinger-1364,Pale Harbour Studio,Head of Platform Engineering,Tomás Beckett,1,1,False,0
linkedin.com/in/marcus-hartigan-2589,profile_url,marcus hartigan,Marcus Hartigan,linkedin.com/in/marcus-hartigan-2589,Zenner Foods,Platform Lead,Tomás Beckett,1,1,False,0
linkedin.com/in/marcus-havercamp-6198,profile_url,marcus havercamp,Marcus Havercamp,linkedin.com/in/marcus-havercamp-6198,Whitlock Staffing,Principal Architect,Dana Whitfield,1,1,False,0
linkedin.com/in/marcus-hojgaard-8105,profile_url,marcus hojgaard,Marcus Højgaard,linkedin.com/in/marcus-hojgaard-8105,Blackwood Industrial,Chief Technology Officer,Owen Trask; Tomás Beckett,2,1,False,0
linkedin.com/in/marcus-hojgaard-yarrow-1943,profile_url,marcus hojgaard yarrow,Marcus Højgaard-Yarrow,linkedin.com/in/marcus-hojgaard-yarrow-1943,Yardley Print,Chief Information Officer,Elena Duvall,1,1,False,0
linkedin.com/in/marcus-ibarra-9739,profile_url,marcus ibarra,Marcus Ibarra,linkedin.com/in/marcus-ibarra-9739,Tannerly Design,Principal Architect,Priya Raghunathan,1,1,False,0
linkedin.com/in/marcus-ingleby-8065,profile_url,marcus ingleby,Marcus Ingleby,linkedin.com/in/marcus-ingleby-8065,Tannerly Design,Head of Automation,Marcus Aldridge,1,1,False,0
name:marcus isenberg,name_only,marcus isenberg,Marcus Isenberg,,Xanthe Labs,Chief Digital Officer,Marcus Aldridge,1,1,False,1
linkedin.com/in/marcus-jarrold-2701,profile_url,marcus jarrold,Marcus Jarrold,linkedin.com/in/marcus-jarrold-2701,Ambrose Trading,VP Engineering,Dana Whitfield,1,1,False,0
linkedin.com/in/marcus-kettleborough-2445,profile_url,marcus kettleborough,Marcus Kettleborough,linkedin.com/in/marcus-kettleborough-2445,Zenner Foods,Principal Architect,Tomás Beckett,1,1,False,0
linkedin.com/in/marcus-kirkbride-5218,profile_url,marcus kirkbride,Marcus Kirkbride,linkedin.com/in/marcus-kirkbride-5218,Tannerly Design,Staff Engineer,Priya Raghunathan,1,1,False,0
linkedin.com/in/marcus-lindqvist-7160,profile_url,marcus lindqvist,Marcus Lindqvist,linkedin.com/in/marcus-lindqvist-7160,Elmsworth Tutors,VP Engineering,Priya Raghunathan,1,1,False,0
linkedin.com/in/marcus-lomsadze-4175,profile_url,marcus lomsadze,Marcus Lomsadze,linkedin.com/in/marcus-lomsadze-4175,Inglenook Bakery,Head of Platform Engineering,Tomás Beckett,1,1,False,0
linkedin.com/in/marcus-marchetti-7314,profile_url,marcus marchetti,Marcus Marchetti,linkedin.com/in/marcus-marchetti-7314,Corbridge Realty,Staff Engineer,Dana Whitfield,1,1,False,0
linkedin.com/in/marcus-merriweather-2295,profile_url,marcus merriweather,Marcus Merriweather,linkedin.com/in/marcus-merriweather-2295,Marlowe Freight Systems,Chief Data Officer,Marcus Aldridge,1,1,False,0
name:marcus merriweather ibarra,name_only,marcus merriweather ibarra,Marcus Merriweather-Ibarra,,Tannerly Design,Director of IT,Elena Duvall,1,1,False,1
linkedin.com/in/marcus-mkhize-8065,profile_url,marcus mkhize,Marcus Mkhize,linkedin.com/in/marcus-mkhize-8065,Inglenook Bakery,Head of Innovation,Marcus Aldridge,1,1,False,0
linkedin.com/in/marcus-mkhize-drummond-1317,profile_url,marcus mkhize drummond,Marcus Mkhize-Drummond,linkedin.com/in/marcus-mkhize-drummond-1317,Zenner Foods,Chief Technology Officer,Owen Trask,1,1,False,0
linkedin.com/in/marcus-mkhize-quillane-1884,profile_url,marcus mkhize quillane,Marcus Mkhize-Quillane,linkedin.com/in/marcus-mkhize-quillane-1884,Highmoor Cycles,"Senior Manager, Engineering",Tomás Beckett,1,1,False,0
name:marcus nakashima,name_only,marcus nakashima,Marcus Nakashima,,Whitlock Staffing,Staff Engineer,Tomás Beckett,1,1,False,1
linkedin.com/in/marcus-norrington-5119,profile_url,marcus norrington,Marcus Norrington,linkedin.com/in/marcus-norrington-5119,Ondermark Consulting,VP Enterprise Architecture,Marcus Aldridge,1,1,False,0
linkedin.com/in/marcus-okonkwo-3371,profile_url,marcus okonkwo,Marcus Okonkwo,linkedin.com/in/marcus-okonkwo-3371,Quintrell Advisory,Program Manager,Tomás Beckett,1,1,False,0
linkedin.com/in/marcus-oldfield-8125,profile_url,marcus oldfield,Marcus Oldfield,linkedin.com/in/marcus-oldfield-8125,Corbridge Realty,Chief Digital Officer,Dana Whitfield,1,1,False,0
name:marcus oldfield vasquez,name_only,marcus oldfield vasquez,Marcus Oldfield-Vasquez,,Corbridge Realty,Platform Lead,Tomás Beckett,1,1,False,1
linkedin.com/in/marcus-oyelaran-9225,profile_url,marcus oyelaran,Marcus Oyelaran,linkedin.com/in/marcus-oyelaran-9225,Whitlock Staffing,Head of Automation,Dana Whitfield,1,1,False,0
linkedin.com/in/marcus-petrossian-6878,profile_url,marcus petrossian,Marcus Petrossian,linkedin.com/in/marcus-petrossian-6878,Tannerly Design,Director of IT,Tomás Beckett,1,1,False,0
linkedin.com/in/marcus-prendergast-6983,profile_url,marcus prendergast,Marcus Prendergast,linkedin.com/in/marcus-prendergast-6983,Ambrose Trading,VP Engineering,Tomás Beckett,1,1,False,0
linkedin.com/in/marcus-quillane-2132,profile_url,marcus quillane,Marcus Quillane,linkedin.com/in/marcus-quillane-2132,Elmsworth Tutors,Chief Data Officer,Tomás Beckett,1,1,False,0
linkedin.com/in/marcus-rushworth-7910,profile_url,marcus rushworth,Marcus Rushworth,linkedin.com/in/marcus-rushworth-7910,Bellchamber Media,Engineering Manager,Marcus Aldridge,1,1,False,0
linkedin.com/in/marcus-salcedo-1696,profile_url,marcus salcedo,Marcus Salcedo,linkedin.com/in/marcus-salcedo-1696,Harrowgate Health,Director of Software Engineering,Marcus Aldridge; Tomás Beckett,2,1,False,0
linkedin.com/in/marcus-sandoval-5663,profile_url,marcus sandoval,Marcus Sandoval,linkedin.com/in/marcus-sandoval-5663,Corbridge Realty,Program Manager,Marcus Aldridge,1,1,False,0
linkedin.com/in/marcus-thackeray-8585,profile_url,marcus thackeray,Marcus Thackeray,linkedin.com/in/marcus-thackeray-8585,Ondermark Consulting,Head of Innovation,Tomás Beckett,1,1,False,0
linkedin.com/in/marcus-underhill-7406,profile_url,marcus underhill,Marcus Underhill,linkedin.com/in/marcus-underhill-7406,Ondermark Consulting,Head of Innovation,Dana Whitfield,1,1,False,0
linkedin.com/in/marcus-vandermolen-7470,profile_url,marcus vandermolen,Marcus Vandermolen,linkedin.com/in/marcus-vandermolen-7470,Bellchamber Media,Staff Engineer,Tomás Beckett,1,1,False,0
linkedin.com/in/marcus-vasquez-4596,profile_url,marcus vasquez,Marcus Vasquez,linkedin.com/in/marcus-vasquez-4596,Fairbourne Fitness,Platform Lead,Dana Whitfield,1,1,False,0
linkedin.com/in/marcus-wexford-1448,profile_url,marcus wexford,Marcus Wexford,linkedin.com/in/marcus-wexford-1448,Tannerly Design,Principal Architect,Marcus Aldridge,1,1,False,0
linkedin.com/in/marcus-wolstenholme-3319,profile_url,marcus wolstenholme,Marcus Wolstenholme,linkedin.com/in/marcus-wolstenholme-3319,Ondermark Consulting,Platform Lead,Priya Raghunathan,1,1,False,0
linkedin.com/in/marcus-yarrow-5313,profile_url,marcus yarrow,Marcus Yarrow,linkedin.com/in/marcus-yarrow-5313,Inglenook Bakery,Chief Information Officer,Priya Raghunathan,1,1,False,0
linkedin.com/in/marcus-zettergren-1360,profile_url,marcus zettergren,Marcus Zettergren,linkedin.com/in/marcus-zettergren-1360,Yardley Print,Director of IT,Marcus Aldridge,1,1,False,0
linkedin.com/in/marcus-zubkov-6170,profile_url,marcus zubkov,Marcus Zubkov,linkedin.com/in/marcus-zubkov-6170,Garrowby Books,Chief Data Officer,Tomás Beckett,1,1,False,0
linkedin.com/in/margot-achterberg-1647,profile_url,margot achterberg,Margot Achterberg,linkedin.com/in/margot-achterberg-1647,Highmoor Cycles,Staff Engineer,Marcus Aldridge,1,1,False,0
linkedin.com/in/margot-ashdown-7500,profile_url,margot ashdown,Margot Ashdown,linkedin.com/in/margot-ashdown-7500,Inglenook Bakery,Product Director,Dana Whitfield,1,1,False,0
linkedin.com/in/margot-balogun-2165,profile_url,margot balogun,Margot Balogun,linkedin.com/in/margot-balogun-2165,Underwood & Vale,Engineering Manager,Priya Raghunathan,1,1,False,0
linkedin.com/in/margot-balogun-petrossian-7323,profile_url,margot balogun petrossian,Margot Balogun-Petrossian,linkedin.com/in/margot-balogun-petrossian-7323,Quintrell Advisory,Chief Technology Officer,Elena Duvall,1,1,False,0
linkedin.com/in/margot-balogun-vasquez-6624,profile_url,margot balogun vasquez,Margot Balogun-Vasquez,linkedin.com/in/margot-balogun-vasquez-6624,Bellchamber Media,Chief Digital Officer,Tomás Beckett,1,1,False,0
linkedin.com/in/margot-bellinger-1401,profile_url,margot bellinger,Margot Bellinger,linkedin.com/in/margot-bellinger-1401,Quintrell Advisory,Chief Operating Officer,Tomás Beckett,1,1,False,0
linkedin.com/in/margot-brenneman-3338,profile_url,margot brenneman,Margot Brenneman,linkedin.com/in/margot-brenneman-3338,Inglenook Bakery,Chief Information Officer,Dana Whitfield,1,1,False,0
linkedin.com/in/margot-cardoso-9625,profile_url,margot cardoso,Margot Cardoso,linkedin.com/in/margot-cardoso-9625,Xanthe Labs,Platform Lead,Marcus Aldridge,1,1,False,0
linkedin.com/in/margot-cathcart-3906,profile_url,margot cathcart,Margot Cathcart,linkedin.com/in/margot-cathcart-3906,Elmsworth Tutors,Chief Data Officer,Marcus Aldridge,1,1,False,0
linkedin.com/in/margot-crowther-6491,profile_url,margot crowther,Margot Crowther,linkedin.com/in/margot-crowther-6491,Underwood & Vale,Chief Data Officer,Tomás Beckett,1,1,False,0
linkedin.com/in/margot-dellinger-3145,profile_url,margot dellinger,Margot Dellinger,linkedin.com/in/margot-dellinger-3145,Vespermill Analytics,Product Director,Marcus Aldridge,1,1,False,0
linkedin.com/in/margot-dellinger-egerton-1987,profile_url,margot dellinger egerton,Margot Dellinger-Egerton,linkedin.com/in/margot-dellinger-egerton-1987,Yardley Print,Staff Engineer,Tomás Beckett,1,1,False,0
linkedin.com/in/margot-dobrescu-8114,profile_url,margot dobrescu,Margot Dobrescu,linkedin.com/in/margot-dobrescu-8114,Pale Harbour Studio,Chief Information Officer,Tomás Beckett,1,1,False,0
linkedin.com/in/margot-drummond-8156,profile_url,margot drummond,Margot Drummond,linkedin.com/in/margot-drummond-8156,Rooksby Legal,Head of Automation,Dana Whitfield,1,1,False,0
linkedin.com/in/margot-eastcott-3526,profile_url,margot eastcott,Margot Eastcott,linkedin.com/in/margot-eastcott-3526,Underwood & Vale,Product Director,Priya Raghunathan,1,1,False,0
linkedin.com/in/margot-egerton-1599,profile_url,margot egerton,Margot Egerton,linkedin.com/in/margot-egerton-1599,Yardley Print,Engineering Manager,Dana Whitfield,1,1,False,0
name:margot fairweather,name_only,margot fairweather,Margot Fairweather,,Pale Harbour Studio,SVP Digital,Marcus Aldridge,1,1,False,1
linkedin.com/in/margot-falkenrath-3592,profile_url,margot falkenrath,Margot Falkenrath,linkedin.com/in/margot-falkenrath-3592,Garrowby Books,Engineering Manager,Tomás Beckett,1,1,False,0
linkedin.com/in/margot-falkenrath-lindqvist-9521,profile_url,margot falkenrath lindqvist,Margot Falkenrath-Lindqvist,linkedin.com/in/margot-falkenrath-lindqvist-9521,Ondermark Consulting,VP Engineering,Elena Duvall,1,1,False,0
linkedin.com/in/margot-ferreira-5045,profile_url,margot ferreira,Margot Ferreira,linkedin.com/in/margot-ferreira-5045,Tannerly Design,VP Data & Analytics,Dana Whitfield,1,1,False,0
linkedin.com/in/margot-fontaine-3014,profile_url,margot fontaine,Margot Fontaine,linkedin.com/in/margot-fontaine-3014,Bellchamber Media,Chief Operating Officer,Marcus Aldridge,1,1,False,0
name:margot fontaine isenberg,name_only,margot fontaine isenberg,Margot Fontaine-Isenberg,,Inglenook Bakery,Platform Lead,Elena Duvall,1,1,False,1
linkedin.com/in/margot-gluckstein-8521,profile_url,margot gluckstein,Margot Glückstein,linkedin.com/in/margot-gluckstein-8521,Vespermill Analytics,"Senior Manager, Engineering",Marcus Aldridge,1,1,False,0
linkedin.com/in/margot-gluckstein-marchetti-6993,profile_url,margot gluckstein marchetti,Margot Glückstein-Marchetti,linkedin.com/in/margot-gluckstein-marchetti-6993,Ambrose Trading,Head of Developer Productivity,Tomás Beckett,1,1,False,0
linkedin.com/in/margot-grimsby-8354,profile_url,margot grimsby,Margot Grimsby,linkedin.com/in/margot-grimsby-8354,Bellchamber Media,"Senior Manager, Engineering",Marcus Aldridge,1,1,False,0
linkedin.com/in/margot-halloran-7291,profile_url,margot halloran,Margot Halloran,linkedin.com/in/margot-halloran-7291,Xanthe Labs,"Senior Manager, Engineering",Priya Raghunathan,1,1,False,0
linkedin.com/in/margot-halloran-bellinger-5797,profile_url,margot halloran bellinger,Margot Halloran-Bellinger,linkedin.com/in/margot-halloran-bellinger-5797,Pale Harbour Studio,Chief Information Officer,Elena Duvall,1,1,False,0
linkedin.com/in/margot-hartigan-3579,profile_url,margot hartigan,Margot Hartigan,linkedin.com/in/margot-hartigan-3579,Quintrell Advisory,Platform Lead,Dana Whitfield,1,1,False,0
linkedin.com/in/margot-havercamp-5963,profile_url,margot havercamp,Margot Havercamp,linkedin.com/in/margot-havercamp-5963,Priorwood Chemicals,Director of Software Engineering,Marcus Aldridge; Tomás Beckett,2,1,False,0
linkedin.com/in/margot-havercamp-bellinger-7668,profile_url,margot havercamp bellinger,Margot Havercamp-Bellinger,linkedin.com/in/margot-havercamp-bellinger-7668,Bellchamber Media,Head of Automation,Owen Trask,1,1,False,0
linkedin.com/in/margot-hojgaard-2903,profile_url,margot hojgaard,Margot Højgaard,linkedin.com/in/margot-hojgaard-2903,Corbridge Realty,Chief Information Officer,Marcus Aldridge,1,1,False,0
linkedin.com/in/margot-hojgaard-oldfield-2868,profile_url,margot hojgaard oldfield,Margot Højgaard-Oldfield,linkedin.com/in/margot-hojgaard-oldfield-2868,Xanthe Labs,Director of IT,Tomás Beckett,1,1,False,0
linkedin.com/in/margot-ibarra-4407,profile_url,margot ibarra,Margot Ibarra,linkedin.com/in/margot-ibarra-4407,Tannerly Design,Platform Lead,Dana Whitfield,1,1,False,0
linkedin.com/in/margot-ingleby-1254,profile_url,margot ingleby,Margot Ingleby,linkedin.com/in/margot-ingleby-1254,Dunmowe Travel,Product Director,Marcus Aldridge,1,1,False,0
linkedin.com/in/margot-isenberg-6972,profile_url,margot isenberg,Margot Isenberg,linkedin.com/in/margot-isenberg-6972,Dunmowe Travel,Platform Lead,Dana Whitfield,1,1,False,0
linkedin.com/in/margot-jarrold-2452,profile_url,margot jarrold,Margot Jarrold,linkedin.com/in/margot-jarrold-2452,Zenner Foods,Head of Automation,Tomás Beckett,1,1,False,0
linkedin.com/in/margot-jarrold-egerton-6655,profile_url,margot jarrold egerton,Margot Jarrold-Egerton,linkedin.com/in/margot-jarrold-egerton-6655,Fairbourne Fitness,Chief Information Officer,Tomás Beckett,1,1,False,0
linkedin.com/in/margot-kettleborough-1301,profile_url,margot kettleborough,Margot Kettleborough,linkedin.com/in/margot-kettleborough-1301,Inglenook Bakery,Principal Architect,Dana Whitfield,1,1,False,0
linkedin.com/in/margot-kirkbride-8823,profile_url,margot kirkbride,Margot Kirkbride,linkedin.com/in/margot-kirkbride-8823,Rooksby Legal,Head of Automation,Tomás Beckett,1,1,False,0
linkedin.com/in/margot-kirkbride-wolstenholme-8260,profile_url,margot kirkbride wolstenholme,Margot Kirkbride-Wolstenholme,linkedin.com/in/margot-kirkbride-wolstenholme-8260,Zenner Foods,Director of IT,Elena Duvall,1,1,False,0
linkedin.com/in/margot-lindqvist-3507,profile_url,margot lindqvist,Margot Lindqvist,linkedin.com/in/margot-lindqvist-3507,Pale Harbour Studio,Product Director,Marcus Aldridge,1,1,False,0
linkedin.com/in/margot-lindqvist-falkenrath-2112,profile_url,margot lindqvist falkenrath,Margot Lindqvist-Falkenrath,linkedin.com/in/margot-lindqvist-falkenrath-2112,Quintrell Advisory,Engineering Manager,Elena Duvall,1,1,False,0
linkedin.com/in/margot-lomsadze-1713,profile_url,margot lomsadze,Margot Lomsadze,linkedin.com/in/margot-lomsadze-1713,Yardley Print,Principal Architect,Marcus Aldridge,1,1,False,0
linkedin.com/in/margot-marchetti-3156,profile_url,margot marchetti,Margot Marchetti,linkedin.com/in/margot-marchetti-3156,Zenner Foods,Program Manager,Dana Whitfield,1,1,False,0
linkedin.com/in/margot-merriweather-7545,profile_url,margot merriweather,Margot Merriweather,linkedin.com/in/margot-merriweather-7545,Dunmowe Travel,Platform Lead,Priya Raghunathan,1,1,False,0
linkedin.com/in/margot-merriweather-achterberg-2562,profile_url,margot merriweather achterberg,Margot Merriweather-Achterberg,linkedin.com/in/margot-merriweather-achterberg-2562,Corbridge Realty,Engineering Manager,Elena Duvall,1,1,False,0
linkedin.com/in/margot-merriweather-ingleby-2967,profile_url,margot merriweather ingleby,Margot Merriweather-Ingleby,linkedin.com/in/margot-merriweather-ingleby-2967,Ambrose Trading,Head of Platform Engineering,Tomás Beckett,1,1,False,0
linkedin.com/in/margot-mkhize-5677,profile_url,margot mkhize,Margot Mkhize,linkedin.com/in/margot-mkhize-5677,Elmsworth Tutors,VP Data & Analytics,Marcus Aldridge,1,1,False,0
linkedin.com/in/margot-nakashima-5750,profile_url,margot nakashima,Margot Nakashima,linkedin.com/in/margot-nakashima-5750,Ambrose Trading,Platform Lead,Priya Raghunathan,1,1,False,0
linkedin.com/in/margot-norrington-9543,profile_url,margot norrington,Margot Norrington,linkedin.com/in/margot-norrington-9543,Underwood & Vale,Director of IT,Marcus Aldridge,1,1,False,0
linkedin.com/in/margot-okonkwo-9178,profile_url,margot okonkwo,Margot Okonkwo,linkedin.com/in/margot-okonkwo-9178,Corbridge Realty,Product Director,Marcus Aldridge,1,1,False,0
linkedin.com/in/margot-oldfield-7498,profile_url,margot oldfield,Margot Oldfield,linkedin.com/in/margot-oldfield-7498,Inglenook Bakery,Head of Innovation,Dana Whitfield,1,1,False,0
linkedin.com/in/margot-oyelaran-7688,profile_url,margot oyelaran,Margot Oyelaran,linkedin.com/in/margot-oyelaran-7688,Whitlock Staffing,Engineering Manager,Tomás Beckett,1,1,False,0
linkedin.com/in/margot-petrossian-3675,profile_url,margot petrossian,Margot Petrossian,linkedin.com/in/margot-petrossian-3675,Yardley Print,Chief Digital Officer,Dana Whitfield,1,1,False,0
linkedin.com/in/margot-prendergast-2226,profile_url,margot prendergast,Margot Prendergast,linkedin.com/in/margot-prendergast-2226,Vespermill Analytics,Product Director,Priya Raghunathan,1,1,False,0
linkedin.com/in/margot-quillane-4836,profile_url,margot quillane,Margot Quillane,linkedin.com/in/margot-quillane-4836,Dunmowe Travel,Program Manager,Marcus Aldridge,1,1,False,0
name:margot rushworth,name_only,margot rushworth,Margot Rushworth,,Zenner Foods,Head of Developer Productivity,Priya Raghunathan,1,1,False,1
linkedin.com/in/margot-salcedo-1491,profile_url,margot salcedo,Margot Salcedo,linkedin.com/in/margot-salcedo-1491,Quintrell Advisory,Head of Innovation,Marcus Aldridge,1,1,False,0
linkedin.com/in/margot-sandoval-1993,profile_url,margot sandoval,Margot Sandoval,linkedin.com/in/margot-sandoval-1993,Tannerly Design,Product Director,Tomás Beckett,1,1,False,0
linkedin.com/in/margot-thackeray-6383,profile_url,margot thackeray,Margot Thackeray,linkedin.com/in/margot-thackeray-6383,Garrowby Books,Chief Information Officer,Dana Whitfield,1,1,False,0
linkedin.com/in/margot-underhill-7570,profile_url,margot underhill,Margot Underhill,linkedin.com/in/margot-underhill-7570,Corbridge Realty,Platform Lead,Marcus Aldridge,1,1,False,0
linkedin.com/in/margot-vandermolen-4747,profile_url,margot vandermolen,Margot Vandermolen,linkedin.com/in/margot-vandermolen-4747,Corbridge Realty,Chief Information Officer,Dana Whitfield,1,1,False,0
linkedin.com/in/margot-vasquez-7132,profile_url,margot vasquez,Margot Vasquez,linkedin.com/in/margot-vasquez-7132,Pale Harbour Studio,VP Enterprise Architecture,Marcus Aldridge,1,1,False,0
linkedin.com/in/margot-wexford-4501,profile_url,margot wexford,Margot Wexford,linkedin.com/in/margot-wexford-4501,Garrowby Books,Head of Innovation,Priya Raghunathan,1,1,False,0
linkedin.com/in/margot-wolstenholme-8456,profile_url,margot wolstenholme,Margot Wolstenholme,linkedin.com/in/margot-wolstenholme-8456,Ondermark Consulting,"Senior Manager, Engineering",Dana Whitfield,1,1,False,0
linkedin.com/in/margot-yarrow-4563,profile_url,margot yarrow,Margot Yarrow,linkedin.com/in/margot-yarrow-4563,Tannerly Design,Director of IT,Dana Whitfield,1,1,False,0
linkedin.com/in/margot-zettergren-4541,profile_url,margot zettergren,Margot Zettergren,linkedin.com/in/margot-zettergren-4541,Vespermill Analytics,Platform Lead,Dana Whitfield,1,1,False,0
name:margot zubkov,name_only,margot zubkov,Margot Zubkov,,Dunmowe Travel,Engineering Manager,Marcus Aldridge,1,1,False,1
linkedin.com/in/marisol-achterberg-2880,profile_url,marisol achterberg,Marisol Achterberg,linkedin.com/in/marisol-achterberg-2880,Zenner Foods,Head of Innovation,Priya Raghunathan,1,1,False,0
linkedin.com/in/marisol-ashdown-8323,profile_url,marisol ashdown,Marisol Ashdown,linkedin.com/in/marisol-ashdown-8323,Inglenook Bakery,Chief Technology Officer,Marcus Aldridge,1,1,False,0
linkedin.com/in/marisol-balogun-7184,profile_url,marisol balogun,Marisol Balogun,linkedin.com/in/marisol-balogun-7184,Fairbourne Fitness,Head of Automation,Marcus Aldridge,1,1,False,0
linkedin.com/in/marisol-balogun-drummond-4056,profile_url,marisol balogun drummond,Marisol Balogun-Drummond,linkedin.com/in/marisol-balogun-drummond-4056,Highmoor Cycles,VP Data & Analytics,Tomás Beckett,1,1,False,0
linkedin.com/in/marisol-bellinger-2009,profile_url,marisol bellinger,Marisol Bellinger,linkedin.com/in/marisol-bellinger-2009,Quintrell Advisory,VP Engineering,Marcus Aldridge,1,1,False,0
linkedin.com/in/marisol-brenneman-8915,profile_url,marisol brenneman,Marisol Brenneman,linkedin.com/in/marisol-brenneman-8915,Tannerly Design,Platform Lead,Priya Raghunathan,1,1,False,0
linkedin.com/in/marisol-cardoso-8367,profile_url,marisol cardoso,Marisol Cardoso,linkedin.com/in/marisol-cardoso-8367,Rooksby Legal,Director of IT,Marcus Aldridge,1,1,False,0
linkedin.com/in/marisol-cathcart-9633,profile_url,marisol cathcart,Marisol Cathcart,linkedin.com/in/marisol-cathcart-9633,Ondermark Consulting,Head of Innovation,Tomás Beckett,1,1,False,0
linkedin.com/in/marisol-crowther-8756,profile_url,marisol crowther,Marisol Crowther,linkedin.com/in/marisol-crowther-8756,Vespermill Analytics,Head of Automation,Priya Raghunathan,1,1,False,0
linkedin.com/in/marisol-dellinger-2826,profile_url,marisol dellinger,Marisol Dellinger,linkedin.com/in/marisol-dellinger-2826,Inglenook Bakery,SVP Digital,Marcus Aldridge,1,1,False,0
linkedin.com/in/marisol-dobrescu-4560,profile_url,marisol dobrescu,Marisol Dobrescu,linkedin.com/in/marisol-dobrescu-4560,Dunmowe Travel,VP Enterprise Architecture,Tomás Beckett,1,1,False,0
linkedin.com/in/marisol-drummond-3989,profile_url,marisol drummond,Marisol Drummond,linkedin.com/in/marisol-drummond-3989,Ambrose Trading,Head of Innovation,Dana Whitfield,1,1,False,0
linkedin.com/in/marisol-eastcott-5970,profile_url,marisol eastcott,Marisol Eastcott,linkedin.com/in/marisol-eastcott-5970,Tannerly Design,Engineering Manager,Dana Whitfield,1,1,False,0
linkedin.com/in/marisol-eastcott-lomsadze-2641,profile_url,marisol eastcott lomsadze,Marisol Eastcott-Lomsadze,linkedin.com/in/marisol-eastcott-lomsadze-2641,Whitlock Staffing,Chief Data Officer,Owen Trask,1,1,False,0
linkedin.com/in/marisol-egerton-5224,profile_url,marisol egerton,Marisol Egerton,linkedin.com/in/marisol-egerton-5224,Vespermill Analytics,Program Manager,Dana Whitfield,1,1,False,0
linkedin.com/in/marisol-fairweather-3761,profile_url,marisol fairweather,Marisol Fairweather,linkedin.com/in/marisol-fairweather-3761,Yardley Print,Engineering Manager,Dana Whitfield,1,1,False,0
linkedin.com/in/marisol-fairweather-cathcart-6340,profile_url,marisol fairweather cathcart,Marisol Fairweather-Cathcart,linkedin.com/in/marisol-fairweather-cathcart-6340,Inglenook Bakery,Head of Platform Engineering,Elena Duvall,1,1,False,0
linkedin.com/in/marisol-falkenrath-1742,profile_url,marisol falkenrath,Marisol Falkenrath,linkedin.com/in/marisol-falkenrath-1742,Ambrose Trading,Platform Lead,Marcus Aldridge,1,1,False,0
linkedin.com/in/marisol-ferreira-5692,profile_url,marisol ferreira,Marisol Ferreira,linkedin.com/in/marisol-ferreira-5692,Bellchamber Media,"Senior Manager, Engineering",Marcus Aldridge,1,1,False,0
linkedin.com/in/marisol-fontaine-6456,profile_url,marisol fontaine,Marisol Fontaine,linkedin.com/in/marisol-fontaine-6456,Dunmowe Travel,Engineering Manager,Priya Raghunathan,1,1,False,0
linkedin.com/in/marisol-gluckstein-6472,profile_url,marisol gluckstein,Marisol Glückstein,linkedin.com/in/marisol-gluckstein-6472,Fairbourne Fitness,Principal Architect,Tomás Beckett,1,1,False,0
linkedin.com/in/marisol-grimsby-4388,profile_url,marisol grimsby,Marisol Grimsby,linkedin.com/in/marisol-grimsby-4388,Fairbourne Fitness,Product Director,Marcus Aldridge,1,1,False,0
linkedin.com/in/marisol-halloran-6195,profile_url,marisol halloran,Marisol Halloran,linkedin.com/in/marisol-halloran-6195,Corbridge Realty,Engineering Manager,Marcus Aldridge,1,1,False,0
linkedin.com/in/marisol-hartigan-1482,profile_url,marisol hartigan,Marisol Hartigan,linkedin.com/in/marisol-hartigan-1482,Pale Harbour Studio,Engineering Manager,Priya Raghunathan,1,1,False,0
linkedin.com/in/marisol-hartigan-nakashima-4545,profile_url,marisol hartigan nakashima,Marisol Hartigan-Nakashima,linkedin.com/in/marisol-hartigan-nakashima-4545,Elmsworth Tutors,Principal Architect,Owen Trask,1,1,False,0
linkedin.com/in/marisol-havercamp-3729,profile_url,marisol havercamp,Marisol Havercamp,linkedin.com/in/marisol-havercamp-3729,Ambrose Trading,VP Enterprise Architecture,Tomás Beckett,1,1,False,0
linkedin.com/in/marisol-hojgaard-9442,profile_url,marisol hojgaard,Marisol Højgaard,linkedin.com/in/marisol-hojgaard-9442,Tannerly Design,"Senior Manager, Engineering",Dana Whitfield,1,1,False,0
name:marisol ibarra,name_only,marisol ibarra,Marisol Ibarra,,Yardley Print,Head of Automation,Marcus Aldridge,1,1,False,1
linkedin.com/in/marisol-ingleby-3803,profile_url,marisol ingleby,Marisol Ingleby,linkedin.com/in/marisol-ingleby-3803,Inglenook Bakery,VP Enterprise Architecture,Dana Whitfield,1,1,False,0
linkedin.com/in/marisol-isenberg-3674,profile_url,marisol isenberg,Marisol Isenberg,linkedin.com/in/marisol-isenberg-3674,Inglenook Bakery,Program Manager,Marcus Aldridge,1,1,False,0
linkedin.com/in/marisol-jarrold-7674,profile_url,marisol jarrold,Marisol Jarrold,linkedin.com/in/marisol-jarrold-7674,Elmsworth Tutors,Head of Innovation,Marcus Aldridge,1,1,False,0
linkedin.com/in/marisol-kettleborough-4529,profile_url,marisol kettleborough,Marisol Kettleborough,linkedin.com/in/marisol-kettleborough-4529,Corbridge Realty,Program Manager,Marcus Aldridge,1,1,False,0
linkedin.com/in/marisol-kirkbride-4459,profile_url,marisol kirkbride,Marisol Kirkbride,linkedin.com/in/marisol-kirkbride-4459,Bellchamber Media,Principal Architect,Priya Raghunathan,1,1,False,0
linkedin.com/in/marisol-lindqvist-5557,profile_url,marisol lindqvist,Marisol Lindqvist,linkedin.com/in/marisol-lindqvist-5557,Pale Harbour Studio,Head of Developer Productivity,Priya Raghunathan,1,1,False,0
name:marisol lomsadze,name_only,marisol lomsadze,Marisol Lomsadze,,Vespermill Analytics,Product Director,Dana Whitfield,1,1,False,1
linkedin.com/in/marisol-marchetti-3858,profile_url,marisol marchetti,Marisol Marchetti,linkedin.com/in/marisol-marchetti-3858,Bellchamber Media,Principal Architect,Priya Raghunathan,1,1,False,0
linkedin.com/in/marisol-merriweather-3156,profile_url,marisol merriweather,Marisol Merriweather,linkedin.com/in/marisol-merriweather-3156,Highmoor Cycles,Program Manager,Marcus Aldridge,1,1,False,0
linkedin.com/in/marisol-merriweather-gluckstein-1059,profile_url,marisol merriweather gluckstein,Marisol Merriweather-Glückstein,linkedin.com/in/marisol-merriweather-gluckstein-1059,Ambrose Trading,Engineering Manager,Owen Trask,1,1,False,0
linkedin.com/in/marisol-mkhize-7359,profile_url,marisol mkhize,Marisol Mkhize,linkedin.com/in/marisol-mkhize-7359,Zenner Foods,Product Director,Tomás Beckett,1,1,False,0
linkedin.com/in/marisol-nakashima-8655,profile_url,marisol nakashima,Marisol Nakashima,linkedin.com/in/marisol-nakashima-8655,Quintrell Advisory,Head of Developer Productivity,Tomás Beckett,1,1,False,0
linkedin.com/in/marisol-norrington-9941,profile_url,marisol norrington,Marisol Norrington,linkedin.com/in/marisol-norrington-9941,Bellchamber Media,Principal Architect,Marcus Aldridge,1,1,False,0
linkedin.com/in/marisol-okonkwo-4413,profile_url,marisol okonkwo,Marisol Okonkwo,linkedin.com/in/marisol-okonkwo-4413,Highmoor Cycles,Engineering Manager,Dana Whitfield,1,1,False,0
linkedin.com/in/marisol-okonkwo-yarrow-2017,profile_url,marisol okonkwo yarrow,Marisol Okonkwo-Yarrow,linkedin.com/in/marisol-okonkwo-yarrow-2017,Zenner Foods,Chief Technology Officer,Elena Duvall,1,1,False,0
name:marisol oldfield,name_only,marisol oldfield,Marisol Oldfield,,Vespermill Analytics,Chief Data Officer,Tomás Beckett,1,1,False,1
linkedin.com/in/marisol-oyelaran-3197,profile_url,marisol oyelaran,Marisol Oyelaran,linkedin.com/in/marisol-oyelaran-3197,Ambrose Trading,Head of Platform Engineering,Marcus Aldridge,1,1,False,0
linkedin.com/in/marisol-oyelaran-wolstenholme-2606,profile_url,marisol oyelaran wolstenholme,Marisol Oyelaran-Wolstenholme,linkedin.com/in/marisol-oyelaran-wolstenholme-2606,Corbridge Realty,Principal Architect,Elena Duvall,1,1,False,0
linkedin.com/in/marisol-petrossian-1821,profile_url,marisol petrossian,Marisol Petrossian,linkedin.com/in/marisol-petrossian-1821,Whitlock Staffing,Product Director,Tomás Beckett,1,1,False,0
linkedin.com/in/marisol-prendergast-6727,profile_url,marisol prendergast,Marisol Prendergast,linkedin.com/in/marisol-prendergast-6727,Corbridge Realty,Product Director,Marcus Aldridge,1,1,False,0
name:marisol quillane,name_only,marisol quillane,Marisol Quillane,,Ondermark Consulting,Head of Automation,Dana Whitfield,1,1,False,1
linkedin.com/in/marisol-rushworth-2212,profile_url,marisol rushworth,Marisol Rushworth,linkedin.com/in/marisol-rushworth-2212,Xanthe Labs,Program Manager,Marcus Aldridge,1,1,False,0
linkedin.com/in/marisol-salcedo-4154,profile_url,marisol salcedo,Marisol Salcedo,linkedin.com/in/marisol-salcedo-4154,Inglenook Bakery,Director of IT,Dana Whitfield,1,1,False,0
name:marisol sandoval,name_only,marisol sandoval,Marisol Sandoval,,Quintrell Advisory,Staff Engineer,Marcus Aldridge,1,1,False,1
linkedin.com/in/marisol-thackeray-6804,profile_url,marisol thackeray,Marisol Thackeray,linkedin.com/in/marisol-thackeray-6804,Underwood & Vale,Head of Platform Engineering,Marcus Aldridge,1,1,False,0
linkedin.com/in/marisol-underhill-2135,profile_url,marisol underhill,Marisol Underhill,linkedin.com/in/marisol-underhill-2135,Elmsworth Tutors,Staff Engineer,Dana Whitfield,1,1,False,0
linkedin.com/in/marisol-underhill-ibarra-4278,profile_url,marisol underhill ibarra,Marisol Underhill-Ibarra,linkedin.com/in/marisol-underhill-ibarra-4278,Vespermill Analytics,Product Director,Tomás Beckett,1,1,False,0
linkedin.com/in/marisol-vandermolen-7822,profile_url,marisol vandermolen,Marisol Vandermolen,linkedin.com/in/marisol-vandermolen-7822,Xanthe Labs,Chief Information Officer,Dana Whitfield,1,1,False,0
linkedin.com/in/marisol-vasquez-8795,profile_url,marisol vasquez,Marisol Vasquez,linkedin.com/in/marisol-vasquez-8795,Inglenook Bakery,Principal Architect,Marcus Aldridge,1,1,False,0
linkedin.com/in/marisol-wexford-1927,profile_url,marisol wexford,Marisol Wexford,linkedin.com/in/marisol-wexford-1927,Dunmowe Travel,Director of IT,Dana Whitfield,1,1,False,0
linkedin.com/in/marisol-wexford-falkenrath-1751,profile_url,marisol wexford falkenrath,Marisol Wexford-Falkenrath,linkedin.com/in/marisol-wexford-falkenrath-1751,Zenner Foods,VP Engineering,Elena Duvall,1,1,False,0
linkedin.com/in/marisol-wexford-rushworth-6024,profile_url,marisol wexford rushworth,Marisol Wexford-Rushworth,linkedin.com/in/marisol-wexford-rushworth-6024,Fairbourne Fitness,Head of Innovation,Owen Trask,1,1,False,0
linkedin.com/in/marisol-wolstenholme-7035,profile_url,marisol wolstenholme,Marisol Wolstenholme,linkedin.com/in/marisol-wolstenholme-7035,Dunmowe Travel,Platform Lead,Tomás Beckett,1,1,False,0
linkedin.com/in/marisol-yarrow-6605,profile_url,marisol yarrow,Marisol Yarrow,linkedin.com/in/marisol-yarrow-6605,Xanthe Labs,Principal Architect,Tomás Beckett,1,1,False,0
linkedin.com/in/marisol-zettergren-4475,profile_url,marisol zettergren,Marisol Zettergren,linkedin.com/in/marisol-zettergren-4475,Underwood & Vale,Product Director,Dana Whitfield,1,1,False,0
linkedin.com/in/marisol-zubkov-4466,profile_url,marisol zubkov,Marisol Zubkov,linkedin.com/in/marisol-zubkov-4466,Elmsworth Tutors,Head of Automation,Dana Whitfield,1,1,False,0
linkedin.com/in/marisol-zubkov-wolstenholme-4303,profile_url,marisol zubkov wolstenholme,Marisol Zubkov-Wolstenholme,linkedin.com/in/marisol-zubkov-wolstenholme-4303,Bellchamber Media,Platform Lead,Tomás Beckett,1,1,False,0
linkedin.com/in/matteo-achterberg-2379,profile_url,matteo achterberg,Matteo Achterberg,linkedin.com/in/matteo-achterberg-2379,Tannerly Design,Engineering Manager,Dana Whitfield,1,1,False,0
linkedin.com/in/matteo-ashdown-7944,profile_url,matteo ashdown,Matteo Ashdown,linkedin.com/in/matteo-ashdown-7944,Whitlock Staffing,Principal Architect,Marcus Aldridge,1,1,False,0
linkedin.com/in/matteo-balogun-9283,profile_url,matteo balogun,Matteo Balogun,linkedin.com/in/matteo-balogun-9283,Garrowby Books,Chief Operating Officer,Marcus Aldridge,1,1,False,0
linkedin.com/in/matteo-balogun-grimsby-8252,profile_url,matteo balogun grimsby,Matteo Balogun-Grimsby,linkedin.com/in/matteo-balogun-grimsby-8252,Pale Harbour Studio,Chief Operating Officer,Elena Duvall,1,1,False,0
linkedin.com/in/matteo-bellinger-6591,profile_url,matteo bellinger,Matteo Bellinger,linkedin.com/in/matteo-bellinger-6591,Corbridge Realty,Head of Developer Productivity,Tomás Beckett,1,1,False,0
linkedin.com/in/matteo-bellinger-achterberg-5910,profile_url,matteo bellinger achterberg,Matteo Bellinger-Achterberg,linkedin.com/in/matteo-bellinger-achterberg-5910,Underwood & Vale,Platform Lead,Elena Duvall,1,1,False,0
linkedin.com/in/matteo-brenneman-6903,profile_url,matteo brenneman,Matteo Brenneman,linkedin.com/in/matteo-brenneman-6903,Dunmowe Travel,Engineering Manager,Priya Raghunathan,1,1,False,0
linkedin.com/in/matteo-cardoso-8161,profile_url,matteo cardoso,Matteo Cardoso,linkedin.com/in/matteo-cardoso-8161,Quintrell Advisory,Program Manager,Priya Raghunathan,1,1,False,0
linkedin.com/in/matteo-cathcart-4209,profile_url,matteo cathcart,Matteo Cathcart,linkedin.com/in/matteo-cathcart-4209,Highmoor Cycles,Platform Lead,Tomás Beckett,1,1,False,0
linkedin.com/in/matteo-crowther-9961,profile_url,matteo crowther,Matteo Crowther,linkedin.com/in/matteo-crowther-9961,Rooksby Legal,SVP Digital,Dana Whitfield,1,1,False,0
linkedin.com/in/matteo-dellinger-6462,profile_url,matteo dellinger,Matteo Dellinger,linkedin.com/in/matteo-dellinger-6462,Garrowby Books,Chief Data Officer,Dana Whitfield,1,1,False,0
linkedin.com/in/matteo-dobrescu-8984,profile_url,matteo dobrescu,Matteo Dobrescu,linkedin.com/in/matteo-dobrescu-8984,Pale Harbour Studio,Engineering Manager,Tomás Beckett,1,1,False,0
linkedin.com/in/matteo-drummond-4530,profile_url,matteo drummond,Matteo Drummond,linkedin.com/in/matteo-drummond-4530,Inglenook Bakery,Chief Operating Officer,Tomás Beckett,1,1,False,0
linkedin.com/in/matteo-eastcott-4920,profile_url,matteo eastcott,Matteo Eastcott,linkedin.com/in/matteo-eastcott-4920,Underwood & Vale,Head of Automation,Marcus Aldridge,1,1,False,0
linkedin.com/in/matteo-egerton-2495,profile_url,matteo egerton,Matteo Egerton,linkedin.com/in/matteo-egerton-2495,Quintrell Advisory,Engineering Manager,Tomás Beckett,1,1,False,0
linkedin.com/in/matteo-egerton-nakashima-4085,profile_url,matteo egerton nakashima,Matteo Egerton-Nakashima,linkedin.com/in/matteo-egerton-nakashima-4085,Xanthe Labs,Staff Engineer,Tomás Beckett,1,1,False,0
linkedin.com/in/matteo-fairweather-6200,profile_url,matteo fairweather,Matteo Fairweather,linkedin.com/in/matteo-fairweather-6200,Quintrell Advisory,Chief Technology Officer,Marcus Aldridge,1,1,False,0
name:matteo falkenrath,name_only,matteo falkenrath,Matteo Falkenrath,,Ondermark Consulting,Head of Innovation,Marcus Aldridge,1,1,False,1
linkedin.com/in/matteo-ferreira-6234,profile_url,matteo ferreira,Matteo Ferreira,linkedin.com/in/matteo-ferreira-6234,Dunmowe Travel,Platform Lead,Tomás Beckett,1,1,False,0
linkedin.com/in/matteo-fontaine-2658,profile_url,matteo fontaine,Matteo Fontaine,linkedin.com/in/matteo-fontaine-2658,Rooksby Legal,VP Engineering,Marcus Aldridge,1,1,False,0
linkedin.com/in/matteo-gluckstein-5391,profile_url,matteo gluckstein,Matteo Glückstein,linkedin.com/in/matteo-gluckstein-5391,Elmsworth Tutors,Principal Architect,Dana Whitfield,1,1,False,0
name:matteo grimsby,name_only,matteo grimsby,Matteo Grimsby,,Underwood & Vale,"Senior Manager, Engineering",Dana Whitfield,1,1,False,1
linkedin.com/in/matteo-halloran-9023,profile_url,matteo halloran,Matteo Halloran,linkedin.com/in/matteo-halloran-9023,Quintrell Advisory,Head of Innovation,Priya Raghunathan,1,1,False,0
linkedin.com/in/matteo-halloran-nakashima-2575,profile_url,matteo halloran nakashima,Matteo Halloran-Nakashima,linkedin.com/in/matteo-halloran-nakashima-2575,Bellchamber Media,Chief Data Officer,Elena Duvall,1,1,False,0
linkedin.com/in/matteo-hartigan-8595,profile_url,matteo hartigan,Matteo Hartigan,linkedin.com/in/matteo-hartigan-8595,Bellchamber Media,"Senior Manager, Engineering",Marcus Aldridge,1,1,False,0
linkedin.com/in/matteo-havercamp-4337,profile_url,matteo havercamp,Matteo Havercamp,linkedin.com/in/matteo-havercamp-4337,Bellchamber Media,Engineering Manager,Tomás Beckett,1,1,False,0
linkedin.com/in/matteo-hojgaard-9034,profile_url,matteo hojgaard,Matteo Højgaard,linkedin.com/in/matteo-hojgaard-9034,Pale Harbour Studio,Head of Automation,Marcus Aldridge,1,1,False,0
linkedin.com/in/matteo-ibarra-1105,profile_url,matteo ibarra,Matteo Ibarra,linkedin.com/in/matteo-ibarra-1105,Whitlock Staffing,Product Director,Priya Raghunathan,1,1,False,0
name:matteo ingleby,name_only,matteo ingleby,Matteo Ingleby,,Garrowby Books,Director of IT,Tomás Beckett,1,1,False,1
name:matteo isenberg,name_only,matteo isenberg,Matteo Isenberg,,Fairbourne Fitness,Director of IT,Dana Whitfield,1,1,False,1
linkedin.com/in/matteo-jarrold-8354,profile_url,matteo jarrold,Matteo Jarrold,linkedin.com/in/matteo-jarrold-8354,Pale Harbour Studio,Staff Engineer,Priya Raghunathan,1,1,False,0
name:matteo jarrold vasquez,name_only,matteo jarrold vasquez,Matteo Jarrold-Vasquez,,Fairbourne Fitness,"Senior Manager, Engineering",Elena Duvall,1,1,False,1
linkedin.com/in/matteo-kettleborough-1534,profile_url,matteo kettleborough,Matteo Kettleborough,linkedin.com/in/matteo-kettleborough-1534,Highmoor Cycles,Program Manager,Marcus Aldridge,1,1,False,0
linkedin.com/in/matteo-kirkbride-6658,profile_url,matteo kirkbride,Matteo Kirkbride,linkedin.com/in/matteo-kirkbride-6658,Xanthe Labs,VP Engineering,Marcus Aldridge,1,1,False,0
linkedin.com/in/matteo-lindqvist-4678,profile_url,matteo lindqvist,Matteo Lindqvist,linkedin.com/in/matteo-lindqvist-4678,Dunmowe Travel,Platform Lead,Marcus Aldridge,1,1,False,0
linkedin.com/in/matteo-lindqvist-hojgaard-3408,profile_url,matteo lindqvist hojgaard,Matteo Lindqvist-Højgaard,linkedin.com/in/matteo-lindqvist-hojgaard-3408,Highmoor Cycles,Staff Engineer,Owen Trask,1,1,False,0
linkedin.com/in/matteo-lomsadze-7892,profile_url,matteo lomsadze,Matteo Lomsadze,linkedin.com/in/matteo-lomsadze-7892,Elmsworth Tutors,Engineering Manager,Tomás Beckett,1,1,False,0
linkedin.com/in/matteo-marchetti-5352,profile_url,matteo marchetti,Matteo Marchetti,linkedin.com/in/matteo-marchetti-5352,Inglenook Bakery,Chief Operating Officer,Marcus Aldridge,1,1,False,0
linkedin.com/in/matteo-marchetti-merriweather-7915,profile_url,matteo marchetti merriweather,Matteo Marchetti-Merriweather,linkedin.com/in/matteo-marchetti-merriweather-7915,Inglenook Bakery,Engineering Manager,Owen Trask,1,1,False,0
linkedin.com/in/matteo-merriweather-4890,profile_url,matteo merriweather,Matteo Merriweather,linkedin.com/in/matteo-merriweather-4890,Vespermill Analytics,Program Manager,Marcus Aldridge,1,1,False,0
linkedin.com/in/matteo-mkhize-8197,profile_url,matteo mkhize,Matteo Mkhize,linkedin.com/in/matteo-mkhize-8197,Highmoor Cycles,Platform Lead,Dana Whitfield,1,1,False,0
linkedin.com/in/matteo-nakashima-6150,profile_url,matteo nakashima,Matteo Nakashima,linkedin.com/in/matteo-nakashima-6150,Dunmowe Travel,Director of IT,Marcus Aldridge,1,1,False,0
linkedin.com/in/matteo-nakashima-wolstenholme-1644,profile_url,matteo nakashima wolstenholme,Matteo Nakashima-Wolstenholme,linkedin.com/in/matteo-nakashima-wolstenholme-1644,Zenner Foods,Product Director,Tomás Beckett,1,1,False,0
name:matteo norrington,name_only,matteo norrington,Matteo Norrington,,Dunmowe Travel,Head of Innovation,Tomás Beckett,1,1,False,1
linkedin.com/in/matteo-okonkwo-5980,profile_url,matteo okonkwo,Matteo Okonkwo,linkedin.com/in/matteo-okonkwo-5980,Fairbourne Fitness,Head of Platform Engineering,Priya Raghunathan,1,1,False,0
linkedin.com/in/matteo-okonkwo-fontaine-1784,profile_url,matteo okonkwo fontaine,Matteo Okonkwo-Fontaine,linkedin.com/in/matteo-okonkwo-fontaine-1784,Underwood & Vale,Principal Architect,Tomás Beckett,1,1,False,0
name:matteo oldfield,name_only,matteo oldfield,Matteo Oldfield,,Tannerly Design,VP Engineering,Marcus Aldridge,1,1,False,1
linkedin.com/in/matteo-oyelaran-3889,profile_url,matteo oyelaran,Matteo Oyelaran,linkedin.com/in/matteo-oyelaran-3889,Ambrose Trading,Principal Architect,Marcus Aldridge,1,1,False,0
linkedin.com/in/matteo-oyelaran-okonkwo-1305,profile_url,matteo oyelaran okonkwo,Matteo Oyelaran-Okonkwo,linkedin.com/in/matteo-oyelaran-okonkwo-1305,Zenner Foods,Chief Technology Officer,Elena Duvall,1,1,False,0
linkedin.com/in/matteo-petrossian-3727,profile_url,matteo petrossian,Matteo Petrossian,linkedin.com/in/matteo-petrossian-3727,Elmsworth Tutors,Product Director,Marcus Aldridge,1,1,False,0
linkedin.com/in/matteo-petrossian-merriweather-3322,profile_url,matteo petrossian merriweather,Matteo Petrossian-Merriweather,linkedin.com/in/matteo-petrossian-merriweather-3322,Xanthe Labs,Principal Architect,Tomás Beckett,1,1,False,0
linkedin.com/in/matteo-petrossian-nakashima-4893,profile_url,matteo petrossian nakashima,Matteo Petrossian-Nakashima,linkedin.com/in/matteo-petrossian-nakashima-4893,Bellchamber Media,Head of Automation,Owen Trask,1,1,False,0
linkedin.com/in/matteo-prendergast-2748,profile_url,matteo prendergast,Matteo Prendergast,linkedin.com/in/matteo-prendergast-2748,Zenner Foods,Engineering Manager,Marcus Aldridge,1,1,False,0
linkedin.com/in/matteo-quillane-3553,profile_url,matteo quillane,Matteo Quillane,linkedin.com/in/matteo-quillane-3553,Pale Harbour Studio,Program Manager,Marcus Aldridge,1,1,False,0
linkedin.com/in/matteo-quillane-merriweather-6559,profile_url,matteo quillane merriweather,Matteo Quillane-Merriweather,linkedin.com/in/matteo-quillane-merriweather-6559,Garrowby Books,Head of Automation,Elena Duvall,1,1,False,0
linkedin.com/in/matteo-rushworth-1284,profile_url,matteo rushworth,Matteo Rushworth,linkedin.com/in/matteo-rushworth-1284,Underwood & Vale,Head of Platform Engineering,Dana Whitfield,1,1,False,0
linkedin.com/in/matteo-salcedo-6622,profile_url,matteo salcedo,Matteo Salcedo,linkedin.com/in/matteo-salcedo-6622,Corbridge Realty,Head of Automation,Marcus Aldridge,1,1,False,0
linkedin.com/in/matteo-sandoval-7402,profile_url,matteo sandoval,Matteo Sandoval,linkedin.com/in/matteo-sandoval-7402,Rooksby Legal,VP Enterprise Architecture,Priya Raghunathan,1,1,False,0
linkedin.com/in/matteo-thackeray-8809,profile_url,matteo thackeray,Matteo Thackeray,linkedin.com/in/matteo-thackeray-8809,Pale Harbour Studio,Head of Innovation,Dana Whitfield,1,1,False,0
linkedin.com/in/matteo-thackeray-oldfield-2957,profile_url,matteo thackeray oldfield,Matteo Thackeray-Oldfield,linkedin.com/in/matteo-thackeray-oldfield-2957,Xanthe Labs,"Senior Manager, Engineering",Tomás Beckett,1,1,False,0
linkedin.com/in/matteo-underhill-5432,profile_url,matteo underhill,Matteo Underhill,linkedin.com/in/matteo-underhill-5432,Zenner Foods,Head of Innovation,Dana Whitfield,1,1,False,0
linkedin.com/in/matteo-underhill-oldfield-5658,profile_url,matteo underhill oldfield,Matteo Underhill-Oldfield,linkedin.com/in/matteo-underhill-oldfield-5658,Yardley Print,Head of Automation,Elena Duvall,1,1,False,0
linkedin.com/in/matteo-vandermolen-4310,profile_url,matteo vandermolen,Matteo Vandermolen,linkedin.com/in/matteo-vandermolen-4310,Inglenook Bakery,"Senior Manager, Engineering",Dana Whitfield,1,1,False,0
linkedin.com/in/matteo-vasquez-5564,profile_url,matteo vasquez,Matteo Vasquez,linkedin.com/in/matteo-vasquez-5564,Ambrose Trading,Engineering Manager,Dana Whitfield,1,1,False,0
name:matteo wexford,name_only,matteo wexford,Matteo Wexford,,Elmsworth Tutors,Director of IT,Marcus Aldridge,1,1,False,1
name:matteo wolstenholme,name_only,matteo wolstenholme,Matteo Wolstenholme,,Garrowby Books,Chief Data Officer,Marcus Aldridge,1,1,False,1
linkedin.com/in/matteo-yarrow-5323,profile_url,matteo yarrow,Matteo Yarrow,linkedin.com/in/matteo-yarrow-5323,Corbridge Realty,Principal Architect,Dana Whitfield,1,1,False,0
linkedin.com/in/matteo-yarrow-wolstenholme-4024,profile_url,matteo yarrow wolstenholme,Matteo Yarrow-Wolstenholme,linkedin.com/in/matteo-yarrow-wolstenholme-4024,Fairbourne Fitness,Head of Innovation,Elena Duvall,1,1,False,0
linkedin.com/in/matteo-zettergren-6251,profile_url,matteo zettergren,Matteo Zettergren,linkedin.com/in/matteo-zettergren-6251,Underwood & Vale,"Senior Manager, Engineering",Marcus Aldridge,1,1,False,0
linkedin.com/in/matteo-zubkov-5596,profile_url,matteo zubkov,Matteo Zubkov,linkedin.com/in/matteo-zubkov-5596,Fairbourne Fitness,Chief Digital Officer,Marcus Aldridge,1,1,False,0
linkedin.com/in/mei-achterberg-3068,profile_url,mei achterberg,Mei Achterberg,linkedin.com/in/mei-achterberg-3068,Rooksby Legal,Principal Architect,Marcus Aldridge,1,1,False,0
linkedin.com/in/mei-ashdown-1164,profile_url,mei ashdown,Mei Ashdown,linkedin.com/in/mei-ashdown-1164,Bellchamber Media,Chief Digital Officer,Priya Raghunathan,1,1,False,0
linkedin.com/in/mei-balogun-5437,profile_url,mei balogun,Mei Balogun,linkedin.com/in/mei-balogun-5437,Highmoor Cycles,Principal Architect,Priya Raghunathan,1,1,False,0
linkedin.com/in/mei-balogun-jarrold-8865,profile_url,mei balogun jarrold,Mei Balogun-Jarrold,linkedin.com/in/mei-balogun-jarrold-8865,Xanthe Labs,Principal Architect,Tomás Beckett,1,1,False,0
linkedin.com/in/mei-bellinger-7728,profile_url,mei bellinger,Mei Bellinger,linkedin.com/in/mei-bellinger-7728,Elmsworth Tutors,Head of Platform Engineering,Priya Raghunathan,1,1,False,0
linkedin.com/in/mei-brenneman-1245,profile_url,mei brenneman,Mei Brenneman,linkedin.com/in/mei-brenneman-1245,Corbridge Realty,Chief Technology Officer,Dana Whitfield,1,1,False,0
linkedin.com/in/mei-cardoso-8280,profile_url,mei cardoso,Mei Cardoso,linkedin.com/in/mei-cardoso-8280,Inglenook Bakery,Head of Automation,Marcus Aldridge,1,1,False,0
linkedin.com/in/mei-cathcart-1450,profile_url,mei cathcart,Mei Cathcart,linkedin.com/in/mei-cathcart-1450,Inglenook Bakery,SVP Digital,Tomás Beckett,1,1,False,0
linkedin.com/in/mei-crowther-7775,profile_url,mei crowther,Mei Crowther,linkedin.com/in/mei-crowther-7775,Yardley Print,Platform Lead,Marcus Aldridge,1,1,False,0
linkedin.com/in/mei-dellinger-8985,profile_url,mei dellinger,Mei Dellinger,linkedin.com/in/mei-dellinger-8985,Dunmowe Travel,Head of Innovation,Dana Whitfield,1,1,False,0
linkedin.com/in/mei-dellinger-hojgaard-1717,profile_url,mei dellinger hojgaard,Mei Dellinger-Højgaard,linkedin.com/in/mei-dellinger-hojgaard-1717,Zenner Foods,Staff Engineer,Tomás Beckett,1,1,False,0
linkedin.com/in/mei-dobrescu-5933,profile_url,mei dobrescu,Mei Dobrescu,linkedin.com/in/mei-dobrescu-5933,Tessellate Payments,Engineering Manager,Owen Trask; Priya Raghunathan,2,1,False,0
linkedin.com/in/mei-drummond-8352,profile_url,mei drummond,Mei Drummond,linkedin.com/in/mei-drummond-8352,Bellchamber Media,SVP Digital,Priya Raghunathan,1,1,False,0
linkedin.com/in/mei-eastcott-2870,profile_url,mei eastcott,Mei Eastcott,linkedin.com/in/mei-eastcott-2870,Inglenook Bakery,Chief Digital Officer,Marcus Aldridge,1,1,False,0
linkedin.com/in/mei-egerton-1199,profile_url,mei egerton,Mei Egerton,linkedin.com/in/mei-egerton-1199,Whitlock Staffing,"Senior Manager, Engineering",Marcus Aldridge,1,1,False,0
linkedin.com/in/mei-fairweather-1407,profile_url,mei fairweather,Mei Fairweather,linkedin.com/in/mei-fairweather-1407,Dunmowe Travel,Head of Developer Productivity,Dana Whitfield,1,1,False,0
linkedin.com/in/mei-fairweather-yarrow-1072,profile_url,mei fairweather yarrow,Mei Fairweather-Yarrow,linkedin.com/in/mei-fairweather-yarrow-1072,Fairbourne Fitness,Head of Automation,Tomás Beckett,1,1,False,0
linkedin.com/in/mei-falkenrath-3290,profile_url,mei falkenrath,Mei Falkenrath,linkedin.com/in/mei-falkenrath-3290,Corbridge Realty,SVP Digital,Marcus Aldridge,1,1,False,0
linkedin.com/in/mei-ferreira-2165,profile_url,mei ferreira,Mei Ferreira,linkedin.com/in/mei-ferreira-2165,Quillon Pharma,Chief Information Officer,Elena Duvall; Owen Trask,2,1,False,0
linkedin.com/in/mei-ferreira-falkenrath-6146,profile_url,mei ferreira falkenrath,Mei Ferreira-Falkenrath,linkedin.com/in/mei-ferreira-falkenrath-6146,Ondermark Consulting,Chief Operating Officer,Owen Trask,1,1,False,0
linkedin.com/in/mei-fontaine-7515,profile_url,mei fontaine,Mei Fontaine,linkedin.com/in/mei-fontaine-7515,Underwood & Vale,Director of IT,Tomás Beckett,1,1,False,0
linkedin.com/in/mei-gluckstein-7263,profile_url,mei gluckstein,Mei Glückstein,linkedin.com/in/mei-gluckstein-7263,Elmsworth Tutors,VP Data & Analytics,Dana Whitfield,1,1,False,0
linkedin.com/in/mei-grimsby-6627,profile_url,mei grimsby,Mei Grimsby,linkedin.com/in/mei-grimsby-6627,Yardley Print,VP Engineering,Priya Raghunathan,1,1,False,0
linkedin.com/in/mei-halloran-3978,profile_url,mei halloran,Mei Halloran,linkedin.com/in/mei-halloran-3978,Pale Harbour Studio,Program Manager,Marcus Aldridge,1,1,False,0
linkedin.com/in/mei-hartigan-3766,profile_url,mei hartigan,Mei Hartigan,linkedin.com/in/mei-hartigan-3766,Corbridge Realty,Engineering Manager,Marcus Aldridge,1,1,False,0
linkedin.com/in/mei-havercamp-8582,profile_url,mei havercamp,Mei Havercamp,linkedin.com/in/mei-havercamp-8582,Vespermill Analytics,Head of Developer Productivity,Tomás Beckett,1,1,False,0
linkedin.com/in/mei-hojgaard-6605,profile_url,mei hojgaard,Mei Højgaard,linkedin.com/in/mei-hojgaard-6605,Ambrose Trading,VP Data & Analytics,Tomás Beckett,1,1,False,0
linkedin.com/in/mei-hojgaard-zettergren-5255,profile_url,mei hojgaard zettergren,Mei Højgaard-Zettergren,linkedin.com/in/mei-hojgaard-zettergren-5255,Quintrell Advisory,Product Director,Owen Trask,1,1,False,0
name:mei ibarra,name_only,mei ibarra,Mei Ibarra,,Quintrell Advisory,Platform Lead,Dana Whitfield,1,1,False,1
linkedin.com/in/mei-ibarra-kirkbride-8696,profile_url,mei ibarra kirkbride,Mei Ibarra-Kirkbride,linkedin.com/in/mei-ibarra-kirkbride-8696,Zenner Foods,Platform Lead,Elena Duvall,1,1,False,0
linkedin.com/in/mei-ingleby-2526,profile_url,mei ingleby,Mei Ingleby,linkedin.com/in/mei-ingleby-2526,Tannerly Design,Chief Digital Officer,Marcus Aldridge,1,1,False,0
linkedin.com/in/mei-isenberg-1832,profile_url,mei isenberg,Mei Isenberg,linkedin.com/in/mei-isenberg-1832,Fairbourne Fitness,VP Engineering,Dana Whitfield,1,1,False,0
linkedin.com/in/mei-jarrold-4095,profile_url,mei jarrold,Mei Jarrold,linkedin.com/in/mei-jarrold-4095,Inglenook Bakery,Platform Lead,Priya Raghunathan,1,1,False,0
linkedin.com/in/mei-kettleborough-1467,profile_url,mei kettleborough,Mei Kettleborough,linkedin.com/in/mei-kettleborough-1467,Bellchamber Media,Staff Engineer,Marcus Aldridge,1,1,False,0
linkedin.com/in/mei-kirkbride-1896,profile_url,mei kirkbride,Mei Kirkbride,linkedin.com/in/mei-kirkbride-1896,Fairbourne Fitness,Director of Software Engineering,Marcus Aldridge,1,1,False,0
linkedin.com/in/mei-lindqvist-9369,profile_url,mei lindqvist,Mei Lindqvist,linkedin.com/in/mei-lindqvist-9369,Zenner Foods,VP Enterprise Architecture,Priya Raghunathan,1,1,False,0
linkedin.com/in/mei-lomsadze-8568,profile_url,mei lomsadze,Mei Lomsadze,linkedin.com/in/mei-lomsadze-8568,Garrowby Books,"Senior Manager, Engineering",Priya Raghunathan,1,1,False,0
linkedin.com/in/mei-lomsadze-wexford-3719,profile_url,mei lomsadze wexford,Mei Lomsadze-Wexford,linkedin.com/in/mei-lomsadze-wexford-3719,Zenner Foods,Head of Platform Engineering,Tomás Beckett,1,1,False,0
name:mei marchetti,name_only,mei marchetti,Mei Marchetti,,Garrowby Books,Product Director,Dana Whitfield,1,1,False,1
linkedin.com/in/mei-marchetti-vasquez-8655,profile_url,mei marchetti vasquez,Mei Marchetti-Vasquez,linkedin.com/in/mei-marchetti-vasquez-8655,Pale Harbour Studio,"Senior Manager, Engineering",Elena Duvall,1,1,False,0
linkedin.com/in/mei-merriweather-7080,profile_url,mei merriweather,Mei Merriweather,linkedin.com/in/mei-merriweather-7080,Bellchamber Media,Head of Innovation,Priya Raghunathan,1,1,False,0
linkedin.com/in/mei-mkhize-1747,profile_url,mei mkhize,Mei Mkhize,linkedin.com/in/mei-mkhize-1747,Corbridge Realty,Program Manager,Marcus Aldridge,1,1,False,0
linkedin.com/in/mei-nakashima-2109,profile_url,mei nakashima,Mei Nakashima,linkedin.com/in/mei-nakashima-2109,Corbridge Realty,Chief Information Officer,Tomás Beckett,1,1,False,0
linkedin.com/in/mei-norrington-1005,profile_url,mei norrington,Mei Norrington,linkedin.com/in/mei-norrington-1005,Tannerly Design,Principal Architect,Marcus Aldridge,1,1,False,0
linkedin.com/in/mei-norrington-zubkov-8234,profile_url,mei norrington zubkov,Mei Norrington-Zubkov,linkedin.com/in/mei-norrington-zubkov-8234,Elmsworth Tutors,Chief Data Officer,Tomás Beckett,1,1,False,0
linkedin.com/in/mei-okonkwo-8169,profile_url,mei okonkwo,Mei Okonkwo,linkedin.com/in/mei-okonkwo-8169,Dunmowe Travel,Head of Automation,Marcus Aldridge,1,1,False,0
linkedin.com/in/mei-oldfield-5897,profile_url,mei oldfield,Mei Oldfield,linkedin.com/in/mei-oldfield-5897,Elmsworth Tutors,Principal Architect,Marcus Aldridge,1,1,False,0
linkedin.com/in/mei-oyelaran-7654,profile_url,mei oyelaran,Mei Oyelaran,linkedin.com/in/mei-oyelaran-7654,Bellchamber Media,Product Director,Tomás Beckett,1,1,False,0
linkedin.com/in/mei-petrossian-1223,profile_url,mei petrossian,Mei Petrossian,linkedin.com/in/mei-petrossian-1223,Vespermill Analytics,"Senior Manager, Engineering",Tomás Beckett,1,1,False,0
linkedin.com/in/mei-prendergast-2030,profile_url,mei prendergast,Mei Prendergast,linkedin.com/in/mei-prendergast-2030,Corbridge Realty,VP Engineering,Tomás Beckett,1,1,False,0
linkedin.com/in/mei-quillane-7514,profile_url,mei quillane,Mei Quillane,linkedin.com/in/mei-quillane-7514,Quintrell Advisory,Chief Data Officer,Marcus Aldridge,1,1,False,0
linkedin.com/in/mei-rushworth-5326,profile_url,mei rushworth,Mei Rushworth,linkedin.com/in/mei-rushworth-5326,Garrowby Books,Principal Architect,Marcus Aldridge,1,1,False,0
linkedin.com/in/mei-salcedo-3909,profile_url,mei salcedo,Mei Salcedo,linkedin.com/in/mei-salcedo-3909,Elmsworth Tutors,VP Engineering,Tomás Beckett,1,1,False,0
linkedin.com/in/mei-sandoval-8266,profile_url,mei sandoval,Mei Sandoval,linkedin.com/in/mei-sandoval-8266,Underwood & Vale,Staff Engineer,Dana Whitfield,1,1,False,0
linkedin.com/in/mei-thackeray-2092,profile_url,mei thackeray,Mei Thackeray,linkedin.com/in/mei-thackeray-2092,Whitlock Staffing,Chief Technology Officer,Marcus Aldridge,1,1,False,0
linkedin.com/in/mei-underhill-2903,profile_url,mei underhill,Mei Underhill,linkedin.com/in/mei-underhill-2903,Dunmowe Travel,Director of IT,Tomás Beckett,1,1,False,0
linkedin.com/in/mei-underhill-achterberg-6276,profile_url,mei underhill achterberg,Mei Underhill-Achterberg,linkedin.com/in/mei-underhill-achterberg-6276,Tannerly Design,VP Engineering,Tomás Beckett,1,1,False,0
linkedin.com/in/mei-vandermolen-8791,profile_url,mei vandermolen,Mei Vandermolen,linkedin.com/in/mei-vandermolen-8791,Dunmowe Travel,Head of Developer Productivity,Dana Whitfield,1,1,False,0
linkedin.com/in/mei-vandermolen-oldfield-4174,profile_url,mei vandermolen oldfield,Mei Vandermolen-Oldfield,linkedin.com/in/mei-vandermolen-oldfield-4174,Corbridge Realty,Head of Developer Productivity,Owen Trask,1,1,False,0
linkedin.com/in/mei-vandermolen-wolstenholme-5138,profile_url,mei vandermolen wolstenholme,Mei Vandermolen-Wolstenholme,linkedin.com/in/mei-vandermolen-wolstenholme-5138,Highmoor Cycles,Head of Automation,Owen Trask,1,1,False,0
linkedin.com/in/mei-vasquez-5391,profile_url,mei vasquez,Mei Vasquez,linkedin.com/in/mei-vasquez-5391,Garrowby Books,VP Engineering,Marcus Aldridge,1,1,False,0
linkedin.com/in/mei-vasquez-merriweather-4122,profile_url,mei vasquez merriweather,Mei Vasquez-Merriweather,linkedin.com/in/mei-vasquez-merriweather-4122,Vespermill Analytics,"Senior Manager, Engineering",Owen Trask,1,1,False,0
linkedin.com/in/mei-wexford-3523,profile_url,mei wexford,Mei Wexford,linkedin.com/in/mei-wexford-3523,Dunmowe Travel,Engineering Manager,Dana Whitfield,1,1,False,0
linkedin.com/in/mei-wolstenholme-5882,profile_url,mei wolstenholme,Mei Wolstenholme,linkedin.com/in/mei-wolstenholme-5882,Rooksby Legal,SVP Digital,Marcus Aldridge,1,1,False,0
linkedin.com/in/mei-yarrow-1931,profile_url,mei yarrow,Mei Yarrow,linkedin.com/in/mei-yarrow-1931,Tannerly Design,Director of IT,Dana Whitfield,1,1,False,0
linkedin.com/in/mei-yarrow-thackeray-6276,profile_url,mei yarrow thackeray,Mei Yarrow-Thackeray,linkedin.com/in/mei-yarrow-thackeray-6276,Fairbourne Fitness,Head of Automation,Elena Duvall,1,1,False,0
linkedin.com/in/mei-zettergren-4924,profile_url,mei zettergren,Mei Zettergren,linkedin.com/in/mei-zettergren-4924,Fairbourne Fitness,Chief Digital Officer,Tomás Beckett,1,1,False,0
linkedin.com/in/mei-zettergren-grimsby-4290,profile_url,mei zettergren grimsby,Mei Zettergren-Grimsby,linkedin.com/in/mei-zettergren-grimsby-4290,Inglenook Bakery,Engineering Manager,Elena Duvall,1,1,False,0
linkedin.com/in/mei-zubkov-1612,profile_url,mei zubkov,Mei Zubkov,linkedin.com/in/mei-zubkov-1612,Dunmowe Travel,Director of Software Engineering,Dana Whitfield,1,1,False,0
linkedin.com/in/mei-zubkov-grimsby-3837,profile_url,mei zubkov grimsby,Mei Zubkov-Grimsby,linkedin.com/in/mei-zubkov-grimsby-3837,Rooksby Legal,Chief Digital Officer,Owen Trask,1,1,False,0
linkedin.com/in/nadia-achterberg-1593,profile_url,nadia achterberg,Nadia Achterberg,linkedin.com/in/nadia-achterberg-1593,Ondermark Consulting,Program Manager,Marcus Aldridge,1,1,False,0
linkedin.com/in/nadia-ashdown-6069,profile_url,nadia ashdown,Nadia Ashdown,linkedin.com/in/nadia-ashdown-6069,Pale Harbour Studio,Staff Engineer,Marcus Aldridge,1,1,False,0
linkedin.com/in/nadia-ashdown-isenberg-4011,profile_url,nadia ashdown isenberg,Nadia Ashdown-Isenberg,linkedin.com/in/nadia-ashdown-isenberg-4011,Ambrose Trading,Chief Operating Officer,Elena Duvall,1,1,False,0
linkedin.com/in/nadia-ashdown-kirkbride-2753,profile_url,nadia ashdown kirkbride,Nadia Ashdown-Kirkbride,linkedin.com/in/nadia-ashdown-kirkbride-2753,Corbridge Realty,Chief Data Officer,Tomás Beckett,1,1,False,0
linkedin.com/in/nadia-balogun-3891,profile_url,nadia balogun,Nadia Balogun,linkedin.com/in/nadia-balogun-3891,Pale Harbour Studio,Program Manager,Marcus Aldridge,1,1,False,0
linkedin.com/in/nadia-bellinger-9280,profile_url,nadia bellinger,Nadia Bellinger,linkedin.com/in/nadia-bellinger-9280,Elmsworth Tutors,Head of Innovation,Priya Raghunathan,1,1,False,0
linkedin.com/in/nadia-brenneman-6804,profile_url,nadia brenneman,Nadia Brenneman,linkedin.com/in/nadia-brenneman-6804,Vespermill Analytics,Platform Lead,Dana Whitfield,1,1,False,0
linkedin.com/in/nadia-cardoso-7576,profile_url,nadia cardoso,Nadia Cardoso,linkedin.com/in/nadia-cardoso-7576,Yardley Print,Head of Innovation,Priya Raghunathan,1,1,False,0
linkedin.com/in/nadia-cardoso-gluckstein-1245,profile_url,nadia cardoso gluckstein,Nadia Cardoso-Glückstein,linkedin.com/in/nadia-cardoso-gluckstein-1245,Pale Harbour Studio,Head of Developer Productivity,Elena Duvall,1,1,False,0
linkedin.com/in/nadia-cathcart-7971,profile_url,nadia cathcart,Nadia Cathcart,linkedin.com/in/nadia-cathcart-7971,Ondermark Consulting,Program Manager,Dana Whitfield,1,1,False,0
linkedin.com/in/nadia-crowther-2750,profile_url,nadia crowther,Nadia Crowther,linkedin.com/in/nadia-crowther-2750,Elmsworth Tutors,VP Engineering,Marcus Aldridge,1,1,False,0
linkedin.com/in/nadia-dellinger-7868,profile_url,nadia dellinger,Nadia Dellinger,linkedin.com/in/nadia-dellinger-7868,Corbridge Realty,Program Manager,Dana Whitfield,1,1,False,0
linkedin.com/in/nadia-dellinger-vandermolen-4055,profile_url,nadia dellinger vandermolen,Nadia Dellinger-Vandermolen,linkedin.com/in/nadia-dellinger-vandermolen-4055,Whitlock Staffing,Chief Data Officer,Elena Duvall,1,1,False,0
linkedin.com/in/nadia-dobrescu-6445,profile_url,nadia dobrescu,Nadia Dobrescu,linkedin.com/in/nadia-dobrescu-6445,Underwood & Vale,Head of Innovation,Marcus Aldridge,1,1,False,0
linkedin.com/in/nadia-drummond-7460,profile_url,nadia drummond,Nadia Drummond,linkedin.com/in/nadia-drummond-7460,Tannerly Design,Chief Technology Officer,Dana Whitfield,1,1,False,0
linkedin.com/in/nadia-eastcott-6795,profile_url,nadia eastcott,Nadia Eastcott,linkedin.com/in/nadia-eastcott-6795,Inglenook Bakery,Director of IT,Marcus Aldridge,1,1,False,0
linkedin.com/in/nadia-eastcott-isenberg-1980,profile_url,nadia eastcott isenberg,Nadia Eastcott-Isenberg,linkedin.com/in/nadia-eastcott-isenberg-1980,Xanthe Labs,Chief Data Officer,Owen Trask,1,1,False,0
linkedin.com/in/nadia-egerton-9226,profile_url,nadia egerton,Nadia Egerton,linkedin.com/in/nadia-egerton-9226,Elmsworth Tutors,Director of IT,Dana Whitfield,1,1,False,0
linkedin.com/in/nadia-fairweather-6399,profile_url,nadia fairweather,Nadia Fairweather,linkedin.com/in/nadia-fairweather-6399,Vespermill Analytics,SVP Digital,Marcus Aldridge,1,1,False,0
linkedin.com/in/nadia-fairweather-quillane-2570,profile_url,nadia fairweather quillane,Nadia Fairweather-Quillane,linkedin.com/in/nadia-fairweather-quillane-2570,Whitlock Staffing,Head of Platform Engineering,Tomás Beckett,1,1,False,0
linkedin.com/in/nadia-falkenrath-8243,profile_url,nadia falkenrath,Nadia Falkenrath,linkedin.com/in/nadia-falkenrath-8243,Highmoor Cycles,VP Engineering,Priya Raghunathan,1,1,False,0
linkedin.com/in/nadia-ferreira-6520,profile_url,nadia ferreira,Nadia Ferreira,linkedin.com/in/nadia-ferreira-6520,Nortonbury Logistics,Program Manager,Elena Duvall; Owen Trask,2,1,False,0
linkedin.com/in/nadia-ferreira-ashdown-3280,profile_url,nadia ferreira ashdown,Nadia Ferreira-Ashdown,linkedin.com/in/nadia-ferreira-ashdown-3280,Ondermark Consulting,Head of Platform Engineering,Owen Trask,1,1,False,0
linkedin.com/in/nadia-ferreira-fairweather-8132,profile_url,nadia ferreira fairweather,Nadia Ferreira-Fairweather,linkedin.com/in/nadia-ferreira-fairweather-8132,Pale Harbour Studio,Head of Innovation,Owen Trask,1,1,False,0
linkedin.com/in/nadia-fontaine-1330,profile_url,nadia fontaine,Nadia Fontaine,linkedin.com/in/nadia-fontaine-1330,Corbridge Realty,Head of Innovation,Priya Raghunathan,1,1,False,0
name:nadia gluckstein,name_only,nadia gluckstein,Nadia Glückstein,,Whitlock Staffing,Platform Lead,Dana Whitfield,1,1,False,1
linkedin.com/in/nadia-gluckstein-yarrow-3277,profile_url,nadia gluckstein yarrow,Nadia Glückstein-Yarrow,linkedin.com/in/nadia-gluckstein-yarrow-3277,Whitlock Staffing,Product Director,Tomás Beckett,1,1,False,0
linkedin.com/in/nadia-grimsby-9077,profile_url,nadia grimsby,Nadia Grimsby,linkedin.com/in/nadia-grimsby-9077,Pale Harbour Studio,Director of IT,Dana Whitfield,1,1,False,0
linkedin.com/in/nadia-halloran-3227,profile_url,nadia halloran,Nadia Halloran,linkedin.com/in/nadia-halloran-3227,Tannerly Design,Chief Digital Officer,Tomás Beckett,1,1,False,0
linkedin.com/in/nadia-halloran-grimsby-2742,profile_url,nadia halloran grimsby,Nadia Halloran-Grimsby,linkedin.com/in/nadia-halloran-grimsby-2742,Xanthe Labs,Principal Architect,Elena Duvall,1,1,False,0
linkedin.com/in/nadia-hartigan-4777,profile_url,nadia hartigan,Nadia Hartigan,linkedin.com/in/nadia-hartigan-4777,Yardley Print,VP Enterprise Architecture,Priya Raghunathan,1,1,False,0
linkedin.com/in/nadia-havercamp-3243,profile_url,nadia havercamp,Nadia Havercamp,linkedin.com/in/nadia-havercamp-3243,Pale Harbour Studio,Head of Developer Productivity,Tomás Beckett,1,1,False,0
linkedin.com/in/nadia-hojgaard-7802,profile_url,nadia hojgaard,Nadia Højgaard,linkedin.com/in/nadia-hojgaard-7802,Highmoor Cycles,Product Director,Marcus Aldridge,1,1,False,0
name:nadia ibarra,name_only,nadia ibarra,Nadia Ibarra,,Xanthe Labs,"Senior Manager, Engineering",Priya Raghunathan,1,1,False,1
linkedin.com/in/nadia-ingleby-8273,profile_url,nadia ingleby,Nadia Ingleby,linkedin.com/in/nadia-ingleby-8273,Yardley Print,Head of Innovation,Marcus Aldridge,1,1,False,0
linkedin.com/in/nadia-isenberg-6738,profile_url,nadia isenberg,Nadia Isenberg,linkedin.com/in/nadia-isenberg-6738,Yardley Print,Director of IT,Marcus Aldridge,1,1,False,0
linkedin.com/in/nadia-jarrold-8020,profile_url,nadia jarrold,Nadia Jarrold,linkedin.com/in/nadia-jarrold-8020,Fairbourne Fitness,Chief Data Officer,Priya Raghunathan,1,1,False,0
linkedin.com/in/nadia-kettleborough-6607,profile_url,nadia kettleborough,Nadia Kettleborough,linkedin.com/in/nadia-kettleborough-6607,Rooksby Legal,Head of Automation,Marcus Aldridge,1,1,False,0
linkedin.com/in/nadia-kettleborough-brenneman-2806,profile_url,nadia kettleborough brenneman,Nadia Kettleborough-Brenneman,linkedin.com/in/nadia-kettleborough-brenneman-2806,Inglenook Bakery,Staff Engineer,Owen Trask,1,1,False,0
linkedin.com/in/nadia-kirkbride-6440,profile_url,nadia kirkbride,Nadia Kirkbride,linkedin.com/in/nadia-kirkbride-6440,Tannerly Design,Principal Architect,Tomás Beckett,1,1,False,0
linkedin.com/in/nadia-lindqvist-6278,profile_url,nadia lindqvist,Nadia Lindqvist,linkedin.com/in/nadia-lindqvist-6278,Xanthe Labs,Director of IT,Priya Raghunathan,1,1,False,0
linkedin.com/in/nadia-lomsadze-1474,profile_url,nadia lomsadze,Nadia Lomsadze,linkedin.com/in/nadia-lomsadze-1474,Ondermark Consulting,Staff Engineer,Tomás Beckett,1,1,False,0
linkedin.com/in/nadia-lomsadze-cardoso-8201,profile_url,nadia lomsadze cardoso,Nadia Lomsadze-Cardoso,linkedin.com/in/nadia-lomsadze-cardoso-8201,Ondermark Consulting,Program Manager,Tomás Beckett,1,1,False,0
linkedin.com/in/nadia-marchetti-5196,profile_url,nadia marchetti,Nadia Marchetti,linkedin.com/in/nadia-marchetti-5196,Fairbourne Fitness,Program Manager,Tomás Beckett,1,1,False,0
linkedin.com/in/nadia-merriweather-3812,profile_url,nadia merriweather,Nadia Merriweather,linkedin.com/in/nadia-merriweather-3812,Whitlock Staffing,Staff Engineer,Marcus Aldridge,1,1,False,0
linkedin.com/in/nadia-mkhize-1804,profile_url,nadia mkhize,Nadia Mkhize,linkedin.com/in/nadia-mkhize-1804,Pale Harbour Studio,Staff Engineer,Tomás Beckett,1,1,False,0
linkedin.com/in/nadia-mkhize-brenneman-5743,profile_url,nadia mkhize brenneman,Nadia Mkhize-Brenneman,linkedin.com/in/nadia-mkhize-brenneman-5743,Vespermill Analytics,Product Director,Elena Duvall,1,1,False,0
linkedin.com/in/nadia-nakashima-3444,profile_url,nadia nakashima,Nadia Nakashima,linkedin.com/in/nadia-nakashima-3444,Quintrell Advisory,SVP Digital,Priya Raghunathan,1,1,False,0
linkedin.com/in/nadia-nakashima-kirkbride-2286,profile_url,nadia nakashima kirkbride,Nadia Nakashima-Kirkbride,linkedin.com/in/nadia-nakashima-kirkbride-2286,Bellchamber Media,SVP Digital,Elena Duvall,1,1,False,0
linkedin.com/in/nadia-norrington-1813,profile_url,nadia norrington,Nadia Norrington,linkedin.com/in/nadia-norrington-1813,Corbridge Realty,Head of Developer Productivity,Priya Raghunathan,1,1,False,0
linkedin.com/in/nadia-oldfield-7450,profile_url,nadia oldfield,Nadia Oldfield,linkedin.com/in/nadia-oldfield-7450,Garrowby Books,Director of IT,Tomás Beckett,1,1,False,0
linkedin.com/in/nadia-oyelaran-1019,profile_url,nadia oyelaran,Nadia Oyelaran,linkedin.com/in/nadia-oyelaran-1019,Xanthe Labs,Engineering Manager,Marcus Aldridge,1,1,False,0
linkedin.com/in/nadia-oyelaran-ashdown-9482,profile_url,nadia oyelaran ashdown,Nadia Oyelaran-Ashdown,linkedin.com/in/nadia-oyelaran-ashdown-9482,Zenner Foods,Director of IT,Elena Duvall,1,1,False,0
linkedin.com/in/nadia-petrossian-3598,profile_url,nadia petrossian,Nadia Petrossian,linkedin.com/in/nadia-petrossian-3598,Dunmowe Travel,Principal Architect,Tomás Beckett,1,1,False,0
linkedin.com/in/nadia-prendergast-5027,profile_url,nadia prendergast,Nadia Prendergast,linkedin.com/in/nadia-prendergast-5027,Garrowby Books,Engineering Manager,Tomás Beckett,1,1,False,0
linkedin.com/in/nadia-quillane-8771,profile_url,nadia quillane,Nadia Quillane,linkedin.com/in/nadia-quillane-8771,Underwood & Vale,Chief Digital Officer,Marcus Aldridge,1,1,False,0
linkedin.com/in/nadia-rushworth-6094,profile_url,nadia rushworth,Nadia Rushworth,linkedin.com/in/nadia-rushworth-6094,Fairbourne Fitness,Principal Architect,Marcus Aldridge,1,1,False,0
linkedin.com/in/nadia-salcedo-7392,profile_url,nadia salcedo,Nadia Salcedo,linkedin.com/in/nadia-salcedo-7392,Elmsworth Tutors,Chief Operating Officer,Priya Raghunathan,1,1,False,0
linkedin.com/in/nadia-salcedo-havercamp-2608,profile_url,nadia salcedo havercamp,Nadia Salcedo-Havercamp,linkedin.com/in/nadia-salcedo-havercamp-2608,Ambrose Trading,Engineering Manager,Tomás Beckett,1,1,False,0
linkedin.com/in/nadia-sandoval-1886,profile_url,nadia sandoval,Nadia Sandoval,linkedin.com/in/nadia-sandoval-1886,Underwood & Vale,Chief Data Officer,Tomás Beckett,1,1,False,0
linkedin.com/in/nadia-thackeray-9523,profile_url,nadia thackeray,Nadia Thackeray,linkedin.com/in/nadia-thackeray-9523,Vespermill Analytics,Staff Engineer,Priya Raghunathan,1,1,False,0
linkedin.com/in/nadia-underhill-1643,profile_url,nadia underhill,Nadia Underhill,linkedin.com/in/nadia-underhill-1643,Highmoor Cycles,Product Director,Priya Raghunathan,1,1,False,0
linkedin.com/in/nadia-vandermolen-1979,profile_url,nadia vandermolen,Nadia Vandermolen,linkedin.com/in/nadia-vandermolen-1979,Quintrell Advisory,"Senior Manager, Engineering",Dana Whitfield,1,1,False,0
linkedin.com/in/nadia-vasquez-2911,profile_url,nadia vasquez,Nadia Vasquez,linkedin.com/in/nadia-vasquez-2911,Tannerly Design,Director of IT,Priya Raghunathan,1,1,False,0
linkedin.com/in/nadia-vasquez-cardoso-4310,profile_url,nadia vasquez cardoso,Nadia Vasquez-Cardoso,linkedin.com/in/nadia-vasquez-cardoso-4310,Ondermark Consulting,VP Enterprise Architecture,Elena Duvall,1,1,False,0
linkedin.com/in/nadia-wexford-4779,profile_url,nadia wexford,Nadia Wexford,linkedin.com/in/nadia-wexford-4779,Underwood & Vale,Principal Architect,Dana Whitfield,1,1,False,0
name:nadia wolstenholme,name_only,nadia wolstenholme,Nadia Wolstenholme,,Quintrell Advisory,"Senior Manager, Engineering",Priya Raghunathan,1,1,False,1
linkedin.com/in/nadia-yarrow-1629,profile_url,nadia yarrow,Nadia Yarrow,linkedin.com/in/nadia-yarrow-1629,Bellchamber Media,"Senior Manager, Engineering",Tomás Beckett,1,1,False,0
linkedin.com/in/nadia-zettergren-9894,profile_url,nadia zettergren,Nadia Zettergren,linkedin.com/in/nadia-zettergren-9894,Garrowby Books,"Senior Manager, Engineering",Priya Raghunathan,1,1,False,0
linkedin.com/in/nadia-zubkov-2894,profile_url,nadia zubkov,Nadia Zubkov,linkedin.com/in/nadia-zubkov-2894,Garrowby Books,Product Director,Tomás Beckett,1,1,False,0
linkedin.com/in/niall-achterberg-6695,profile_url,niall achterberg,Niall Achterberg,linkedin.com/in/niall-achterberg-6695,Fairbourne Fitness,"Senior Manager, Engineering",Marcus Aldridge,1,1,False,0
linkedin.com/in/niall-ashdown-5137,profile_url,niall ashdown,Niall Ashdown,linkedin.com/in/niall-ashdown-5137,Highmoor Cycles,VP Enterprise Architecture,Tomás Beckett,1,1,False,0
linkedin.com/in/niall-balogun-5342,profile_url,niall balogun,Niall Balogun,linkedin.com/in/niall-balogun-5342,Tannerly Design,Staff Engineer,Tomás Beckett,1,1,False,0
linkedin.com/in/niall-bellinger-7385,profile_url,niall bellinger,Niall Bellinger,linkedin.com/in/niall-bellinger-7385,Whitlock Staffing,Director of IT,Marcus Aldridge,1,1,False,0
linkedin.com/in/niall-brenneman-5310,profile_url,niall brenneman,Niall Brenneman,linkedin.com/in/niall-brenneman-5310,Whitlock Staffing,Program Manager,Priya Raghunathan,1,1,False,0
linkedin.com/in/niall-cardoso-4594,profile_url,niall cardoso,Niall Cardoso,linkedin.com/in/niall-cardoso-4594,Ambrose Trading,Principal Architect,Dana Whitfield,1,1,False,0
linkedin.com/in/niall-cathcart-2530,profile_url,niall cathcart,Niall Cathcart,linkedin.com/in/niall-cathcart-2530,Inglenook Bakery,Chief Data Officer,Tomás Beckett,1,1,False,0
linkedin.com/in/niall-crowther-6845,profile_url,niall crowther,Niall Crowther,linkedin.com/in/niall-crowther-6845,Fairbourne Fitness,Program Manager,Tomás Beckett,1,1,False,0
linkedin.com/in/niall-dellinger-4004,profile_url,niall dellinger,Niall Dellinger,linkedin.com/in/niall-dellinger-4004,Ondermark Consulting,Chief Information Officer,Dana Whitfield,1,1,False,0
linkedin.com/in/niall-dobrescu-9451,profile_url,niall dobrescu,Niall Dobrescu,linkedin.com/in/niall-dobrescu-9451,Inglenook Bakery,Head of Automation,Marcus Aldridge,1,1,False,0
linkedin.com/in/niall-drummond-8997,profile_url,niall drummond,Niall Drummond,linkedin.com/in/niall-drummond-8997,Whitlock Staffing,Principal Architect,Priya Raghunathan,1,1,False,0
linkedin.com/in/niall-drummond-rushworth-3705,profile_url,niall drummond rushworth,Niall Drummond-Rushworth,linkedin.com/in/niall-drummond-rushworth-3705,Garrowby Books,Head of Innovation,Elena Duvall,1,1,False,0
linkedin.com/in/niall-eastcott-7899,profile_url,niall eastcott,Niall Eastcott,linkedin.com/in/niall-eastcott-7899,Pale Harbour Studio,"Senior Manager, Engineering",Marcus Aldridge,1,1,False,0
linkedin.com/in/niall-egerton-7005,profile_url,niall egerton,Niall Egerton,linkedin.com/in/niall-egerton-7005,Dunmowe Travel,Head of Innovation,Marcus Aldridge,1,1,False,0
linkedin.com/in/niall-fairweather-4913,profile_url,niall fairweather,Niall Fairweather,linkedin.com/in/niall-fairweather-4913,Rooksby Legal,Head of Innovation,Marcus Aldridge,1,1,False,0
linkedin.com/in/niall-falkenrath-6932,profile_url,niall falkenrath,Niall Falkenrath,linkedin.com/in/niall-falkenrath-6932,Ondermark Consulting,Engineering Manager,Marcus Aldridge,1,1,False,0
linkedin.com/in/niall-ferreira-9436,profile_url,niall ferreira,Niall Ferreira,linkedin.com/in/niall-ferreira-9436,Pale Harbour Studio,Engineering Manager,Dana Whitfield,1,1,False,0
linkedin.com/in/niall-ferreira-ibarra-9809,profile_url,niall ferreira ibarra,Niall Ferreira-Ibarra,linkedin.com/in/niall-ferreira-ibarra-9809,Quintrell Advisory,Product Director,Elena Duvall,1,1,False,0
linkedin.com/in/niall-fontaine-8542,profile_url,niall fontaine,Niall Fontaine,linkedin.com/in/niall-fontaine-8542,Yardley Print,Principal Architect,Priya Raghunathan,1,1,False,0
name:niall gluckstein,name_only,niall gluckstein,Niall Glückstein,,Highmoor Cycles,Chief Operating Officer,Marcus Aldridge,1,1,False,1
linkedin.com/in/niall-gluckstein-prendergast-3599,profile_url,niall gluckstein prendergast,Niall Glückstein-Prendergast,linkedin.com/in/niall-gluckstein-prendergast-3599,Yardley Print,Product Director,Owen Trask,1,1,False,0
linkedin.com/in/niall-grimsby-2781,profile_url,niall grimsby,Niall Grimsby,linkedin.com/in/niall-grimsby-2781,Redtree Foods,Chief Data Officer,Marcus Aldridge; Owen Trask,2,1,False,0
name:niall halloran,name_only,niall halloran,Niall Halloran,,Bellchamber Media,Principal Architect,Marcus Aldridge,1,1,False,1
linkedin.com/in/niall-hartigan-3334,profile_url,niall hartigan,Niall Hartigan,linkedin.com/in/niall-hartigan-3334,Rooksby Legal,Staff Engineer,Priya Raghunathan,1,1,False,0
linkedin.com/in/niall-hartigan-gluckstein-3300,profile_url,niall hartigan gluckstein,Niall Hartigan-Glückstein,linkedin.com/in/niall-hartigan-gluckstein-3300,Ondermark Consulting,Head of Automation,Elena Duvall,1,1,False,0
linkedin.com/in/niall-havercamp-4918,profile_url,niall havercamp,Niall Havercamp,linkedin.com/in/niall-havercamp-4918,Pale Harbour Studio,Platform Lead,Dana Whitfield,1,1,False,0
linkedin.com/in/niall-hojgaard-6327,profile_url,niall hojgaard,Niall Højgaard,linkedin.com/in/niall-hojgaard-6327,Dunmowe Travel,Staff Engineer,Tomás Beckett,1,1,False,0
linkedin.com/in/niall-ibarra-4802,profile_url,niall ibarra,Niall Ibarra,linkedin.com/in/niall-ibarra-4802,Ondermark Consulting,"Senior Manager, Engineering",Dana Whitfield,1,1,False,0
linkedin.com/in/niall-ingleby-9543,profile_url,niall ingleby,Niall Ingleby,linkedin.com/in/niall-ingleby-9543,Xanthe Labs,VP Data & Analytics,Marcus Aldridge,1,1,False,0
linkedin.com/in/niall-isenberg-3143,profile_url,niall isenberg,Niall Isenberg,linkedin.com/in/niall-isenberg-3143,Pale Harbour Studio,Head of Developer Productivity,Priya Raghunathan,1,1,False,0
linkedin.com/in/niall-jarrold-9329,profile_url,niall jarrold,Niall Jarrold,linkedin.com/in/niall-jarrold-9329,Rooksby Legal,Platform Lead,Tomás Beckett,1,1,False,0
linkedin.com/in/niall-jarrold-cathcart-5920,profile_url,niall jarrold cathcart,Niall Jarrold-Cathcart,linkedin.com/in/niall-jarrold-cathcart-5920,Dunmowe Travel,Head of Automation,Owen Trask,1,1,False,0
name:niall kettleborough,name_only,niall kettleborough,Niall Kettleborough,,Yardley Print,Product Director,Tomás Beckett,1,1,False,1
linkedin.com/in/niall-kirkbride-7929,profile_url,niall kirkbride,Niall Kirkbride,linkedin.com/in/niall-kirkbride-7929,Ambrose Trading,Head of Innovation,Marcus Aldridge,1,1,False,0
linkedin.com/in/niall-lindqvist-8654,profile_url,niall lindqvist,Niall Lindqvist,linkedin.com/in/niall-lindqvist-8654,Tannerly Design,Platform Lead,Marcus Aldridge,1,1,False,0
linkedin.com/in/niall-lomsadze-7187,profile_url,niall lomsadze,Niall Lomsadze,linkedin.com/in/niall-lomsadze-7187,Inglenook Bakery,Head of Innovation,Marcus Aldridge,1,1,False,0
linkedin.com/in/niall-lomsadze-balogun-7380,profile_url,niall lomsadze balogun,Niall Lomsadze-Balogun,linkedin.com/in/niall-lomsadze-balogun-7380,Elmsworth Tutors,Director of Software Engineering,Tomás Beckett,1,1,False,0
linkedin.com/in/niall-marchetti-8430,profile_url,niall marchetti,Niall Marchetti,linkedin.com/in/niall-marchetti-8430,Zenner Foods,Head of Platform Engineering,Tomás Beckett,1,1,False,0
linkedin.com/in/niall-marchetti-eastcott-3550,profile_url,niall marchetti eastcott,Niall Marchetti-Eastcott,linkedin.com/in/niall-marchetti-eastcott-3550,Bellchamber Media,Chief Technology Officer,Elena Duvall,1,1,False,0
linkedin.com/in/niall-merriweather-1368,profile_url,niall merriweather,Niall Merriweather,linkedin.com/in/niall-merriweather-1368,Dunmowe Travel,Head of Innovation,Priya Raghunathan,1,1,False,0
linkedin.com/in/niall-merriweather-okonkwo-6732,profile_url,niall merriweather okonkwo,Niall Merriweather-Okonkwo,linkedin.com/in/niall-merriweather-okonkwo-6732,Inglenook Bakery,Chief Information Officer,Owen Trask,1,1,False,0
linkedin.com/in/niall-merriweather-underhill-9890,profile_url,niall merriweather underhill,Niall Merriweather-Underhill,linkedin.com/in/niall-merriweather-underhill-9890,Whitlock Staffing,Staff Engineer,Tomás Beckett,1,1,False,0
linkedin.com/in/niall-mkhize-7871,profile_url,niall mkhize,Niall Mkhize,linkedin.com/in/niall-mkhize-7871,Whitlock Staffing,Engineering Manager,Priya Raghunathan,1,1,False,0
name:niall nakashima,name_only,niall nakashima,Niall Nakashima,,Dunmowe Travel,Chief Digital Officer,Marcus Aldridge,1,1,False,1
linkedin.com/in/niall-norrington-6700,profile_url,niall norrington,Niall Norrington,linkedin.com/in/niall-norrington-6700,Bellchamber Media,Head of Innovation,Tomás Beckett,1,1,False,0
linkedin.com/in/niall-okonkwo-3944,profile_url,niall okonkwo,Niall Okonkwo,linkedin.com/in/niall-okonkwo-3944,Vespermill Analytics,Head of Innovation,Marcus Aldridge,1,1,False,0
linkedin.com/in/niall-oldfield-6456,profile_url,niall oldfield,Niall Oldfield,linkedin.com/in/niall-oldfield-6456,Highmoor Cycles,Chief Data Officer,Marcus Aldridge,1,1,False,0
linkedin.com/in/niall-oyelaran-2669,profile_url,niall oyelaran,Niall Oyelaran,linkedin.com/in/niall-oyelaran-2669,Pale Harbour Studio,Program Manager,Dana Whitfield,1,1,False,0
linkedin.com/in/niall-petrossian-3116,profile_url,niall petrossian,Niall Petrossian,linkedin.com/in/niall-petrossian-3116,Tannerly Design,Principal Architect,Dana Whitfield,1,1,False,0
linkedin.com/in/niall-prendergast-9503,profile_url,niall prendergast,Niall Prendergast,linkedin.com/in/niall-prendergast-9503,Garrowby Books,Head of Automation,Priya Raghunathan,1,1,False,0
linkedin.com/in/niall-quillane-3272,profile_url,niall quillane,Niall Quillane,linkedin.com/in/niall-quillane-3272,Bellchamber Media,Product Director,Dana Whitfield,1,1,False,0
linkedin.com/in/niall-quillane-hojgaard-1299,profile_url,niall quillane hojgaard,Niall Quillane-Højgaard,linkedin.com/in/niall-quillane-hojgaard-1299,Bellchamber Media,Chief Operating Officer,Elena Duvall,1,1,False,0
linkedin.com/in/niall-rushworth-4853,profile_url,niall rushworth,Niall Rushworth,linkedin.com/in/niall-rushworth-4853,Dunmowe Travel,Director of IT,Priya Raghunathan,1,1,False,0
linkedin.com/in/niall-salcedo-7401,profile_url,niall salcedo,Niall Salcedo,linkedin.com/in/niall-salcedo-7401,Corbridge Realty,Product Director,Dana Whitfield,1,1,False,0
linkedin.com/in/niall-sandoval-7499,profile_url,niall sandoval,Niall Sandoval,linkedin.com/in/niall-sandoval-7499,Ondermark Consulting,Engineering Manager,Priya Raghunathan,1,1,False,0
linkedin.com/in/niall-thackeray-9529,profile_url,niall thackeray,Niall Thackeray,linkedin.com/in/niall-thackeray-9529,Quintrell Advisory,VP Enterprise Architecture,Marcus Aldridge,1,1,False,0
linkedin.com/in/niall-thackeray-oldfield-1043,profile_url,niall thackeray oldfield,Niall Thackeray-Oldfield,linkedin.com/in/niall-thackeray-oldfield-1043,Underwood & Vale,Staff Engineer,Owen Trask,1,1,False,0
linkedin.com/in/niall-underhill-4304,profile_url,niall underhill,Niall Underhill,linkedin.com/in/niall-underhill-4304,Quintrell Advisory,Staff Engineer,Dana Whitfield,1,1,False,0
linkedin.com/in/niall-vandermolen-8573,profile_url,niall vandermolen,Niall Vandermolen,linkedin.com/in/niall-vandermolen-8573,Tannerly Design,VP Data & Analytics,Priya Raghunathan,1,1,False,0
linkedin.com/in/niall-vasquez-9591,profile_url,niall vasquez,Niall Vasquez,linkedin.com/in/niall-vasquez-9591,Zenner Foods,Principal Architect,Dana Whitfield,1,1,False,0
linkedin.com/in/niall-wexford-3261,profile_url,niall wexford,Niall Wexford,linkedin.com/in/niall-wexford-3261,Zenner Foods,Chief Operating Officer,Tomás Beckett,1,1,False,0
name:niall wolstenholme,name_only,niall wolstenholme,Niall Wolstenholme,,Vespermill Analytics,Director of Software Engineering,Dana Whitfield,1,1,False,1
linkedin.com/in/niall-wolstenholme-cardoso-2613,profile_url,niall wolstenholme cardoso,Niall Wolstenholme-Cardoso,linkedin.com/in/niall-wolstenholme-cardoso-2613,Inglenook Bakery,Head of Innovation,Tomás Beckett,1,1,False,0
linkedin.com/in/niall-yarrow-2819,profile_url,niall yarrow,Niall Yarrow,linkedin.com/in/niall-yarrow-2819,Inglenook Bakery,Program Manager,Dana Whitfield,1,1,False,0
linkedin.com/in/niall-yarrow-nakashima-1704,profile_url,niall yarrow nakashima,Niall Yarrow-Nakashima,linkedin.com/in/niall-yarrow-nakashima-1704,Yardley Print,Engineering Manager,Elena Duvall,1,1,False,0
linkedin.com/in/niall-zettergren-5344,profile_url,niall zettergren,Niall Zettergren,linkedin.com/in/niall-zettergren-5344,Ambrose Trading,VP Data & Analytics,Marcus Aldridge,1,1,False,0
linkedin.com/in/niall-zubkov-9718,profile_url,niall zubkov,Niall Zubkov,linkedin.com/in/niall-zubkov-9718,Tannerly Design,Product Director,Marcus Aldridge,1,1,False,0
linkedin.com/in/niall-zubkov-isenberg-2552,profile_url,niall zubkov isenberg,Niall Zubkov-Isenberg,linkedin.com/in/niall-zubkov-isenberg-2552,Corbridge Realty,SVP Digital,Tomás Beckett,1,1,False,0
linkedin.com/in/niall-zubkov-quillane-4129,profile_url,niall zubkov quillane,Niall Zubkov-Quillane,linkedin.com/in/niall-zubkov-quillane-4129,Yardley Print,Product Director,Owen Trask,1,1,False,0
linkedin.com/in/noor-achterberg-7167,profile_url,noor achterberg,Noor Achterberg,linkedin.com/in/noor-achterberg-7167,Whitlock Staffing,VP Engineering,Marcus Aldridge,1,1,False,0
linkedin.com/in/noor-achterberg-cathcart-8020,profile_url,noor achterberg cathcart,Noor Achterberg-Cathcart,linkedin.com/in/noor-achterberg-cathcart-8020,Quintrell Advisory,Engineering Manager,Owen Trask,1,1,False,0
linkedin.com/in/noor-ashdown-6369,profile_url,noor ashdown,Noor Ashdown,linkedin.com/in/noor-ashdown-6369,Highmoor Cycles,Product Director,Priya Raghunathan,1,1,False,0
linkedin.com/in/noor-balogun-6466,profile_url,noor balogun,Noor Balogun,linkedin.com/in/noor-balogun-6466,Underwood & Vale,Chief Digital Officer,Marcus Aldridge,1,1,False,0
linkedin.com/in/noor-bellinger-1219,profile_url,noor bellinger,Noor Bellinger,linkedin.com/in/noor-bellinger-1219,Ambrose Trading,Chief Information Officer,Priya Raghunathan,1,1,False,0
linkedin.com/in/noor-brenneman-3554,profile_url,noor brenneman,Noor Brenneman,linkedin.com/in/noor-brenneman-3554,Elmsworth Tutors,VP Data & Analytics,Marcus Aldridge,1,1,False,0
linkedin.com/in/noor-brenneman-yarrow-2074,profile_url,noor brenneman yarrow,Noor Brenneman-Yarrow,linkedin.com/in/noor-brenneman-yarrow-2074,Garrowby Books,Principal Architect,Elena Duvall,1,1,False,0
linkedin.com/in/noor-cardoso-9876,profile_url,noor cardoso,Noor Cardoso,linkedin.com/in/noor-cardoso-9876,Rooksby Legal,Product Director,Priya Raghunathan,1,1,False,0
linkedin.com/in/noor-cathcart-2855,profile_url,noor cathcart,Noor Cathcart,linkedin.com/in/noor-cathcart-2855,Garrowby Books,VP Data & Analytics,Dana Whitfield,1,1,False,0
linkedin.com/in/noor-crowther-2099,profile_url,noor crowther,Noor Crowther,linkedin.com/in/noor-crowther-2099,Pale Harbour Studio,Engineering Manager,Tomás Beckett,1,1,False,0
linkedin.com/in/noor-crowther-kirkbride-2603,profile_url,noor crowther kirkbride,Noor Crowther-Kirkbride,linkedin.com/in/noor-crowther-kirkbride-2603,Ambrose Trading,Platform Lead,Elena Duvall,1,1,False,0
linkedin.com/in/noor-dellinger-5701,profile_url,noor dellinger,Noor Dellinger,linkedin.com/in/noor-dellinger-5701,Vespermill Analytics,Chief Digital Officer,Dana Whitfield,1,1,False,0
linkedin.com/in/noor-dobrescu-4226,profile_url,noor dobrescu,Noor Dobrescu,linkedin.com/in/noor-dobrescu-4226,Quintrell Advisory,Chief Digital Officer,Marcus Aldridge,1,1,False,0
linkedin.com/in/noor-drummond-7187,profile_url,noor drummond,Noor Drummond,linkedin.com/in/noor-drummond-7187,Pale Harbour Studio,Director of IT,Tomás Beckett,1,1,False,0
linkedin.com/in/noor-drummond-halloran-3631,profile_url,noor drummond halloran,Noor Drummond-Halloran,linkedin.com/in/noor-drummond-halloran-3631,Vespermill Analytics,"Senior Manager, Engineering",Owen Trask,1,1,False,0
linkedin.com/in/noor-eastcott-6832,profile_url,noor eastcott,Noor Eastcott,linkedin.com/in/noor-eastcott-6832,Elmsworth Tutors,Product Director,Dana Whitfield,1,1,False,0
linkedin.com/in/noor-egerton-7654,profile_url,noor egerton,Noor Egerton,linkedin.com/in/noor-egerton-7654,Bellchamber Media,"Senior Manager, Engineering",Marcus Aldridge,1,1,False,0
linkedin.com/in/noor-egerton-lindqvist-7590,profile_url,noor egerton lindqvist,Noor Egerton-Lindqvist,linkedin.com/in/noor-egerton-lindqvist-7590,Elmsworth Tutors,VP Engineering,Tomás Beckett,1,1,False,0
name:noor fairweather,name_only,noor fairweather,Noor Fairweather,,Underwood & Vale,SVP Digital,Dana Whitfield,1,1,False,1
linkedin.com/in/noor-falkenrath-8309,profile_url,noor falkenrath,Noor Falkenrath,linkedin.com/in/noor-falkenrath-8309,Vespermill Analytics,Principal Architect,Marcus Aldridge,1,1,False,0
linkedin.com/in/noor-ferreira-9137,profile_url,noor ferreira,Noor Ferreira,linkedin.com/in/noor-ferreira-9137,Rooksby Legal,Head of Automation,Marcus Aldridge,1,1,False,0
linkedin.com/in/noor-fontaine-9633,profile_url,noor fontaine,Noor Fontaine,linkedin.com/in/noor-fontaine-9633,Vespermill Analytics,Product Director,Dana Whitfield,1,1,False,0
linkedin.com/in/noor-gluckstein-9325,profile_url,noor gluckstein,Noor Glückstein,linkedin.com/in/noor-gluckstein-9325,Fairbourne Fitness,VP Enterprise Architecture,Dana Whitfield,1,1,False,0
linkedin.com/in/noor-grimsby-1445,profile_url,noor grimsby,Noor Grimsby,linkedin.com/in/noor-grimsby-1445,Corbridge Realty,Head of Innovation,Tomás Beckett,1,1,False,0
linkedin.com/in/noor-halloran-6792,profile_url,noor halloran,Noor Halloran,linkedin.com/in/noor-halloran-6792,Corbridge Realty,Platform Lead,Dana Whitfield,1,1,False,0
linkedin.com/in/noor-hartigan-5185,profile_url,noor hartigan,Noor Hartigan,linkedin.com/in/noor-hartigan-5185,Zenner Foods,Head of Platform Engineering,Marcus Aldridge,1,1,False,0
linkedin.com/in/noor-hartigan-wexford-6505,profile_url,noor hartigan wexford,Noor Hartigan-Wexford,linkedin.com/in/noor-hartigan-wexford-6505,Ambrose Trading,Head of Developer Productivity,Elena Duvall,1,1,False,0
linkedin.com/in/noor-havercamp-6136,profile_url,noor havercamp,Noor Havercamp,linkedin.com/in/noor-havercamp-6136,Zenner Foods,Director of IT,Marcus Aldridge,1,1,False,0
linkedin.com/in/noor-hojgaard-7914,profile_url,noor hojgaard,Noor Højgaard,linkedin.com/in/noor-hojgaard-7914,Dunmowe Travel,Program Manager,Priya Raghunathan,1,1,False,0
linkedin.com/in/noor-hojgaard-nakashima-2633,profile_url,noor hojgaard nakashima,Noor Højgaard-Nakashima,linkedin.com/in/noor-hojgaard-nakashima-2633,Quintrell Advisory,Director of IT,Owen Trask,1,1,False,0
linkedin.com/in/noor-ibarra-8028,profile_url,noor ibarra,Noor Ibarra,linkedin.com/in/noor-ibarra-8028,Pale Harbour Studio,Engineering Manager,Marcus Aldridge,1,1,False,0
linkedin.com/in/noor-ibarra-falkenrath-6241,profile_url,noor ibarra falkenrath,Noor Ibarra-Falkenrath,linkedin.com/in/noor-ibarra-falkenrath-6241,Zenner Foods,Engineering Manager,Elena Duvall,1,1,False,0
linkedin.com/in/noor-ingleby-4187,profile_url,noor ingleby,Noor Ingleby,linkedin.com/in/noor-ingleby-4187,Whitlock Staffing,Program Manager,Priya Raghunathan,1,1,False,0
linkedin.com/in/noor-isenberg-6246,profile_url,noor isenberg,Noor Isenberg,linkedin.com/in/noor-isenberg-6246,Dunmowe Travel,VP Data & Analytics,Tomás Beckett,1,1,False,0
linkedin.com/in/noor-jarrold-1984,profile_url,noor jarrold,Noor Jarrold,linkedin.com/in/noor-jarrold-1984,Quintrell Advisory,Head of Automation,Tomás Beckett,1,1,False,0
linkedin.com/in/noor-jarrold-vandermolen-3683,profile_url,noor jarrold vandermolen,Noor Jarrold-Vandermolen,linkedin.com/in/noor-jarrold-vandermolen-3683,Ambrose Trading,Engineering Manager,Tomás Beckett,1,1,False,0
linkedin.com/in/noor-kettleborough-1093,profile_url,noor kettleborough,Noor Kettleborough,linkedin.com/in/noor-kettleborough-1093,Quintrell Advisory,Engineering Manager,Dana Whitfield,1,1,False,0
linkedin.com/in/noor-kirkbride-4287,profile_url,noor kirkbride,Noor Kirkbride,linkedin.com/in/noor-kirkbride-4287,Pale Harbour Studio,Platform Lead,Marcus Aldridge,1,1,False,0
linkedin.com/in/noor-lindqvist-1692,profile_url,noor lindqvist,Noor Lindqvist,linkedin.com/in/noor-lindqvist-1692,Inglenook Bakery,Engineering Manager,Tomás Beckett,1,1,False,0
linkedin.com/in/noor-lomsadze-4587,profile_url,noor lomsadze,Noor Lomsadze,linkedin.com/in/noor-lomsadze-4587,Rooksby Legal,Head of Innovation,Marcus Aldridge,1,1,False,0
name:noor marchetti,name_only,noor marchetti,Noor Marchetti,,Elmsworth Tutors,Head of Innovation,Tomás Beckett,1,1,False,1
linkedin.com/in/noor-merriweather-1530,profile_url,noor merriweather,Noor Merriweather,linkedin.com/in/noor-merriweather-1530,Vespermill Analytics,Director of IT,Marcus Aldridge,1,1,False,0
linkedin.com/in/noor-mkhize-3228,profile_url,noor mkhize,Noor Mkhize,linkedin.com/in/noor-mkhize-3228,Inglenook Bakery,Principal Architect,Priya Raghunathan,1,1,False,0
linkedin.com/in/noor-nakashima-4633,profile_url,noor nakashima,Noor Nakashima,linkedin.com/in/noor-nakashima-4633,Zenner Foods,Head of Automation,Dana Whitfield,1,1,False,0
linkedin.com/in/noor-norrington-9097,profile_url,noor norrington,Noor Norrington,linkedin.com/in/noor-norrington-9097,Rooksby Legal,Head of Platform Engineering,Dana Whitfield,1,1,False,0
name:noor okonkwo,name_only,noor okonkwo,Noor Okonkwo,,Corbridge Realty,Product Director,Dana Whitfield,1,1,False,1
name:noor oldfield,name_only,noor oldfield,Noor Oldfield,,Rooksby Legal,"Senior Manager, Engineering",Tomás Beckett,1,1,False,1
linkedin.com/in/noor-oldfield-lomsadze-7472,profile_url,noor oldfield lomsadze,Noor Oldfield-Lomsadze,linkedin.com/in/noor-oldfield-lomsadze-7472,Elmsworth Tutors,Chief Data Officer,Elena Duvall,1,1,False,0
linkedin.com/in/noor-oyelaran-7274,profile_url,noor oyelaran,Noor Oyelaran,linkedin.com/in/noor-oyelaran-7274,Fairbourne Fitness,Staff Engineer,Tomás Beckett,1,1,False,0
linkedin.com/in/noor-petrossian-6635,profile_url,noor petrossian,Noor Petrossian,linkedin.com/in/noor-petrossian-6635,Xanthe Labs,Engineering Manager,Marcus Aldridge,1,1,False,0
linkedin.com/in/noor-prendergast-8854,profile_url,noor prendergast,Noor Prendergast,linkedin.com/in/noor-prendergast-8854,Ondermark Consulting,Director of IT,Dana Whitfield,1,1,False,0
name:noor prendergast thackeray,name_only,noor prendergast thackeray,Noor Prendergast-Thackeray,,Ondermark Consulting,Head of Developer Productivity,Elena Duvall,1,1,False,1
linkedin.com/in/noor-quillane-1485,profile_url,noor quillane,Noor Quillane,linkedin.com/in/noor-quillane-1485,Dunmowe Travel,VP Engineering,Dana Whitfield,1,1,False,0
linkedin.com/in/noor-rushworth-9367,profile_url,noor rushworth,Noor Rushworth,linkedin.com/in/noor-rushworth-9367,Rooksby Legal,Head of Innovation,Dana Whitfield,1,1,False,0
linkedin.com/in/noor-salcedo-6033,profile_url,noor salcedo,Noor Salcedo,linkedin.com/in/noor-salcedo-6033,Corbridge Realty,Chief Operating Officer,Tomás Beckett,1,1,False,0
linkedin.com/in/noor-sandoval-1710,profile_url,noor sandoval,Noor Sandoval,linkedin.com/in/noor-sandoval-1710,Zenner Foods,VP Enterprise Architecture,Dana Whitfield,1,1,False,0
linkedin.com/in/noor-thackeray-7774,profile_url,noor thackeray,Noor Thackeray,linkedin.com/in/noor-thackeray-7774,Quintrell Advisory,Head of Automation,Priya Raghunathan,1,1,False,0
linkedin.com/in/noor-underhill-6464,profile_url,noor underhill,Noor Underhill,linkedin.com/in/noor-underhill-6464,Fairbourne Fitness,Staff Engineer,Tomás Beckett,1,1,False,0
linkedin.com/in/noor-vandermolen-4739,profile_url,noor vandermolen,Noor Vandermolen,linkedin.com/in/noor-vandermolen-4739,Quintrell Advisory,SVP Digital,Tomás Beckett,1,1,False,0
linkedin.com/in/noor-vandermolen-zubkov-6714,profile_url,noor vandermolen zubkov,Noor Vandermolen-Zubkov,linkedin.com/in/noor-vandermolen-zubkov-6714,Quintrell Advisory,SVP Digital,Elena Duvall,1,1,False,0
linkedin.com/in/noor-vasquez-6620,profile_url,noor vasquez,Noor Vasquez,linkedin.com/in/noor-vasquez-6620,Elmsworth Tutors,"Senior Manager, Engineering",Priya Raghunathan,1,1,False,0
linkedin.com/in/noor-wexford-6135,profile_url,noor wexford,Noor Wexford,linkedin.com/in/noor-wexford-6135,Yardley Print,VP Data & Analytics,Tomás Beckett,1,1,False,0
linkedin.com/in/noor-wolstenholme-4592,profile_url,noor wolstenholme,Noor Wolstenholme,linkedin.com/in/noor-wolstenholme-4592,Fairbourne Fitness,Principal Architect,Marcus Aldridge,1,1,False,0
name:noor yarrow,name_only,noor yarrow,Noor Yarrow,,Whitlock Staffing,Engineering Manager,Tomás Beckett,1,1,False,1
linkedin.com/in/noor-zettergren-6715,profile_url,noor zettergren,Noor Zettergren,linkedin.com/in/noor-zettergren-6715,Ondermark Consulting,Head of Developer Productivity,Dana Whitfield,1,1,False,0
linkedin.com/in/noor-zubkov-8708,profile_url,noor zubkov,Noor Zubkov,linkedin.com/in/noor-zubkov-8708,Fairbourne Fitness,Director of IT,Marcus Aldridge,1,1,False,0
linkedin.com/in/odette-achterberg-4632,profile_url,odette achterberg,Odette Achterberg,linkedin.com/in/odette-achterberg-4632,Dunmowe Travel,Principal Architect,Marcus Aldridge,1,1,False,0
linkedin.com/in/odette-ashdown-6142,profile_url,odette ashdown,Odette Ashdown,linkedin.com/in/odette-ashdown-6142,Yardley Print,Product Director,Marcus Aldridge,1,1,False,0
linkedin.com/in/odette-ashdown-fairweather-3958,profile_url,odette ashdown fairweather,Odette Ashdown-Fairweather,linkedin.com/in/odette-ashdown-fairweather-3958,Garrowby Books,Platform Lead,Tomás Beckett,1,1,False,0
linkedin.com/in/odette-ashdown-halloran-7157,profile_url,odette ashdown halloran,Odette Ashdown-Halloran,linkedin.com/in/odette-ashdown-halloran-7157,Fairbourne Fitness,Principal Architect,Elena Duvall,1,1,False,0
linkedin.com/in/odette-ashdown-rushworth-3540,profile_url,odette ashdown rushworth,Odette Ashdown-Rushworth,linkedin.com/in/odette-ashdown-rushworth-3540,Garrowby Books,Head of Automation,Owen Trask,1,1,False,0
linkedin.com/in/odette-balogun-9110,profile_url,odette balogun,Odette Balogun,linkedin.com/in/odette-balogun-9110,Fairbourne Fitness,VP Enterprise Architecture,Marcus Aldridge,1,1,False,0
linkedin.com/in/odette-bellinger-4039,profile_url,odette bellinger,Odette Bellinger,linkedin.com/in/odette-bellinger-4039,Dunmowe Travel,Head of Innovation,Priya Raghunathan,1,1,False,0
linkedin.com/in/odette-brenneman-8149,profile_url,odette brenneman,Odette Brenneman,linkedin.com/in/odette-brenneman-8149,Inglenook Bakery,Program Manager,Marcus Aldridge,1,1,False,0
linkedin.com/in/odette-cardoso-8495,profile_url,odette cardoso,Odette Cardoso,linkedin.com/in/odette-cardoso-8495,Rooksby Legal,Chief Data Officer,Marcus Aldridge,1,1,False,0
linkedin.com/in/odette-cathcart-5000,profile_url,odette cathcart,Odette Cathcart,linkedin.com/in/odette-cathcart-5000,Quintrell Advisory,Product Director,Marcus Aldridge,1,1,False,0
linkedin.com/in/odette-cathcart-crowther-6857,profile_url,odette cathcart crowther,Odette Cathcart-Crowther,linkedin.com/in/odette-cathcart-crowther-6857,Pale Harbour Studio,Engineering Manager,Owen Trask,1,1,False,0
linkedin.com/in/odette-crowther-9936,profile_url,odette crowther,Odette Crowther,linkedin.com/in/odette-crowther-9936,Rooksby Legal,Head of Automation,Priya Raghunathan,1,1,False,0
linkedin.com/in/odette-crowther-cardoso-6277,profile_url,odette crowther cardoso,Odette Crowther-Cardoso,linkedin.com/in/odette-crowther-cardoso-6277,Elmsworth Tutors,Platform Lead,Owen Trask,1,1,False,0
linkedin.com/in/odette-crowther-oyelaran-4614,profile_url,odette crowther oyelaran,Odette Crowther-Oyelaran,linkedin.com/in/odette-crowther-oyelaran-4614,Dunmowe Travel,Engineering Manager,Elena Duvall,1,1,False,0
linkedin.com/in/odette-crowther-petrossian-9886,profile_url,odette crowther petrossian,Odette Crowther-Petrossian,linkedin.com/in/odette-crowther-petrossian-9886,Tannerly Design,Staff Engineer,Elena Duvall,1,1,False,0
name:odette dellinger,name_only,odette dellinger,Odette Dellinger,,Fairbourne Fitness,VP Enterprise Architecture,Marcus Aldridge,1,1,False,1
linkedin.com/in/odette-dellinger-hojgaard-7882,profile_url,odette dellinger hojgaard,Odette Dellinger-Højgaard,linkedin.com/in/odette-dellinger-hojgaard-7882,Garrowby Books,Principal Architect,Tomás Beckett,1,1,False,0
linkedin.com/in/odette-dobrescu-6443,profile_url,odette dobrescu,Odette Dobrescu,linkedin.com/in/odette-dobrescu-6443,Zenner Foods,Head of Automation,Marcus Aldridge,1,1,False,0
linkedin.com/in/odette-drummond-3983,profile_url,odette drummond,Odette Drummond,linkedin.com/in/odette-drummond-3983,Vespermill Analytics,Chief Technology Officer,Priya Raghunathan,1,1,False,0
linkedin.com/in/odette-eastcott-2220,profile_url,odette eastcott,Odette Eastcott,linkedin.com/in/odette-eastcott-2220,Tannerly Design,Chief Information Officer,Dana Whitfield,1,1,False,0
linkedin.com/in/odette-egerton-2559,profile_url,odette egerton,Odette Egerton,linkedin.com/in/odette-egerton-2559,Ambrose Trading,SVP Digital,Tomás Beckett,1,1,False,0
linkedin.com/in/odette-egerton-ingleby-1365,profile_url,odette egerton ingleby,Odette Egerton-Ingleby,linkedin.com/in/odette-egerton-ingleby-1365,Elmsworth Tutors,Chief Operating Officer,Elena Duvall,1,1,False,0
linkedin.com/in/odette-fairweather-7925,profile_url,odette fairweather,Odette Fairweather,linkedin.com/in/odette-fairweather-7925,Elmsworth Tutors,Principal Architect,Dana Whitfield,1,1,False,0
linkedin.com/in/odette-fairweather-gluckstein-4301,profile_url,odette fairweather gluckstein,Odette Fairweather-Glückstein,linkedin.com/in/odette-fairweather-gluckstein-4301,Ambrose Trading,Chief Digital Officer,Owen Trask,1,1,False,0
linkedin.com/in/odette-falkenrath-7354,profile_url,odette falkenrath,Odette Falkenrath,linkedin.com/in/odette-falkenrath-7354,Xanthe Labs,Director of Software Engineering,Tomás Beckett,1,1,False,0
linkedin.com/in/odette-falkenrath-vasquez-2444,profile_url,odette falkenrath vasquez,Odette Falkenrath-Vasquez,linkedin.com/in/odette-falkenrath-vasquez-2444,Vespermill Analytics,Chief Operating Officer,Tomás Beckett,1,1,False,0
linkedin.com/in/odette-ferreira-8673,profile_url,odette ferreira,Odette Ferreira,linkedin.com/in/odette-ferreira-8673,Ambrose Trading,Product Director,Marcus Aldridge,1,1,False,0
linkedin.com/in/odette-fontaine-1915,profile_url,odette fontaine,Odette Fontaine,linkedin.com/in/odette-fontaine-1915,Highmoor Cycles,Head of Innovation,Priya Raghunathan,1,1,False,0
linkedin.com/in/odette-fontaine-falkenrath-4066,profile_url,odette fontaine falkenrath,Odette Fontaine-Falkenrath,linkedin.com/in/odette-fontaine-falkenrath-4066,Ondermark Consulting,Director of IT,Owen Trask,1,1,False,0
linkedin.com/in/odette-fontaine-yarrow-9586,profile_url,odette fontaine yarrow,Odette Fontaine-Yarrow,linkedin.com/in/odette-fontaine-yarrow-9586,Garrowby Books,Head of Innovation,Elena Duvall,1,1,False,0
linkedin.com/in/odette-gluckstein-4890,profile_url,odette gluckstein,Odette Glückstein,linkedin.com/in/odette-gluckstein-4890,Tannerly Design,Principal Architect,Marcus Aldridge,1,1,False,0
linkedin.com/in/odette-gluckstein-havercamp-8921,profile_url,odette gluckstein havercamp,Odette Glückstein-Havercamp,linkedin.com/in/odette-gluckstein-havercamp-8921,Garrowby Books,Head of Automation,Owen Trask,1,1,False,0
linkedin.com/in/odette-grimsby-3549,profile_url,odette grimsby,Odette Grimsby,linkedin.com/in/odette-grimsby-3549,Corbridge Realty,Director of IT,Priya Raghunathan,1,1,False,0
linkedin.com/in/odette-grimsby-underhill-9292,profile_url,odette grimsby underhill,Odette Grimsby-Underhill,linkedin.com/in/odette-grimsby-underhill-9292,Elmsworth Tutors,Director of IT,Elena Duvall,1,1,False,0
linkedin.com/in/odette-halloran-2927,profile_url,odette halloran,Odette Halloran,linkedin.com/in/odette-halloran-2927,Xanthe Labs,VP Enterprise Architecture,Priya Raghunathan,1,1,False,0
linkedin.com/in/odette-hartigan-7013,profile_url,odette hartigan,Odette Hartigan,linkedin.com/in/odette-hartigan-7013,Bellchamber Media,Product Director,Tomás Beckett,1,1,False,0
linkedin.com/in/odette-havercamp-3616,profile_url,odette havercamp,Odette Havercamp,linkedin.com/in/odette-havercamp-3616,Inglenook Bakery,Principal Architect,Dana Whitfield,1,1,False,0
linkedin.com/in/odette-hojgaard-9892,profile_url,odette hojgaard,Odette Højgaard,linkedin.com/in/odette-hojgaard-9892,Pale Harbour Studio,VP Data & Analytics,Marcus Aldridge,1,1,False,0
linkedin.com/in/odette-ibarra-1403,profile_url,odette ibarra,Odette Ibarra,linkedin.com/in/odette-ibarra-1403,Ambrose Trading,Head of Automation,Tomás Beckett,1,1,False,0
linkedin.com/in/odette-ingleby-2476,profile_url,odette ingleby,Odette Ingleby,linkedin.com/in/odette-ingleby-2476,Fairbourne Fitness,Engineering Manager,Marcus Aldridge,1,1,False,0
linkedin.com/in/odette-isenberg-7529,profile_url,odette isenberg,Odette Isenberg,linkedin.com/in/odette-isenberg-7529,Whitlock Staffing,Staff Engineer,Priya Raghunathan,1,1,False,0
linkedin.com/in/odette-isenberg-crowther-1156,profile_url,odette isenberg crowther,Odette Isenberg-Crowther,linkedin.com/in/odette-isenberg-crowther-1156,Corbridge Realty,Engineering Manager,Owen Trask,1,1,False,0
linkedin.com/in/odette-jarrold-3070,profile_url,odette jarrold,Odette Jarrold,linkedin.com/in/odette-jarrold-3070,Underwood & Vale,"Senior Manager, Engineering",Marcus Aldridge,1,1,False,0
linkedin.com/in/odette-kettleborough-9983,profile_url,odette kettleborough,Odette Kettleborough,linkedin.com/in/odette-kettleborough-9983,Tannerly Design,Program Manager,Marcus Aldridge,1,1,False,0
linkedin.com/in/odette-kettleborough-dobrescu-9568,profile_url,odette kettleborough dobrescu,Odette Kettleborough-Dobrescu,linkedin.com/in/odette-kettleborough-dobrescu-9568,Garrowby Books,Staff Engineer,Owen Trask,1,1,False,0
linkedin.com/in/odette-kirkbride-8522,profile_url,odette kirkbride,Odette Kirkbride,linkedin.com/in/odette-kirkbride-8522,Ambrose Trading,Program Manager,Priya Raghunathan,1,1,False,0
linkedin.com/in/odette-lindqvist-9197,profile_url,odette lindqvist,Odette Lindqvist,linkedin.com/in/odette-lindqvist-9197,Bellchamber Media,"Senior Manager, Engineering",Dana Whitfield,1,1,False,0
linkedin.com/in/odette-lomsadze-4964,profile_url,odette lomsadze,Odette Lomsadze,linkedin.com/in/odette-lomsadze-4964,Tannerly Design,"Senior Manager, Engineering",Priya Raghunathan,1,1,False,0
linkedin.com/in/odette-lomsadze-crowther-8086,profile_url,odette lomsadze crowther,Odette Lomsadze-Crowther,linkedin.com/in/odette-lomsadze-crowther-8086,Ondermark Consulting,Chief Information Officer,Tomás Beckett,1,1,False,0
linkedin.com/in/odette-marchetti-9413,profile_url,odette marchetti,Odette Marchetti,linkedin.com/in/odette-marchetti-9413,Garrowby Books,Head of Innovation,Priya Raghunathan,1,1,False,0
linkedin.com/in/odette-marchetti-egerton-2247,profile_url,odette marchetti egerton,Odette Marchetti-Egerton,linkedin.com/in/odette-marchetti-egerton-2247,Xanthe Labs,Chief Information Officer,Owen Trask,1,1,False,0
linkedin.com/in/odette-merriweather-7549,profile_url,odette merriweather,Odette Merriweather,linkedin.com/in/odette-merriweather-7549,Xanthe Labs,Chief Digital Officer,Priya Raghunathan,1,1,False,0
linkedin.com/in/odette-merriweather-cathcart-6210,profile_url,odette merriweather cathcart,Odette Merriweather-Cathcart,linkedin.com/in/odette-merriweather-cathcart-6210,Elmsworth Tutors,Director of IT,Owen Trask,1,1,False,0
linkedin.com/in/odette-mkhize-5434,profile_url,odette mkhize,Odette Mkhize,linkedin.com/in/odette-mkhize-5434,Underwood & Vale,Director of IT,Marcus Aldridge,1,1,False,0
linkedin.com/in/odette-nakashima-9926,profile_url,odette nakashima,Odette Nakashima,linkedin.com/in/odette-nakashima-9926,Fairbourne Fitness,Head of Innovation,Dana Whitfield,1,1,False,0
linkedin.com/in/odette-norrington-4701,profile_url,odette norrington,Odette Norrington,linkedin.com/in/odette-norrington-4701,Bellchamber Media,Product Director,Dana Whitfield,1,1,False,0
linkedin.com/in/odette-okonkwo-9441,profile_url,odette okonkwo,Odette Okonkwo,linkedin.com/in/odette-okonkwo-9441,Inglenook Bakery,Chief Information Officer,Marcus Aldridge,1,1,False,0
linkedin.com/in/odette-oldfield-6597,profile_url,odette oldfield,Odette Oldfield,linkedin.com/in/odette-oldfield-6597,Yardley Print,Head of Innovation,Dana Whitfield,1,1,False,0
linkedin.com/in/odette-oldfield-zubkov-3809,profile_url,odette oldfield zubkov,Odette Oldfield-Zubkov,linkedin.com/in/odette-oldfield-zubkov-3809,Fairbourne Fitness,VP Data & Analytics,Tomás Beckett,1,1,False,0
linkedin.com/in/odette-oyelaran-1217,profile_url,odette oyelaran,Odette Oyelaran,linkedin.com/in/odette-oyelaran-1217,Tannerly Design,Head of Automation,Priya Raghunathan,1,1,False,0
linkedin.com/in/odette-petrossian-8563,profile_url,odette petrossian,Odette Petrossian,linkedin.com/in/odette-petrossian-8563,Bellchamber Media,Head of Innovation,Marcus Aldridge,1,1,False,0
linkedin.com/in/odette-prendergast-1890,profile_url,odette prendergast,Odette Prendergast,linkedin.com/in/odette-prendergast-1890,Inglenook Bakery,Principal Architect,Marcus Aldridge,1,1,False,0
linkedin.com/in/odette-quillane-6532,profile_url,odette quillane,Odette Quillane,linkedin.com/in/odette-quillane-6532,Rooksby Legal,Chief Digital Officer,Priya Raghunathan,1,1,False,0
linkedin.com/in/odette-rushworth-7390,profile_url,odette rushworth,Odette Rushworth,linkedin.com/in/odette-rushworth-7390,Inglenook Bakery,Principal Architect,Marcus Aldridge,1,1,False,0
linkedin.com/in/odette-salcedo-2109,profile_url,odette salcedo,Odette Salcedo,linkedin.com/in/odette-salcedo-2109,Corbridge Realty,Head of Platform Engineering,Marcus Aldridge,1,1,False,0
linkedin.com/in/odette-sandoval-7693,profile_url,odette sandoval,Odette Sandoval,linkedin.com/in/odette-sandoval-7693,Garrowby Books,"Senior Manager, Engineering",Dana Whitfield,1,1,False,0
linkedin.com/in/odette-thackeray-9926,profile_url,odette thackeray,Odette Thackeray,linkedin.com/in/odette-thackeray-9926,Fairbourne Fitness,Program Manager,Tomás Beckett,1,1,False,0
linkedin.com/in/odette-underhill-2121,profile_url,odette underhill,Odette Underhill,linkedin.com/in/odette-underhill-2121,Garrowby Books,Platform Lead,Priya Raghunathan,1,1,False,0
linkedin.com/in/odette-vandermolen-5271,profile_url,odette vandermolen,Odette Vandermolen,linkedin.com/in/odette-vandermolen-5271,Pale Harbour Studio,Product Director,Marcus Aldridge,1,1,False,0
name:odette vasquez,name_only,odette vasquez,Odette Vasquez,,Xanthe Labs,Chief Digital Officer,Marcus Aldridge,1,1,False,1
linkedin.com/in/odette-vasquez-zubkov-8511,profile_url,odette vasquez zubkov,Odette Vasquez-Zubkov,linkedin.com/in/odette-vasquez-zubkov-8511,Ondermark Consulting,Chief Digital Officer,Owen Trask,1,1,False,0
linkedin.com/in/odette-wexford-5735,profile_url,odette wexford,Odette Wexford,linkedin.com/in/odette-wexford-5735,Ambrose Trading,SVP Digital,Priya Raghunathan,1,1,False,0
linkedin.com/in/odette-wolstenholme-3954,profile_url,odette wolstenholme,Odette Wolstenholme,linkedin.com/in/odette-wolstenholme-3954,Underwood & Vale,Director of IT,Marcus Aldridge,1,1,False,0
linkedin.com/in/odette-yarrow-2021,profile_url,odette yarrow,Odette Yarrow,linkedin.com/in/odette-yarrow-2021,Whitlock Staffing,Head of Platform Engineering,Dana Whitfield,1,1,False,0
linkedin.com/in/odette-yarrow-brenneman-8064,profile_url,odette yarrow brenneman,Odette Yarrow-Brenneman,linkedin.com/in/odette-yarrow-brenneman-8064,Ambrose Trading,Product Director,Owen Trask,1,1,False,0
linkedin.com/in/odette-zettergren-3214,profile_url,odette zettergren,Odette Zettergren,linkedin.com/in/odette-zettergren-3214,Garrowby Books,VP Data & Analytics,Dana Whitfield,1,1,False,0
linkedin.com/in/odette-zubkov-9671,profile_url,odette zubkov,Odette Zubkov,linkedin.com/in/odette-zubkov-9671,Inglenook Bakery,Engineering Manager,Tomás Beckett,1,1,False,0
linkedin.com/in/otto-achterberg-8800,profile_url,otto achterberg,Otto Achterberg,linkedin.com/in/otto-achterberg-8800,Tannerly Design,Product Director,Dana Whitfield,1,1,False,0
linkedin.com/in/otto-ashdown-5913,profile_url,otto ashdown,Otto Ashdown,linkedin.com/in/otto-ashdown-5913,Fairbourne Fitness,Product Director,Marcus Aldridge,1,1,False,0
linkedin.com/in/otto-balogun-4021,profile_url,otto balogun,Otto Balogun,linkedin.com/in/otto-balogun-4021,Corbridge Realty,Head of Platform Engineering,Dana Whitfield,1,1,False,0
linkedin.com/in/otto-bellinger-5473,profile_url,otto bellinger,Otto Bellinger,linkedin.com/in/otto-bellinger-5473,Underwood & Vale,Head of Innovation,Priya Raghunathan,1,1,False,0
linkedin.com/in/otto-bellinger-gluckstein-9992,profile_url,otto bellinger gluckstein,Otto Bellinger-Glückstein,linkedin.com/in/otto-bellinger-gluckstein-9992,Inglenook Bakery,Platform Lead,Elena Duvall,1,1,False,0
linkedin.com/in/otto-brenneman-4560,profile_url,otto brenneman,Otto Brenneman,linkedin.com/in/otto-brenneman-4560,Ondermark Consulting,Chief Technology Officer,Tomás Beckett,1,1,False,0
linkedin.com/in/otto-brenneman-hojgaard-2262,profile_url,otto brenneman hojgaard,Otto Brenneman-Højgaard,linkedin.com/in/otto-brenneman-hojgaard-2262,Ondermark Consulting,Product Director,Elena Duvall,1,1,False,0
linkedin.com/in/otto-cardoso-2226,profile_url,otto cardoso,Otto Cardoso,linkedin.com/in/otto-cardoso-2226,Tannerly Design,Head of Automation,Tomás Beckett,1,1,False,0
linkedin.com/in/otto-cathcart-7975,profile_url,otto cathcart,Otto Cathcart,linkedin.com/in/otto-cathcart-7975,Bellchamber Media,Chief Data Officer,Dana Whitfield,1,1,False,0
linkedin.com/in/otto-crowther-5012,profile_url,otto crowther,Otto Crowther,linkedin.com/in/otto-crowther-5012,Elmsworth Tutors,Program Manager,Marcus Aldridge,1,1,False,0
linkedin.com/in/otto-dellinger-6683,profile_url,otto dellinger,Otto Dellinger,linkedin.com/in/otto-dellinger-6683,Corbridge Realty,Director of IT,Dana Whitfield,1,1,False,0
linkedin.com/in/otto-dobrescu-3932,profile_url,otto dobrescu,Otto Dobrescu,linkedin.com/in/otto-dobrescu-3932,Xanthe Labs,Chief Digital Officer,Marcus Aldridge,1,1,False,0
linkedin.com/in/otto-dobrescu-wolstenholme-5104,profile_url,otto dobrescu wolstenholme,Otto Dobrescu-Wolstenholme,linkedin.com/in/otto-dobrescu-wolstenholme-5104,Ambrose Trading,Director of IT,Elena Duvall,1,1,False,0
linkedin.com/in/otto-drummond-1578,profile_url,otto drummond,Otto Drummond,linkedin.com/in/otto-drummond-1578,Ambrose Trading,Program Manager,Tomás Beckett,1,1,False,0
linkedin.com/in/otto-drummond-gluckstein-9943,profile_url,otto drummond gluckstein,Otto Drummond-Glückstein,linkedin.com/in/otto-drummond-gluckstein-9943,Vespermill Analytics,Platform Lead,Tomás Beckett,1,1,False,0
linkedin.com/in/otto-eastcott-3394,profile_url,otto eastcott,Otto Eastcott,linkedin.com/in/otto-eastcott-3394,Zenner Foods,VP Data & Analytics,Priya Raghunathan,1,1,False,0
linkedin.com/in/otto-egerton-7654,profile_url,otto egerton,Otto Egerton,linkedin.com/in/otto-egerton-7654,Inglenook Bakery,Chief Operating Officer,Dana Whitfield,1,1,False,0
linkedin.com/in/otto-egerton-lindqvist-9089,profile_url,otto egerton lindqvist,Otto Egerton-Lindqvist,linkedin.com/in/otto-egerton-lindqvist-9089,Rooksby Legal,Head of Innovation,Tomás Beckett,1,1,False,0
linkedin.com/in/otto-fairweather-4589,profile_url,otto fairweather,Otto Fairweather,linkedin.com/in/otto-fairweather-4589,Inglenook Bakery,Staff Engineer,Priya Raghunathan,1,1,False,0
linkedin.com/in/otto-falkenrath-9127,profile_url,otto falkenrath,Otto Falkenrath,linkedin.com/in/otto-falkenrath-9127,Highmoor Cycles,Engineering Manager,Marcus Aldridge,1,1,False,0
linkedin.com/in/otto-falkenrath-fairweather-7472,profile_url,otto falkenrath fairweather,Otto Falkenrath-Fairweather,linkedin.com/in/otto-falkenrath-fairweather-7472,Yardley Print,"Senior Manager, Engineering",Elena Duvall,1,1,False,0
linkedin.com/in/otto-ferreira-2216,profile_url,otto ferreira,Otto Ferreira,linkedin.com/in/otto-ferreira-2216,Vespermill Analytics,Chief Technology Officer,Marcus Aldridge,1,1,False,0
name:otto fontaine,name_only,otto fontaine,Otto Fontaine,,Yardley Print,Director of IT,Tomás Beckett,1,1,False,1
linkedin.com/in/otto-fontaine-halloran-6788,profile_url,otto fontaine halloran,Otto Fontaine-Halloran,linkedin.com/in/otto-fontaine-halloran-6788,Yardley Print,VP Engineering,Tomás Beckett,1,1,False,0
linkedin.com/in/otto-gluckstein-4791,profile_url,otto gluckstein,Otto Glückstein,linkedin.com/in/otto-gluckstein-4791,Quintrell Advisory,Engineering Manager,Marcus Aldridge,1,1,False,0
linkedin.com/in/otto-grimsby-7842,profile_url,otto grimsby,Otto Grimsby,linkedin.com/in/otto-grimsby-7842,Elmsworth Tutors,Principal Architect,Tomás Beckett,1,1,False,0
linkedin.com/in/otto-halloran-1212,profile_url,otto halloran,Otto Halloran,linkedin.com/in/otto-halloran-1212,Rooksby Legal,Head of Automation,Marcus Aldridge,1,1,False,0
linkedin.com/in/otto-hartigan-9496,profile_url,otto hartigan,Otto Hartigan,linkedin.com/in/otto-hartigan-9496,Whitlock Staffing,Director of IT,Marcus Aldridge,1,1,False,0
linkedin.com/in/otto-havercamp-7560,profile_url,otto havercamp,Otto Havercamp,linkedin.com/in/otto-havercamp-7560,Quintrell Advisory,Program Manager,Marcus Aldridge,1,1,False,0
linkedin.com/in/otto-hojgaard-5682,profile_url,otto hojgaard,Otto Højgaard,linkedin.com/in/otto-hojgaard-5682,Zenner Foods,Director of IT,Dana Whitfield,1,1,False,0
linkedin.com/in/otto-ibarra-7849,profile_url,otto ibarra,Otto Ibarra,linkedin.com/in/otto-ibarra-7849,Ambrose Trading,Engineering Manager,Dana Whitfield,1,1,False,0
linkedin.com/in/otto-ingleby-5675,profile_url,otto ingleby,Otto Ingleby,linkedin.com/in/otto-ingleby-5675,Ambrose Trading,Director of IT,Marcus Aldridge,1,1,False,0
linkedin.com/in/otto-isenberg-2927,profile_url,otto isenberg,Otto Isenberg,linkedin.com/in/otto-isenberg-2927,Dunmowe Travel,Chief Digital Officer,Marcus Aldridge,1,1,False,0
linkedin.com/in/otto-isenberg-kirkbride-1461,profile_url,otto isenberg kirkbride,Otto Isenberg-Kirkbride,linkedin.com/in/otto-isenberg-kirkbride-1461,Garrowby Books,Head of Platform Engineering,Tomás Beckett,1,1,False,0
linkedin.com/in/otto-jarrold-5924,profile_url,otto jarrold,Otto Jarrold,linkedin.com/in/otto-jarrold-5924,Quintrell Advisory,Head of Innovation,Tomás Beckett,1,1,False,0
linkedin.com/in/otto-kettleborough-7487,profile_url,otto kettleborough,Otto Kettleborough,linkedin.com/in/otto-kettleborough-7487,Elmsworth Tutors,Chief Data Officer,Tomás Beckett,1,1,False,0
linkedin.com/in/otto-kirkbride-7254,profile_url,otto kirkbride,Otto Kirkbride,linkedin.com/in/otto-kirkbride-7254,Quintrell Advisory,Staff Engineer,Marcus Aldridge,1,1,False,0
linkedin.com/in/otto-lindqvist-4537,profile_url,otto lindqvist,Otto Lindqvist,linkedin.com/in/otto-lindqvist-4537,Quintrell Advisory,Head of Developer Productivity,Marcus Aldridge,1,1,False,0
linkedin.com/in/otto-lomsadze-9702,profile_url,otto lomsadze,Otto Lomsadze,linkedin.com/in/otto-lomsadze-9702,Whitlock Staffing,Product Director,Dana Whitfield,1,1,False,0
linkedin.com/in/otto-marchetti-8643,profile_url,otto marchetti,Otto Marchetti,linkedin.com/in/otto-marchetti-8643,Xanthe Labs,VP Engineering,Marcus Aldridge,1,1,False,0
linkedin.com/in/otto-merriweather-1646,profile_url,otto merriweather,Otto Merriweather,linkedin.com/in/otto-merriweather-1646,Highmoor Cycles,Product Director,Priya Raghunathan,1,1,False,0
linkedin.com/in/otto-mkhize-2897,profile_url,otto mkhize,Otto Mkhize,linkedin.com/in/otto-mkhize-2897,Ondermark Consulting,SVP Digital,Dana Whitfield,1,1,False,0
linkedin.com/in/otto-nakashima-8862,profile_url,otto nakashima,Otto Nakashima,linkedin.com/in/otto-nakashima-8862,Garrowby Books,Chief Digital Officer,Marcus Aldridge,1,1,False,0
name:otto nakashima fairweather,name_only,otto nakashima fairweather,Otto Nakashima-Fairweather,,Whitlock Staffing,Chief Data Officer,Elena Duvall,1,1,False,1
linkedin.com/in/otto-norrington-5378,profile_url,otto norrington,Otto Norrington,linkedin.com/in/otto-norrington-5378,Corbridge Realty,Engineering Manager,Priya Raghunathan,1,1,False,0
linkedin.com/in/otto-okonkwo-5676,profile_url,otto okonkwo,Otto Okonkwo,linkedin.com/in/otto-okonkwo-5676,Quintrell Advisory,Director of IT,Dana Whitfield,1,1,False,0
linkedin.com/in/otto-oldfield-1612,profile_url,otto oldfield,Otto Oldfield,linkedin.com/in/otto-oldfield-1612,Bellchamber Media,Product Director,Tomás Beckett,1,1,False,0
linkedin.com/in/otto-oldfield-zettergren-8539,profile_url,otto oldfield zettergren,Otto Oldfield-Zettergren,linkedin.com/in/otto-oldfield-zettergren-8539,Dunmowe Travel,Chief Digital Officer,Tomás Beckett,1,1,False,0
linkedin.com/in/otto-oyelaran-9097,profile_url,otto oyelaran,Otto Oyelaran,linkedin.com/in/otto-oyelaran-9097,Xanthe Labs,Product Director,Marcus Aldridge,1,1,False,0
linkedin.com/in/otto-oyelaran-mkhize-3466,profile_url,otto oyelaran mkhize,Otto Oyelaran-Mkhize,linkedin.com/in/otto-oyelaran-mkhize-3466,Ondermark Consulting,Director of IT,Owen Trask,1,1,False,0
linkedin.com/in/otto-petrossian-1703,profile_url,otto petrossian,Otto Petrossian,linkedin.com/in/otto-petrossian-1703,Zenner Foods,"Senior Manager, Engineering",Tomás Beckett,1,1,False,0
linkedin.com/in/otto-prendergast-8068,profile_url,otto prendergast,Otto Prendergast,linkedin.com/in/otto-prendergast-8068,Vespermill Analytics,Head of Innovation,Priya Raghunathan,1,1,False,0
linkedin.com/in/otto-quillane-2837,profile_url,otto quillane,Otto Quillane,linkedin.com/in/otto-quillane-2837,Corbridge Realty,Engineering Manager,Tomás Beckett,1,1,False,0
linkedin.com/in/otto-rushworth-3058,profile_url,otto rushworth,Otto Rushworth,linkedin.com/in/otto-rushworth-3058,Highmoor Cycles,Program Manager,Marcus Aldridge,1,1,False,0
linkedin.com/in/otto-rushworth-crowther-2992,profile_url,otto rushworth crowther,Otto Rushworth-Crowther,linkedin.com/in/otto-rushworth-crowther-2992,Ambrose Trading,Head of Automation,Tomás Beckett,1,1,False,0
linkedin.com/in/otto-salcedo-1563,profile_url,otto salcedo,Otto Salcedo,linkedin.com/in/otto-salcedo-1563,Dunmowe Travel,"Senior Manager, Engineering",Marcus Aldridge,1,1,False,0
linkedin.com/in/otto-salcedo-hartigan-2730,profile_url,otto salcedo hartigan,Otto Salcedo-Hartigan,linkedin.com/in/otto-salcedo-hartigan-2730,Pale Harbour Studio,Platform Lead,Owen Trask,1,1,False,0
linkedin.com/in/otto-sandoval-7494,profile_url,otto sandoval,Otto Sandoval,linkedin.com/in/otto-sandoval-7494,Corbridge Realty,Principal Architect,Tomás Beckett,1,1,False,0
linkedin.com/in/otto-thackeray-1482,profile_url,otto thackeray,Otto Thackeray,linkedin.com/in/otto-thackeray-1482,Dunmowe Travel,Head of Innovation,Marcus Aldridge,1,1,False,0
linkedin.com/in/otto-underhill-2657,profile_url,otto underhill,Otto Underhill,linkedin.com/in/otto-underhill-2657,Underwood & Vale,Principal Architect,Dana Whitfield,1,1,False,0
linkedin.com/in/otto-vandermolen-7144,profile_url,otto vandermolen,Otto Vandermolen,linkedin.com/in/otto-vandermolen-7144,Rooksby Legal,Platform Lead,Marcus Aldridge,1,1,False,0
linkedin.com/in/otto-vasquez-8636,profile_url,otto vasquez,Otto Vasquez,linkedin.com/in/otto-vasquez-8636,Pale Harbour Studio,Head of Automation,Dana Whitfield,1,1,False,0
linkedin.com/in/otto-wexford-9716,profile_url,otto wexford,Otto Wexford,linkedin.com/in/otto-wexford-9716,Vespermill Analytics,Head of Platform Engineering,Tomás Beckett,1,1,False,0
linkedin.com/in/otto-wolstenholme-4451,profile_url,otto wolstenholme,Otto Wolstenholme,linkedin.com/in/otto-wolstenholme-4451,Underwood & Vale,Engineering Manager,Marcus Aldridge,1,1,False,0
linkedin.com/in/otto-wolstenholme-brenneman-8665,profile_url,otto wolstenholme brenneman,Otto Wolstenholme-Brenneman,linkedin.com/in/otto-wolstenholme-brenneman-8665,Fairbourne Fitness,VP Enterprise Architecture,Owen Trask,1,1,False,0
linkedin.com/in/otto-yarrow-5340,profile_url,otto yarrow,Otto Yarrow,linkedin.com/in/otto-yarrow-5340,Corbridge Realty,Head of Automation,Dana Whitfield,1,1,False,0
linkedin.com/in/otto-zettergren-3181,profile_url,otto zettergren,Otto Zettergren,linkedin.com/in/otto-zettergren-3181,Highmoor Cycles,Head of Innovation,Priya Raghunathan,1,1,False,0
linkedin.com/in/otto-zubkov-7301,profile_url,otto zubkov,Otto Zubkov,linkedin.com/in/otto-zubkov-7301,Yardley Print,Chief Digital Officer,Tomás Beckett,1,1,False,0
linkedin.com/in/otto-zubkov-cardoso-8255,profile_url,otto zubkov cardoso,Otto Zubkov-Cardoso,linkedin.com/in/otto-zubkov-cardoso-8255,Quintrell Advisory,Product Director,Elena Duvall,1,1,False,0
linkedin.com/in/owen-achterberg-1372,profile_url,owen achterberg,Owen Achterberg,linkedin.com/in/owen-achterberg-1372,Whitlock Staffing,Head of Platform Engineering,Dana Whitfield,1,1,False,0
linkedin.com/in/owen-achterberg-gluckstein-7390,profile_url,owen achterberg gluckstein,Owen Achterberg-Glückstein,linkedin.com/in/owen-achterberg-gluckstein-7390,Rooksby Legal,Staff Engineer,Tomás Beckett,1,1,False,0
linkedin.com/in/owen-ashdown-4742,profile_url,owen ashdown,Owen Ashdown,linkedin.com/in/owen-ashdown-4742,Quintrell Advisory,Director of Software Engineering,Priya Raghunathan,1,1,False,0
linkedin.com/in/owen-balogun-1590,profile_url,owen balogun,Owen Balogun,linkedin.com/in/owen-balogun-1590,Fairbourne Fitness,Head of Automation,Dana Whitfield,1,1,False,0
linkedin.com/in/owen-balogun-cardoso-2350,profile_url,owen balogun cardoso,Owen Balogun-Cardoso,linkedin.com/in/owen-balogun-cardoso-2350,Underwood & Vale,Staff Engineer,Elena Duvall,1,1,False,0
linkedin.com/in/owen-bellinger-6757,profile_url,owen bellinger,Owen Bellinger,linkedin.com/in/owen-bellinger-6757,Vespermill Analytics,"Senior Manager, Engineering",Tomás Beckett,1,1,False,0
linkedin.com/in/owen-brenneman-6037,profile_url,owen brenneman,Owen Brenneman,linkedin.com/in/owen-brenneman-6037,Corbridge Realty,Chief Operating Officer,Marcus Aldridge,1,1,False,0
linkedin.com/in/owen-cardoso-5728,profile_url,owen cardoso,Owen Cardoso,linkedin.com/in/owen-cardoso-5728,Dunmowe Travel,Chief Data Officer,Tomás Beckett,1,1,False,0
linkedin.com/in/owen-cathcart-2600,profile_url,owen cathcart,Owen Cathcart,linkedin.com/in/owen-cathcart-2600,Garrowby Books,Principal Architect,Priya Raghunathan,1,1,False,0
linkedin.com/in/owen-crowther-3187,profile_url,owen crowther,Owen Crowther,linkedin.com/in/owen-crowther-3187,Tannerly Design,Director of IT,Marcus Aldridge,1,1,False,0
linkedin.com/in/owen-dellinger-8657,profile_url,owen dellinger,Owen Dellinger,linkedin.com/in/owen-dellinger-8657,Zenner Foods,Chief Data Officer,Priya Raghunathan,1,1,False,0
linkedin.com/in/owen-dobrescu-4840,profile_url,owen dobrescu,Owen Dobrescu,linkedin.com/in/owen-dobrescu-4840,Garrowby Books,Head of Innovation,Marcus Aldridge,1,1,False,0
linkedin.com/in/owen-drummond-4781,profile_url,owen drummond,Owen Drummond,linkedin.com/in/owen-drummond-4781,Rooksby Legal,Chief Technology Officer,Tomás Beckett,1,1,False,0
linkedin.com/in/owen-eastcott-3184,profile_url,owen eastcott,Owen Eastcott,linkedin.com/in/owen-eastcott-3184,Ambrose Trading,Chief Technology Officer,Priya Raghunathan,1,1,False,0
linkedin.com/in/owen-egerton-2331,profile_url,owen egerton,Owen Egerton,linkedin.com/in/owen-egerton-2331,Whitlock Staffing,Program Manager,Priya Raghunathan,1,1,False,0
linkedin.com/in/owen-fairweather-1783,profile_url,owen fairweather,Owen Fairweather,linkedin.com/in/owen-fairweather-1783,Whitlock Staffing,Platform Lead,Marcus Aldridge,1,1,False,0
linkedin.com/in/owen-fairweather-oyelaran-3156,profile_url,owen fairweather oyelaran,Owen Fairweather-Oyelaran,linkedin.com/in/owen-fairweather-oyelaran-3156,Xanthe Labs,Platform Lead,Tomás Beckett,1,1,False,0
linkedin.com/in/owen-falkenrath-5126,profile_url,owen falkenrath,Owen Falkenrath,linkedin.com/in/owen-falkenrath-5126,Zenner Foods,Director of IT,Priya Raghunathan,1,1,False,0
linkedin.com/in/owen-ferreira-5640,profile_url,owen ferreira,Owen Ferreira,linkedin.com/in/owen-ferreira-5640,Yardley Print,Staff Engineer,Marcus Aldridge,1,1,False,0
linkedin.com/in/owen-fontaine-6244,profile_url,owen fontaine,Owen Fontaine,linkedin.com/in/owen-fontaine-6244,Inglenook Bakery,Director of IT,Marcus Aldridge,1,1,False,0
linkedin.com/in/owen-gluckstein-1119,profile_url,owen gluckstein,Owen Glückstein,linkedin.com/in/owen-gluckstein-1119,Yardley Print,Program Manager,Dana Whitfield,1,1,False,0
linkedin.com/in/owen-grimsby-7711,profile_url,owen grimsby,Owen Grimsby,linkedin.com/in/owen-grimsby-7711,Fairbourne Fitness,"Senior Manager, Engineering",Tomás Beckett,1,1,False,0
linkedin.com/in/owen-grimsby-ibarra-5976,profile_url,owen grimsby ibarra,Owen Grimsby-Ibarra,linkedin.com/in/owen-grimsby-ibarra-5976,Fairbourne Fitness,Head of Innovation,Tomás Beckett,1,1,False,0
name:owen halloran,name_only,owen halloran,Owen Halloran,,Ambrose Trading,Product Director,Dana Whitfield,1,1,False,1
name:owen hartigan,name_only,owen hartigan,Owen Hartigan,,Bellchamber Media,SVP Digital,Dana Whitfield,1,1,False,1
name:owen hartigan rushworth,name_only,owen hartigan rushworth,Owen Hartigan-Rushworth,,Rooksby Legal,Chief Technology Officer,Owen Trask,1,1,False,1
linkedin.com/in/owen-havercamp-9906,profile_url,owen havercamp,Owen Havercamp,linkedin.com/in/owen-havercamp-9906,Bellchamber Media,Head of Developer Productivity,Priya Raghunathan,1,1,False,0
linkedin.com/in/owen-hojgaard-9196,profile_url,owen hojgaard,Owen Højgaard,linkedin.com/in/owen-hojgaard-9196,Inglenook Bakery,Product Director,Tomás Beckett,1,1,False,0
linkedin.com/in/owen-hojgaard-oyelaran-7113,profile_url,owen hojgaard oyelaran,Owen Højgaard-Oyelaran,linkedin.com/in/owen-hojgaard-oyelaran-7113,Dunmowe Travel,Program Manager,Owen Trask,1,1,False,0
linkedin.com/in/owen-ibarra-1010,profile_url,owen ibarra,Owen Ibarra,linkedin.com/in/owen-ibarra-1010,Rooksby Legal,Director of IT,Marcus Aldridge,1,1,False,0
linkedin.com/in/owen-ibarra-egerton-1138,profile_url,owen ibarra egerton,Owen Ibarra-Egerton,linkedin.com/in/owen-ibarra-egerton-1138,Ambrose Trading,Chief Operating Officer,Tomás Beckett,1,1,False,0
linkedin.com/in/owen-ingleby-1478,profile_url,owen ingleby,Owen Ingleby,linkedin.com/in/owen-ingleby-1478,Yardley Print,Engineering Manager,Priya Raghunathan,1,1,False,0
linkedin.com/in/owen-isenberg-9062,profile_url,owen isenberg,Owen Isenberg,linkedin.com/in/owen-isenberg-9062,Dunmowe Travel,Chief Data Officer,Dana Whitfield,1,1,False,0
linkedin.com/in/owen-isenberg-ferreira-5032,profile_url,owen isenberg ferreira,Owen Isenberg-Ferreira,linkedin.com/in/owen-isenberg-ferreira-5032,Garrowby Books,Principal Architect,Elena Duvall,1,1,False,0
linkedin.com/in/owen-jarrold-5039,profile_url,owen jarrold,Owen Jarrold,linkedin.com/in/owen-jarrold-5039,Rooksby Legal,VP Enterprise Architecture,Priya Raghunathan,1,1,False,0
linkedin.com/in/owen-kettleborough-6102,profile_url,owen kettleborough,Owen Kettleborough,linkedin.com/in/owen-kettleborough-6102,Highmoor Cycles,Head of Developer Productivity,Dana Whitfield,1,1,False,0
linkedin.com/in/owen-kirkbride-2661,profile_url,owen kirkbride,Owen Kirkbride,linkedin.com/in/owen-kirkbride-2661,Yardley Print,Director of IT,Dana Whitfield,1,1,False,0
linkedin.com/in/owen-lindqvist-9020,profile_url,owen lindqvist,Owen Lindqvist,linkedin.com/in/owen-lindqvist-9020,Quintrell Advisory,"Senior Manager, Engineering",Marcus Aldridge,1,1,False,0
linkedin.com/in/owen-lindqvist-gluckstein-7987,profile_url,owen lindqvist gluckstein,Owen Lindqvist-Glückstein,linkedin.com/in/owen-lindqvist-gluckstein-7987,Ambrose Trading,Platform Lead,Owen Trask,1,1,False,0
linkedin.com/in/owen-lomsadze-8860,profile_url,owen lomsadze,Owen Lomsadze,linkedin.com/in/owen-lomsadze-8860,Highmoor Cycles,Head of Automation,Marcus Aldridge,1,1,False,0
linkedin.com/in/owen-marchetti-2057,profile_url,owen marchetti,Owen Marchetti,linkedin.com/in/owen-marchetti-2057,Elmsworth Tutors,Product Director,Priya Raghunathan,1,1,False,0
linkedin.com/in/owen-merriweather-5593,profile_url,owen merriweather,Owen Merriweather,linkedin.com/in/owen-merriweather-5593,Rooksby Legal,VP Enterprise Architecture,Marcus Aldridge,1,1,False,0
name:owen mkhize,name_only,owen mkhize,Owen Mkhize,,Ondermark Consulting,"Senior Manager, Engineering",Dana Whitfield,1,1,False,1
linkedin.com/in/owen-nakashima-6812,profile_url,owen nakashima,Owen Nakashima,linkedin.com/in/owen-nakashima-6812,Rooksby Legal,Principal Architect,Tomás Beckett,1,1,False,0
name:owen nakashima balogun,name_only,owen nakashima balogun,Owen Nakashima-Balogun,,Yardley Print,"Senior Manager, Engineering",Owen Trask,1,1,False,1
linkedin.com/in/owen-norrington-4237,profile_url,owen norrington,Owen Norrington,linkedin.com/in/owen-norrington-4237,Whitlock Staffing,Chief Technology Officer,Tomás Beckett,1,1,False,0
linkedin.com/in/owen-norrington-lindqvist-9025,profile_url,owen norrington lindqvist,Owen Norrington-Lindqvist,linkedin.com/in/owen-norrington-lindqvist-9025,Elmsworth Tutors,Chief Digital Officer,Owen Trask,1,1,False,0
linkedin.com/in/owen-okonkwo-1097,profile_url,owen okonkwo,Owen Okonkwo,linkedin.com/in/owen-okonkwo-1097,Inglenook Bakery,Product Director,Priya Raghunathan,1,1,False,0
linkedin.com/in/owen-okonkwo-kirkbride-1257,profile_url,owen okonkwo kirkbride,Owen Okonkwo-Kirkbride,linkedin.com/in/owen-okonkwo-kirkbride-1257,Inglenook Bakery,SVP Digital,Owen Trask,1,1,False,0
linkedin.com/in/owen-oldfield-9058,profile_url,owen oldfield,Owen Oldfield,linkedin.com/in/owen-oldfield-9058,Corbridge Realty,Product Director,Tomás Beckett,1,1,False,0
linkedin.com/in/owen-oyelaran-2372,profile_url,owen oyelaran,Owen Oyelaran,linkedin.com/in/owen-oyelaran-2372,Highmoor Cycles,"Senior Manager, Engineering",Tomás Beckett,1,1,False,0
linkedin.com/in/owen-petrossian-9584,profile_url,owen petrossian,Owen Petrossian,linkedin.com/in/owen-petrossian-9584,Yardley Print,Head of Automation,Marcus Aldridge,1,1,False,0
linkedin.com/in/owen-petrossian-ashdown-4120,profile_url,owen petrossian ashdown,Owen Petrossian-Ashdown,linkedin.com/in/owen-petrossian-ashdown-4120,Pale Harbour Studio,Platform Lead,Owen Trask,1,1,False,0
linkedin.com/in/owen-prendergast-3594,profile_url,owen prendergast,Owen Prendergast,linkedin.com/in/owen-prendergast-3594,Elmsworth Tutors,Director of IT,Marcus Aldridge,1,1,False,0
linkedin.com/in/owen-quillane-7753,profile_url,owen quillane,Owen Quillane,linkedin.com/in/owen-quillane-7753,Vespermill Analytics,Product Director,Tomás Beckett,1,1,False,0
linkedin.com/in/owen-quillane-crowther-5005,profile_url,owen quillane crowther,Owen Quillane-Crowther,linkedin.com/in/owen-quillane-crowther-5005,Dunmowe Travel,Director of IT,Elena Duvall,1,1,False,0
linkedin.com/in/owen-rushworth-5061,profile_url,owen rushworth,Owen Rushworth,linkedin.com/in/owen-rushworth-5061,Ondermark Consulting,Program Manager,Priya Raghunathan,1,1,False,0
linkedin.com/in/owen-salcedo-9729,profile_url,owen salcedo,Owen Salcedo,linkedin.com/in/owen-salcedo-9729,Fairbourne Fitness,SVP Digital,Dana Whitfield,1,1,False,0
linkedin.com/in/owen-sandoval-2416,profile_url,owen sandoval,Owen Sandoval,linkedin.com/in/owen-sandoval-2416,Underwood & Vale,VP Engineering,Marcus Aldridge,1,1,False,0
linkedin.com/in/owen-sandoval-okonkwo-5069,profile_url,owen sandoval okonkwo,Owen Sandoval-Okonkwo,linkedin.com/in/owen-sandoval-okonkwo-5069,Vespermill Analytics,Head of Automation,Owen Trask,1,1,False,0
linkedin.com/in/owen-thackeray-5285,profile_url,owen thackeray,Owen Thackeray,linkedin.com/in/owen-thackeray-5285,Vespermill Analytics,Head of Platform Engineering,Marcus Aldridge,1,1,False,0
linkedin.com/in/owen-underhill-8508,profile_url,owen underhill,Owen Underhill,linkedin.com/in/owen-underhill-8508,Whitlock Staffing,Head of Innovation,Tomás Beckett,1,1,False,0
linkedin.com/in/owen-vandermolen-9679,profile_url,owen vandermolen,Owen Vandermolen,linkedin.com/in/owen-vandermolen-9679,Garrowby Books,Head of Platform Engineering,Tomás Beckett,1,1,False,0
linkedin.com/in/owen-vasquez-3906,profile_url,owen vasquez,Owen Vasquez,linkedin.com/in/owen-vasquez-3906,Vespermill Analytics,VP Enterprise Architecture,Marcus Aldridge,1,1,False,0
linkedin.com/in/owen-wexford-4126,profile_url,owen wexford,Owen Wexford,linkedin.com/in/owen-wexford-4126,Ambrose Trading,Chief Digital Officer,Marcus Aldridge,1,1,False,0
linkedin.com/in/owen-wolstenholme-6023,profile_url,owen wolstenholme,Owen Wolstenholme,linkedin.com/in/owen-wolstenholme-6023,Dunmowe Travel,Director of IT,Marcus Aldridge,1,1,False,0
name:owen yarrow,name_only,owen yarrow,Owen Yarrow,,Whitlock Staffing,VP Engineering,Dana Whitfield,1,1,False,1
linkedin.com/in/owen-zettergren-5507,profile_url,owen zettergren,Owen Zettergren,linkedin.com/in/owen-zettergren-5507,Fairbourne Fitness,Program Manager,Dana Whitfield,1,1,False,0
linkedin.com/in/owen-zubkov-5466,profile_url,owen zubkov,Owen Zubkov,linkedin.com/in/owen-zubkov-5466,Zenner Foods,Product Director,Marcus Aldridge,1,1,False,0
linkedin.com/in/perrine-achterberg-3504,profile_url,perrine achterberg,Perrine Achterberg,linkedin.com/in/perrine-achterberg-3504,Ondermark Consulting,Platform Lead,Tomás Beckett,1,1,False,0
linkedin.com/in/perrine-achterberg-rushworth-4621,profile_url,perrine achterberg rushworth,Perrine Achterberg-Rushworth,linkedin.com/in/perrine-achterberg-rushworth-4621,Xanthe Labs,Engineering Manager,Tomás Beckett,1,1,False,0
linkedin.com/in/perrine-ashdown-1686,profile_url,perrine ashdown,Perrine Ashdown,linkedin.com/in/perrine-ashdown-1686,Pale Harbour Studio,Head of Platform Engineering,Dana Whitfield,1,1,False,0
linkedin.com/in/perrine-ashdown-halloran-4709,profile_url,perrine ashdown halloran,Perrine Ashdown-Halloran,linkedin.com/in/perrine-ashdown-halloran-4709,Zenner Foods,Head of Automation,Elena Duvall,1,1,False,0
linkedin.com/in/perrine-balogun-2025,profile_url,perrine balogun,Perrine Balogun,linkedin.com/in/perrine-balogun-2025,Inglenook Bakery,Chief Information Officer,Marcus Aldridge,1,1,False,0
linkedin.com/in/perrine-bellinger-8736,profile_url,perrine bellinger,Perrine Bellinger,linkedin.com/in/perrine-bellinger-8736,Zenner Foods,Head of Automation,Marcus Aldridge,1,1,False,0
linkedin.com/in/perrine-brenneman-6173,profile_url,perrine brenneman,Perrine Brenneman,linkedin.com/in/perrine-brenneman-6173,Corbridge Realty,Chief Data Officer,Tomás Beckett,1,1,False,0
linkedin.com/in/perrine-cardoso-6102,profile_url,perrine cardoso,Perrine Cardoso,linkedin.com/in/perrine-cardoso-6102,Corbridge Realty,VP Engineering,Marcus Aldridge,1,1,False,0
linkedin.com/in/perrine-cathcart-1631,profile_url,perrine cathcart,Perrine Cathcart,linkedin.com/in/perrine-cathcart-1631,Highmoor Cycles,Head of Innovation,Marcus Aldridge,1,1,False,0
linkedin.com/in/perrine-cathcart-grimsby-4741,profile_url,perrine cathcart grimsby,Perrine Cathcart-Grimsby,linkedin.com/in/perrine-cathcart-grimsby-4741,Inglenook Bakery,Product Director,Tomás Beckett,1,1,False,0
linkedin.com/in/perrine-crowther-2668,profile_url,perrine crowther,Perrine Crowther,linkedin.com/in/perrine-crowther-2668,Zenner Foods,Program Manager,Priya Raghunathan,1,1,False,0
linkedin.com/in/perrine-dellinger-3062,profile_url,perrine dellinger,Perrine Dellinger,linkedin.com/in/perrine-dellinger-3062,Elmsworth Tutors,"Senior Manager, Engineering",Tomás Beckett,1,1,False,0
linkedin.com/in/perrine-dellinger-zubkov-6866,profile_url,perrine dellinger zubkov,Perrine Dellinger-Zubkov,linkedin.com/in/perrine-dellinger-zubkov-6866,Underwood & Vale,Chief Information Officer,Tomás Beckett,1,1,False,0
linkedin.com/in/perrine-dobrescu-7557,profile_url,perrine dobrescu,Perrine Dobrescu,linkedin.com/in/perrine-dobrescu-7557,Inglenook Bakery,Engineering Manager,Dana Whitfield,1,1,False,0
linkedin.com/in/perrine-drummond-1063,profile_url,perrine drummond,Perrine Drummond,linkedin.com/in/perrine-drummond-1063,Highmoor Cycles,Staff Engineer,Dana Whitfield,1,1,False,0
linkedin.com/in/perrine-eastcott-7235,profile_url,perrine eastcott,Perrine Eastcott,linkedin.com/in/perrine-eastcott-7235,Dunmowe Travel,Head of Automation,Dana Whitfield,1,1,False,0
linkedin.com/in/perrine-egerton-5808,profile_url,perrine egerton,Perrine Egerton,linkedin.com/in/perrine-egerton-5808,Underwood & Vale,Director of Software Engineering,Marcus Aldridge,1,1,False,0
linkedin.com/in/perrine-fairweather-6727,profile_url,perrine fairweather,Perrine Fairweather,linkedin.com/in/perrine-fairweather-6727,Corbridge Realty,Platform Lead,Marcus Aldridge,1,1,False,0
linkedin.com/in/perrine-fairweather-lindqvist-6541,profile_url,perrine fairweather lindqvist,Perrine Fairweather-Lindqvist,linkedin.com/in/perrine-fairweather-lindqvist-6541,Fairbourne Fitness,Staff Engineer,Tomás Beckett,1,1,False,0
name:perrine fairweather mkhize,name_only,perrine fairweather mkhize,Perrine Fairweather-Mkhize,,Zenner Foods,VP Engineering,Elena Duvall,1,1,False,1
linkedin.com/in/perrine-falkenrath-5893,profile_url,perrine falkenrath,Perrine Falkenrath,linkedin.com/in/perrine-falkenrath-5893,Quintrell Advisory,Platform Lead,Priya Raghunathan,1,1,False,0
linkedin.com/in/perrine-ferreira-6374,profile_url,perrine ferreira,Perrine Ferreira,linkedin.com/in/perrine-ferreira-6374,Highmoor Cycles,Staff Engineer,Dana Whitfield,1,1,False,0
linkedin.com/in/perrine-fontaine-2538,profile_url,perrine fontaine,Perrine Fontaine,linkedin.com/in/perrine-fontaine-2538,Ondermark Consulting,Principal Architect,Priya Raghunathan,1,1,False,0
linkedin.com/in/perrine-gluckstein-5686,profile_url,perrine gluckstein,Perrine Glückstein,linkedin.com/in/perrine-gluckstein-5686,Quintrell Advisory,Chief Digital Officer,Marcus Aldridge,1,1,False,0
linkedin.com/in/perrine-gluckstein-norrington-5802,profile_url,perrine gluckstein norrington,Perrine Glückstein-Norrington,linkedin.com/in/perrine-gluckstein-norrington-5802,Tannerly Design,Chief Technology Officer,Owen Trask,1,1,False,0
linkedin.com/in/perrine-grimsby-4214,profile_url,perrine grimsby,Perrine Grimsby,linkedin.com/in/perrine-grimsby-4214,Fairbourne Fitness,Program Manager,Dana Whitfield,1,1,False,0
linkedin.com/in/perrine-halloran-1253,profile_url,perrine halloran,Perrine Halloran,linkedin.com/in/perrine-halloran-1253,Tannerly Design,Chief Technology Officer,Marcus Aldridge,1,1,False,0
linkedin.com/in/perrine-hartigan-1836,profile_url,perrine hartigan,Perrine Hartigan,linkedin.com/in/perrine-hartigan-1836,Zenner Foods,Head of Automation,Marcus Aldridge,1,1,False,0
name:perrine havercamp,name_only,perrine havercamp,Perrine Havercamp,,Pale Harbour Studio,Engineering Manager,Marcus Aldridge,1,1,False,1
linkedin.com/in/perrine-hojgaard-4118,profile_url,perrine hojgaard,Perrine Højgaard,linkedin.com/in/perrine-hojgaard-4118,Yardley Print,Platform Lead,Tomás Beckett,1,1,False,0
linkedin.com/in/perrine-hojgaard-crowther-3996,profile_url,perrine hojgaard crowther,Perrine Højgaard-Crowther,linkedin.com/in/perrine-hojgaard-crowther-3996,Whitlock Staffing,Head of Automation,Elena Duvall,1,1,False,0
linkedin.com/in/perrine-hojgaard-yarrow-5552,profile_url,perrine hojgaard yarrow,Perrine Højgaard-Yarrow,linkedin.com/in/perrine-hojgaard-yarrow-5552,Bellchamber Media,"Senior Manager, Engineering",Owen Trask,1,1,False,0
linkedin.com/in/perrine-ibarra-9960,profile_url,perrine ibarra,Perrine Ibarra,linkedin.com/in/perrine-ibarra-9960,Yardley Print,Head of Automation,Priya Raghunathan,1,1,False,0
linkedin.com/in/perrine-ibarra-hojgaard-5715,profile_url,perrine ibarra hojgaard,Perrine Ibarra-Højgaard,linkedin.com/in/perrine-ibarra-hojgaard-5715,Xanthe Labs,Platform Lead,Elena Duvall,1,1,False,0
linkedin.com/in/perrine-ingleby-7551,profile_url,perrine ingleby,Perrine Ingleby,linkedin.com/in/perrine-ingleby-7551,Garrowby Books,Director of IT,Marcus Aldridge,1,1,False,0
linkedin.com/in/perrine-ingleby-gluckstein-1937,profile_url,perrine ingleby gluckstein,Perrine Ingleby-Glückstein,linkedin.com/in/perrine-ingleby-gluckstein-1937,Quintrell Advisory,Director of IT,Elena Duvall,1,1,False,0
linkedin.com/in/perrine-isenberg-3417,profile_url,perrine isenberg,Perrine Isenberg,linkedin.com/in/perrine-isenberg-3417,Ambrose Trading,Product Director,Dana Whitfield,1,1,False,0
linkedin.com/in/perrine-jarrold-3678,profile_url,perrine jarrold,Perrine Jarrold,linkedin.com/in/perrine-jarrold-3678,Dunmowe Travel,Chief Operating Officer,Dana Whitfield,1,1,False,0
linkedin.com/in/perrine-kettleborough-5991,profile_url,perrine kettleborough,Perrine Kettleborough,linkedin.com/in/perrine-kettleborough-5991,Ambrose Trading,Engineering Manager,Priya Raghunathan,1,1,False,0
linkedin.com/in/perrine-kirkbride-6014,profile_url,perrine kirkbride,Perrine Kirkbride,linkedin.com/in/perrine-kirkbride-6014,Bellchamber Media,Chief Information Officer,Dana Whitfield,1,1,False,0
linkedin.com/in/perrine-lindqvist-5886,profile_url,perrine lindqvist,Perrine Lindqvist,linkedin.com/in/perrine-lindqvist-5886,Dunmowe Travel,Staff Engineer,Priya Raghunathan,1,1,False,0
linkedin.com/in/perrine-lomsadze-1733,profile_url,perrine lomsadze,Perrine Lomsadze,linkedin.com/in/perrine-lomsadze-1733,Garrowby Books,Engineering Manager,Priya Raghunathan,1,1,False,0
linkedin.com/in/perrine-marchetti-2828,profile_url,perrine marchetti,Perrine Marchetti,linkedin.com/in/perrine-marchetti-2828,Inglenook Bakery,Program Manager,Priya Raghunathan,1,1,False,0
linkedin.com/in/perrine-merriweather-4151,profile_url,perrine merriweather,Perrine Merriweather,linkedin.com/in/perrine-merriweather-4151,Inglenook Bakery,Product Director,Marcus Aldridge,1,1,False,0
linkedin.com/in/perrine-mkhize-8255,profile_url,perrine mkhize,Perrine Mkhize,linkedin.com/in/perrine-mkhize-8255,Bellchamber Media,Engineering Manager,Marcus Aldridge,1,1,False,0
linkedin.com/in/perrine-mkhize-underhill-7933,profile_url,perrine mkhize underhill,Perrine Mkhize-Underhill,linkedin.com/in/perrine-mkhize-underhill-7933,Yardley Print,Head of Automation,Owen Trask,1,1,False,0
linkedin.com/in/perrine-nakashima-2321,profile_url,perrine nakashima,Perrine Nakashima,linkedin.com/in/perrine-nakashima-2321,Vespermill Analytics,Platform Lead,Dana Whitfield,1,1,False,0
linkedin.com/in/perrine-nakashima-kirkbride-1270,profile_url,perrine nakashima kirkbride,Perrine Nakashima-Kirkbride,linkedin.com/in/perrine-nakashima-kirkbride-1270,Underwood & Vale,Principal Architect,Owen Trask,1,1,False,0
linkedin.com/in/perrine-norrington-1978,profile_url,perrine norrington,Perrine Norrington,linkedin.com/in/perrine-norrington-1978,Pale Harbour Studio,VP Engineering,Dana Whitfield,1,1,False,0
linkedin.com/in/perrine-okonkwo-1832,profile_url,perrine okonkwo,Perrine Okonkwo,linkedin.com/in/perrine-okonkwo-1832,Tannerly Design,Head of Developer Productivity,Marcus Aldridge,1,1,False,0
linkedin.com/in/perrine-oldfield-6943,profile_url,perrine oldfield,Perrine Oldfield,linkedin.com/in/perrine-oldfield-6943,Inglenook Bakery,Program Manager,Priya Raghunathan,1,1,False,0
linkedin.com/in/perrine-oyelaran-5464,profile_url,perrine oyelaran,Perrine Oyelaran,linkedin.com/in/perrine-oyelaran-5464,Ondermark Consulting,Platform Lead,Tomás Beckett,1,1,False,0
linkedin.com/in/perrine-petrossian-6146,profile_url,perrine petrossian,Perrine Petrossian,linkedin.com/in/perrine-petrossian-6146,Vespermill Analytics,Program Manager,Marcus Aldridge,1,1,False,0
linkedin.com/in/perrine-prendergast-1065,profile_url,perrine prendergast,Perrine Prendergast,linkedin.com/in/perrine-prendergast-1065,Ondermark Consulting,Director of IT,Marcus Aldridge,1,1,False,0
linkedin.com/in/perrine-quillane-6218,profile_url,perrine quillane,Perrine Quillane,linkedin.com/in/perrine-quillane-6218,Quintrell Advisory,Program Manager,Tomás Beckett,1,1,False,0
linkedin.com/in/perrine-quillane-gluckstein-2607,profile_url,perrine quillane gluckstein,Perrine Quillane-Glückstein,linkedin.com/in/perrine-quillane-gluckstein-2607,Garrowby Books,Platform Lead,Tomás Beckett,1,1,False,0
linkedin.com/in/perrine-rushworth-4324,profile_url,perrine rushworth,Perrine Rushworth,linkedin.com/in/perrine-rushworth-4324,Dunmowe Travel,Staff Engineer,Dana Whitfield,1,1,False,0
linkedin.com/in/perrine-salcedo-6684,profile_url,perrine salcedo,Perrine Salcedo,linkedin.com/in/perrine-salcedo-6684,Dunmowe Travel,Chief Technology Officer,Dana Whitfield,1,1,False,0
linkedin.com/in/perrine-sandoval-2972,profile_url,perrine sandoval,Perrine Sandoval,linkedin.com/in/perrine-sandoval-2972,Bellchamber Media,Principal Architect,Priya Raghunathan,1,1,False,0
linkedin.com/in/perrine-thackeray-7149,profile_url,perrine thackeray,Perrine Thackeray,linkedin.com/in/perrine-thackeray-7149,Xanthe Labs,Staff Engineer,Marcus Aldridge,1,1,False,0
linkedin.com/in/perrine-underhill-7979,profile_url,perrine underhill,Perrine Underhill,linkedin.com/in/perrine-underhill-7979,Underwood & Vale,Program Manager,Dana Whitfield,1,1,False,0
linkedin.com/in/perrine-underhill-lomsadze-7695,profile_url,perrine underhill lomsadze,Perrine Underhill-Lomsadze,linkedin.com/in/perrine-underhill-lomsadze-7695,Rooksby Legal,VP Data & Analytics,Elena Duvall,1,1,False,0
linkedin.com/in/perrine-vandermolen-7374,profile_url,perrine vandermolen,Perrine Vandermolen,linkedin.com/in/perrine-vandermolen-7374,Dunmowe Travel,Platform Lead,Marcus Aldridge,1,1,False,0
linkedin.com/in/perrine-vasquez-8391,profile_url,perrine vasquez,Perrine Vasquez,linkedin.com/in/perrine-vasquez-8391,Zenner Foods,Head of Platform Engineering,Marcus Aldridge,1,1,False,0
linkedin.com/in/perrine-vasquez-gluckstein-5594,profile_url,perrine vasquez gluckstein,Perrine Vasquez-Glückstein,linkedin.com/in/perrine-vasquez-gluckstein-5594,Tannerly Design,VP Data & Analytics,Owen Trask,1,1,False,0
linkedin.com/in/perrine-wexford-3939,profile_url,perrine wexford,Perrine Wexford,linkedin.com/in/perrine-wexford-3939,Elmsworth Tutors,VP Engineering,Dana Whitfield,1,1,False,0
linkedin.com/in/perrine-wolstenholme-3060,profile_url,perrine wolstenholme,Perrine Wolstenholme,linkedin.com/in/perrine-wolstenholme-3060,Fairbourne Fitness,Program Manager,Dana Whitfield,1,1,False,0
linkedin.com/in/perrine-yarrow-8420,profile_url,perrine yarrow,Perrine Yarrow,linkedin.com/in/perrine-yarrow-8420,Ondermark Consulting,Product Director,Tomás Beckett,1,1,False,0
linkedin.com/in/perrine-zettergren-3163,profile_url,perrine zettergren,Perrine Zettergren,linkedin.com/in/perrine-zettergren-3163,Pale Harbour Studio,Program Manager,Dana Whitfield,1,1,False,0
linkedin.com/in/perrine-zettergren-yarrow-8473,profile_url,perrine zettergren yarrow,Perrine Zettergren-Yarrow,linkedin.com/in/perrine-zettergren-yarrow-8473,Tannerly Design,Product Director,Elena Duvall,1,1,False,0
name:perrine zubkov,name_only,perrine zubkov,Perrine Zubkov,,Corbridge Realty,Program Manager,Dana Whitfield,1,1,False,1
linkedin.com/in/priya-achterberg-4328,profile_url,priya achterberg,Priya Achterberg,linkedin.com/in/priya-achterberg-4328,Xanthe Labs,VP Data & Analytics,Dana Whitfield,1,1,False,0
linkedin.com/in/priya-ashdown-9580,profile_url,priya ashdown,Priya Ashdown,linkedin.com/in/priya-ashdown-9580,Fairbourne Fitness,Engineering Manager,Dana Whitfield,1,1,False,0
linkedin.com/in/priya-ashdown-marchetti-1992,profile_url,priya ashdown marchetti,Priya Ashdown-Marchetti,linkedin.com/in/priya-ashdown-marchetti-1992,Rooksby Legal,Head of Innovation,Owen Trask,1,1,False,0
linkedin.com/in/priya-balogun-9053,profile_url,priya balogun,Priya Balogun,linkedin.com/in/priya-balogun-9053,Ondermark Consulting,Engineering Manager,Marcus Aldridge,1,1,False,0
linkedin.com/in/priya-bellinger-6621,profile_url,priya bellinger,Priya Bellinger,linkedin.com/in/priya-bellinger-6621,Dunmowe Travel,Head of Platform Engineering,Dana Whitfield,1,1,False,0
linkedin.com/in/priya-bellinger-thackeray-6885,profile_url,priya bellinger thackeray,Priya Bellinger-Thackeray,linkedin.com/in/priya-bellinger-thackeray-6885,Fairbourne Fitness,VP Engineering,Elena Duvall,1,1,False,0
linkedin.com/in/priya-bellinger-wolstenholme-3902,profile_url,priya bellinger wolstenholme,Priya Bellinger-Wolstenholme,linkedin.com/in/priya-bellinger-wolstenholme-3902,Inglenook Bakery,Staff Engineer,Elena Duvall,1,1,False,0
linkedin.com/in/priya-brenneman-8233,profile_url,priya brenneman,Priya Brenneman,linkedin.com/in/priya-brenneman-8233,Xanthe Labs,Staff Engineer,Marcus Aldridge,1,1,False,0
linkedin.com/in/priya-cardoso-8095,profile_url,priya cardoso,Priya Cardoso,linkedin.com/in/priya-cardoso-8095,Dunmowe Travel,Chief Technology Officer,Priya Raghunathan,1,1,False,0
linkedin.com/in/priya-cathcart-6387,profile_url,priya cathcart,Priya Cathcart,linkedin.com/in/priya-cathcart-6387,Vespermill Analytics,"Senior Manager, Engineering",Dana Whitfield,1,1,False,0
linkedin.com/in/priya-crowther-9878,profile_url,priya crowther,Priya Crowther,linkedin.com/in/priya-crowther-9878,Yardley Print,Staff Engineer,Dana Whitfield,1,1,False,0
linkedin.com/in/priya-dellinger-2330,profile_url,priya dellinger,Priya Dellinger,linkedin.com/in/priya-dellinger-2330,Underwood & Vale,Platform Lead,Priya Raghunathan,1,1,False,0
linkedin.com/in/priya-dobrescu-5005,profile_url,priya dobrescu,Priya Dobrescu,linkedin.com/in/priya-dobrescu-5005,Xanthe Labs,Product Director,Marcus Aldridge,1,1,False,0
linkedin.com/in/priya-dobrescu-drummond-2756,profile_url,priya dobrescu drummond,Priya Dobrescu-Drummond,linkedin.com/in/priya-dobrescu-drummond-2756,Dunmowe Travel,VP Data & Analytics,Tomás Beckett,1,1,False,0
linkedin.com/in/priya-drummond-1614,profile_url,priya drummond,Priya Drummond,linkedin.com/in/priya-drummond-1614,Ambrose Trading,Director of IT,Tomás Beckett,1,1,False,0
linkedin.com/in/priya-drummond-fontaine-4473,profile_url,priya drummond fontaine,Priya Drummond-Fontaine,linkedin.com/in/priya-drummond-fontaine-4473,Inglenook Bakery,Chief Technology Officer,Owen Trask,1,1,False,0
linkedin.com/in/priya-drummond-grimsby-7381,profile_url,priya drummond grimsby,Priya Drummond-Grimsby,linkedin.com/in/priya-drummond-grimsby-7381,Pale Harbour Studio,Program Manager,Tomás Beckett,1,1,False,0
linkedin.com/in/priya-eastcott-2623,profile_url,priya eastcott,Priya Eastcott,linkedin.com/in/priya-eastcott-2623,Quintrell Advisory,Engineering Manager,Marcus Aldridge,1,1,False,0
linkedin.com/in/priya-egerton-8721,profile_url,priya egerton,Priya Egerton,linkedin.com/in/priya-egerton-8721,Quintrell Advisory,SVP Digital,Priya Raghunathan,1,1,False,0
linkedin.com/in/priya-egerton-jarrold-9255,profile_url,priya egerton jarrold,Priya Egerton-Jarrold,linkedin.com/in/priya-egerton-jarrold-9255,Yardley Print,VP Data & Analytics,Tomás Beckett,1,1,False,0
linkedin.com/in/priya-fairweather-1682,profile_url,priya fairweather,Priya Fairweather,linkedin.com/in/priya-fairweather-1682,Gravenhurst Motors,Head of Platform Engineering,Elena Duvall; Priya Raghunathan,2,1,False,0
name:priya falkenrath,name_only,priya falkenrath,Priya Falkenrath,,Fairbourne Fitness,Platform Lead,Priya Raghunathan,1,1,False,1
linkedin.com/in/priya-ferreira-2347,profile_url,priya ferreira,Priya Ferreira,linkedin.com/in/priya-ferreira-2347,Corbridge Realty,Head of Platform Engineering,Dana Whitfield,1,1,False,0
linkedin.com/in/priya-fontaine-9510,profile_url,priya fontaine,Priya Fontaine,linkedin.com/in/priya-fontaine-9510,Ondermark Consulting,Chief Operating Officer,Priya Raghunathan,1,1,False,0
linkedin.com/in/priya-gluckstein-2611,profile_url,priya gluckstein,Priya Glückstein,linkedin.com/in/priya-gluckstein-2611,Dunmowe Travel,Product Director,Tomás Beckett,1,1,False,0
name:priya grimsby,name_only,priya grimsby,Priya Grimsby,,Vespermill Analytics,"Senior Manager, Engineering",Dana Whitfield,1,1,False,1
linkedin.com/in/priya-halloran-5402,profile_url,priya halloran,Priya Halloran,linkedin.com/in/priya-halloran-5402,Vespermill Analytics,Principal Architect,Dana Whitfield,1,1,False,0
linkedin.com/in/priya-hartigan-7453,profile_url,priya hartigan,Priya Hartigan,linkedin.com/in/priya-hartigan-7453,Fairbourne Fitness,Product Director,Tomás Beckett,1,1,False,0
name:priya hartigan fontaine,name_only,priya hartigan fontaine,Priya Hartigan-Fontaine,,Dunmowe Travel,Chief Operating Officer,Tomás Beckett,1,1,False,1
linkedin.com/in/priya-havercamp-2282,profile_url,priya havercamp,Priya Havercamp,linkedin.com/in/priya-havercamp-2282,Underwood & Vale,Head of Innovation,Marcus Aldridge,1,1,False,0
linkedin.com/in/priya-hojgaard-3995,profile_url,priya hojgaard,Priya Højgaard,linkedin.com/in/priya-hojgaard-3995,Quintrell Advisory,Engineering Manager,Tomás Beckett,1,1,False,0
linkedin.com/in/priya-hojgaard-cardoso-4708,profile_url,priya hojgaard cardoso,Priya Højgaard-Cardoso,linkedin.com/in/priya-hojgaard-cardoso-4708,Underwood & Vale,"Senior Manager, Engineering",Elena Duvall,1,1,False,0
linkedin.com/in/priya-ibarra-2199,profile_url,priya ibarra,Priya Ibarra,linkedin.com/in/priya-ibarra-2199,Whitlock Staffing,VP Data & Analytics,Dana Whitfield,1,1,False,0
linkedin.com/in/priya-ingleby-4725,profile_url,priya ingleby,Priya Ingleby,linkedin.com/in/priya-ingleby-4725,Bellchamber Media,Director of Software Engineering,Marcus Aldridge,1,1,False,0
linkedin.com/in/priya-isenberg-7668,profile_url,priya isenberg,Priya Isenberg,linkedin.com/in/priya-isenberg-7668,Highmoor Cycles,Principal Architect,Dana Whitfield,1,1,False,0
linkedin.com/in/priya-isenberg-prendergast-2504,profile_url,priya isenberg prendergast,Priya Isenberg-Prendergast,linkedin.com/in/priya-isenberg-prendergast-2504,Garrowby Books,Platform Lead,Tomás Beckett,1,1,False,0
linkedin.com/in/priya-jarrold-9691,profile_url,priya jarrold,Priya Jarrold,linkedin.com/in/priya-jarrold-9691,Highmoor Cycles,Product Director,Dana Whitfield,1,1,False,0
linkedin.com/in/priya-kettleborough-2139,profile_url,priya kettleborough,Priya Kettleborough,linkedin.com/in/priya-kettleborough-2139,Ambrose Trading,Staff Engineer,Dana Whitfield,1,1,False,0
linkedin.com/in/priya-kirkbride-5581,profile_url,priya kirkbride,Priya Kirkbride,linkedin.com/in/priya-kirkbride-5581,Inglenook Bakery,Engineering Manager,Tomás Beckett,1,1,False,0
linkedin.com/in/priya-lindqvist-9232,profile_url,priya lindqvist,Priya Lindqvist,linkedin.com/in/priya-lindqvist-9232,Rooksby Legal,Head of Automation,Marcus Aldridge,1,1,False,0
linkedin.com/in/priya-lomsadze-7561,profile_url,priya lomsadze,Priya Lomsadze,linkedin.com/in/priya-lomsadze-7561,Underwood & Vale,Head of Innovation,Marcus Aldridge,1,1,False,0
linkedin.com/in/priya-marchetti-8873,profile_url,priya marchetti,Priya Marchetti,linkedin.com/in/priya-marchetti-8873,Ondermark Consulting,Engineering Manager,Dana Whitfield,1,1,False,0
linkedin.com/in/priya-marchetti-achterberg-7064,profile_url,priya marchetti achterberg,Priya Marchetti-Achterberg,linkedin.com/in/priya-marchetti-achterberg-7064,Ambrose Trading,Head of Innovation,Elena Duvall,1,1,False,0
linkedin.com/in/priya-merriweather-8823,profile_url,priya merriweather,Priya Merriweather,linkedin.com/in/priya-merriweather-8823,Rooksby Legal,Principal Architect,Dana Whitfield,1,1,False,0
linkedin.com/in/priya-mkhize-2196,profile_url,priya mkhize,Priya Mkhize,linkedin.com/in/priya-mkhize-2196,Elmsworth Tutors,Staff Engineer,Dana Whitfield,1,1,False,0
linkedin.com/in/priya-nakashima-4076,profile_url,priya nakashima,Priya Nakashima,linkedin.com/in/priya-nakashima-4076,Underwood & Vale,Head of Developer Productivity,Dana Whitfield,1,1,False,0
linkedin.com/in/priya-norrington-2510,profile_url,priya norrington,Priya Norrington,linkedin.com/in/priya-norrington-2510,Underwood & Vale,Chief Operating Officer,Tomás Beckett,1,1,False,0
name:priya okonkwo,name_only,priya okonkwo,Priya Okonkwo,,Dunmowe Travel,Platform Lead,Priya Raghunathan,1,1,False,1
linkedin.com/in/priya-oldfield-4187,profile_url,priya oldfield,Priya Oldfield,linkedin.com/in/priya-oldfield-4187,Quintrell Advisory,Platform Lead,Tomás Beckett,1,1,False,0
linkedin.com/in/priya-oyelaran-6038,profile_url,priya oyelaran,Priya Oyelaran,linkedin.com/in/priya-oyelaran-6038,Zenner Foods,Engineering Manager,Marcus Aldridge,1,1,False,0
linkedin.com/in/priya-oyelaran-bellinger-4371,profile_url,priya oyelaran bellinger,Priya Oyelaran-Bellinger,linkedin.com/in/priya-oyelaran-bellinger-4371,Xanthe Labs,Product Director,Tomás Beckett,1,1,False,0
linkedin.com/in/priya-petrossian-6228,profile_url,priya petrossian,Priya Petrossian,linkedin.com/in/priya-petrossian-6228,Rooksby Legal,Head of Developer Productivity,Marcus Aldridge,1,1,False,0
linkedin.com/in/priya-petrossian-wexford-9735,profile_url,priya petrossian wexford,Priya Petrossian-Wexford,linkedin.com/in/priya-petrossian-wexford-9735,Quintrell Advisory,Head of Automation,Owen Trask,1,1,False,0
linkedin.com/in/priya-prendergast-7051,profile_url,priya prendergast,Priya Prendergast,linkedin.com/in/priya-prendergast-7051,Inglenook Bakery,Chief Operating Officer,Marcus Aldridge,1,1,False,0
linkedin.com/in/priya-prendergast-vandermolen-7805,profile_url,priya prendergast vandermolen,Priya Prendergast-Vandermolen,linkedin.com/in/priya-prendergast-vandermolen-7805,Inglenook Bakery,Head of Automation,Tomás Beckett,1,1,False,0
linkedin.com/in/priya-quillane-6440,profile_url,priya quillane,Priya Quillane,linkedin.com/in/priya-quillane-6440,Tannerly Design,VP Data & Analytics,Tomás Beckett,1,1,False,0
linkedin.com/in/priya-quillane-sandoval-8934,profile_url,priya quillane sandoval,Priya Quillane-Sandoval,linkedin.com/in/priya-quillane-sandoval-8934,Fairbourne Fitness,Director of IT,Elena Duvall,1,1,False,0
linkedin.com/in/priya-rushworth-1904,profile_url,priya rushworth,Priya Rushworth,linkedin.com/in/priya-rushworth-1904,Dunmowe Travel,Chief Information Officer,Dana Whitfield,1,1,False,0
linkedin.com/in/priya-salcedo-8392,profile_url,priya salcedo,Priya Salcedo,linkedin.com/in/priya-salcedo-8392,Pale Harbour Studio,"Senior Manager, Engineering",Dana Whitfield,1,1,False,0
linkedin.com/in/priya-sandoval-2355,profile_url,priya sandoval,Priya Sandoval,linkedin.com/in/priya-sandoval-2355,Quintrell Advisory,Platform Lead,Tomás Beckett,1,1,False,0
linkedin.com/in/priya-thackeray-3702,profile_url,priya thackeray,Priya Thackeray,linkedin.com/in/priya-thackeray-3702,Bellchamber Media,Head of Innovation,Tomás Beckett,1,1,False,0
linkedin.com/in/priya-underhill-1233,profile_url,priya underhill,Priya Underhill,linkedin.com/in/priya-underhill-1233,Ondermark Consulting,Engineering Manager,Dana Whitfield,1,1,False,0
linkedin.com/in/priya-underhill-halloran-2462,profile_url,priya underhill halloran,Priya Underhill-Halloran,linkedin.com/in/priya-underhill-halloran-2462,Tannerly Design,Staff Engineer,Owen Trask,1,1,False,0
linkedin.com/in/priya-vandermolen-1975,profile_url,priya vandermolen,Priya Vandermolen,linkedin.com/in/priya-vandermolen-1975,Dunmowe Travel,Engineering Manager,Dana Whitfield,1,1,False,0
linkedin.com/in/priya-vandermolen-yarrow-7410,profile_url,priya vandermolen yarrow,Priya Vandermolen-Yarrow,linkedin.com/in/priya-vandermolen-yarrow-7410,Quintrell Advisory,Program Manager,Elena Duvall,1,1,False,0
linkedin.com/in/priya-vasquez-1393,profile_url,priya vasquez,Priya Vasquez,linkedin.com/in/priya-vasquez-1393,Rooksby Legal,Head of Developer Productivity,Marcus Aldridge,1,1,False,0
linkedin.com/in/priya-wexford-4304,profile_url,priya wexford,Priya Wexford,linkedin.com/in/priya-wexford-4304,Bellchamber Media,"Senior Manager, Engineering",Tomás Beckett,1,1,False,0
linkedin.com/in/priya-wolstenholme-9060,profile_url,priya wolstenholme,Priya Wolstenholme,linkedin.com/in/priya-wolstenholme-9060,Bellchamber Media,Engineering Manager,Tomás Beckett,1,1,False,0
linkedin.com/in/priya-yarrow-3660,profile_url,priya yarrow,Priya Yarrow,linkedin.com/in/priya-yarrow-3660,Ondermark Consulting,Head of Innovation,Dana Whitfield,1,1,False,0
linkedin.com/in/priya-zettergren-6680,profile_url,priya zettergren,Priya Zettergren,linkedin.com/in/priya-zettergren-6680,Bellchamber Media,Chief Data Officer,Marcus Aldridge,1,1,False,0
linkedin.com/in/priya-zubkov-5410,profile_url,priya zubkov,Priya Zubkov,linkedin.com/in/priya-zubkov-5410,Whitlock Staffing,Platform Lead,Priya Raghunathan,1,1,False,0
linkedin.com/in/priya-zubkov-fairweather-8355,profile_url,priya zubkov fairweather,Priya Zubkov-Fairweather,linkedin.com/in/priya-zubkov-fairweather-8355,Tannerly Design,Engineering Manager,Elena Duvall,1,1,False,0
linkedin.com/in/rafael-achterberg-3398,profile_url,rafael achterberg,Rafael Achterberg,linkedin.com/in/rafael-achterberg-3398,Quintrell Advisory,Director of IT,Dana Whitfield,1,1,False,0
linkedin.com/in/rafael-ashdown-9642,profile_url,rafael ashdown,Rafael Ashdown,linkedin.com/in/rafael-ashdown-9642,Pale Harbour Studio,"Senior Manager, Engineering",Marcus Aldridge,1,1,False,0
linkedin.com/in/rafael-balogun-7273,profile_url,rafael balogun,Rafael Balogun,linkedin.com/in/rafael-balogun-7273,Yardley Print,Head of Automation,Marcus Aldridge,1,1,False,0
linkedin.com/in/rafael-bellinger-6632,profile_url,rafael bellinger,Rafael Bellinger,linkedin.com/in/rafael-bellinger-6632,Garrowby Books,Staff Engineer,Tomás Beckett,1,1,False,0
linkedin.com/in/rafael-brenneman-4238,profile_url,rafael brenneman,Rafael Brenneman,linkedin.com/in/rafael-brenneman-4238,Zenner Foods,Director of Software Engineering,Marcus Aldridge,1,1,False,0
linkedin.com/in/rafael-cardoso-8321,profile_url,rafael cardoso,Rafael Cardoso,linkedin.com/in/rafael-cardoso-8321,Bellchamber Media,Director of IT,Tomás Beckett,1,1,False,0
linkedin.com/in/rafael-cathcart-4217,profile_url,rafael cathcart,Rafael Cathcart,linkedin.com/in/rafael-cathcart-4217,Highmoor Cycles,Principal Architect,Tomás Beckett,1,1,False,0
linkedin.com/in/rafael-cathcart-oldfield-3885,profile_url,rafael cathcart oldfield,Rafael Cathcart-Oldfield,linkedin.com/in/rafael-cathcart-oldfield-3885,Fairbourne Fitness,Staff Engineer,Tomás Beckett,1,1,False,0
linkedin.com/in/rafael-crowther-1612,profile_url,rafael crowther,Rafael Crowther,linkedin.com/in/rafael-crowther-1612,Underwood & Vale,VP Data & Analytics,Priya Raghunathan,1,1,False,0
linkedin.com/in/rafael-crowther-wolstenholme-3866,profile_url,rafael crowther wolstenholme,Rafael Crowther-Wolstenholme,linkedin.com/in/rafael-crowther-wolstenholme-3866,Vespermill Analytics,Product Director,Tomás Beckett,1,1,False,0
linkedin.com/in/rafael-dellinger-9304,profile_url,rafael dellinger,Rafael Dellinger,linkedin.com/in/rafael-dellinger-9304,Elmsworth Tutors,Principal Architect,Tomás Beckett,1,1,False,0
linkedin.com/in/rafael-dobrescu-5216,profile_url,rafael dobrescu,Rafael Dobrescu,linkedin.com/in/rafael-dobrescu-5216,Elmsworth Tutors,Staff Engineer,Tomás Beckett,1,1,False,0
linkedin.com/in/rafael-drummond-5385,profile_url,rafael drummond,Rafael Drummond,linkedin.com/in/rafael-drummond-5385,Pale Harbour Studio,Head of Innovation,Priya Raghunathan,1,1,False,0
linkedin.com/in/rafael-drummond-lomsadze-5022,profile_url,rafael drummond lomsadze,Rafael Drummond-Lomsadze,linkedin.com/in/rafael-drummond-lomsadze-5022,Yardley Print,Head of Platform Engineering,Owen Trask,1,1,False,0
linkedin.com/in/rafael-eastcott-3260,profile_url,rafael eastcott,Rafael Eastcott,linkedin.com/in/rafael-eastcott-3260,Fairbourne Fitness,Head of Developer Productivity,Dana Whitfield,1,1,False,0
linkedin.com/in/rafael-egerton-9311,profile_url,rafael egerton,Rafael Egerton,linkedin.com/in/rafael-egerton-9311,Rooksby Legal,Head of Platform Engineering,Marcus Aldridge,1,1,False,0
linkedin.com/in/rafael-fairweather-8944,profile_url,rafael fairweather,Rafael Fairweather,linkedin.com/in/rafael-fairweather-8944,Garrowby Books,Head of Innovation,Tomás Beckett,1,1,False,0
linkedin.com/in/rafael-falkenrath-7252,profile_url,rafael falkenrath,Rafael Falkenrath,linkedin.com/in/rafael-falkenrath-7252,Highmoor Cycles,Director of IT,Marcus Aldridge,1,1,False,0
linkedin.com/in/rafael-falkenrath-hartigan-9418,profile_url,rafael falkenrath hartigan,Rafael Falkenrath-Hartigan,linkedin.com/in/rafael-falkenrath-hartigan-9418,Ondermark Consulting,Chief Operating Officer,Owen Trask,1,1,False,0
linkedin.com/in/rafael-ferreira-3818,profile_url,rafael ferreira,Rafael Ferreira,linkedin.com/in/rafael-ferreira-3818,Rooksby Legal,Program Manager,Dana Whitfield,1,1,False,0
linkedin.com/in/rafael-ferreira-wexford-6584,profile_url,rafael ferreira wexford,Rafael Ferreira-Wexford,linkedin.com/in/rafael-ferreira-wexford-6584,Vespermill Analytics,Product Director,Owen Trask,1,1,False,0
linkedin.com/in/rafael-fontaine-2413,profile_url,rafael fontaine,Rafael Fontaine,linkedin.com/in/rafael-fontaine-2413,Ambrose Trading,VP Data & Analytics,Dana Whitfield,1,1,False,0
linkedin.com/in/rafael-gluckstein-2624,profile_url,rafael gluckstein,Rafael Glückstein,linkedin.com/in/rafael-gluckstein-2624,Inglenook Bakery,Head of Innovation,Marcus Aldridge,1,1,False,0
linkedin.com/in/rafael-grimsby-8989,profile_url,rafael grimsby,Rafael Grimsby,linkedin.com/in/rafael-grimsby-8989,Highmoor Cycles,SVP Digital,Tomás Beckett,1,1,False,0
linkedin.com/in/rafael-halloran-3195,profile_url,rafael halloran,Rafael Halloran,linkedin.com/in/rafael-halloran-3195,Tannerly Design,Director of IT,Dana Whitfield,1,1,False,0
linkedin.com/in/rafael-hartigan-3115,profile_url,rafael hartigan,Rafael Hartigan,linkedin.com/in/rafael-hartigan-3115,Rooksby Legal,Head of Automation,Marcus Aldridge,1,1,False,0
linkedin.com/in/rafael-havercamp-6776,profile_url,rafael havercamp,Rafael Havercamp,linkedin.com/in/rafael-havercamp-6776,Ondermark Consulting,Head of Automation,Dana Whitfield,1,1,False,0
linkedin.com/in/rafael-havercamp-thackeray-1016,profile_url,rafael havercamp thackeray,Rafael Havercamp-Thackeray,linkedin.com/in/rafael-havercamp-thackeray-1016,Zenner Foods,Chief Technology Officer,Tomás Beckett,1,1,False,0
linkedin.com/in/rafael-hojgaard-6624,profile_url,rafael hojgaard,Rafael Højgaard,linkedin.com/in/rafael-hojgaard-6624,Dunmowe Travel,Head of Innovation,Dana Whitfield,1,1,False,0
linkedin.com/in/rafael-hojgaard-jarrold-1700,profile_url,rafael hojgaard jarrold,Rafael Højgaard-Jarrold,linkedin.com/in/rafael-hojgaard-jarrold-1700,Yardley Print,Platform Lead,Owen Trask,1,1,False,0
linkedin.com/in/rafael-ibarra-8017,profile_url,rafael ibarra,Rafael Ibarra,linkedin.com/in/rafael-ibarra-8017,Inglenook Bakery,Head of Automation,Dana Whitfield,1,1,False,0
linkedin.com/in/rafael-ingleby-2032,profile_url,rafael ingleby,Rafael Ingleby,linkedin.com/in/rafael-ingleby-2032,Vespermill Analytics,Head of Innovation,Tomás Beckett,1,1,False,0
linkedin.com/in/rafael-isenberg-6278,profile_url,rafael isenberg,Rafael Isenberg,linkedin.com/in/rafael-isenberg-6278,Ondermark Consulting,Program Manager,Marcus Aldridge,1,1,False,0
linkedin.com/in/rafael-jarrold-4861,profile_url,rafael jarrold,Rafael Jarrold,linkedin.com/in/rafael-jarrold-4861,Ambrose Trading,VP Data & Analytics,Tomás Beckett,1,1,False,0
linkedin.com/in/rafael-jarrold-ibarra-7587,profile_url,rafael jarrold ibarra,Rafael Jarrold-Ibarra,linkedin.com/in/rafael-jarrold-ibarra-7587,Garrowby Books,Principal Architect,Tomás Beckett,1,1,False,0
linkedin.com/in/rafael-kettleborough-3878,profile_url,rafael kettleborough,Rafael Kettleborough,linkedin.com/in/rafael-kettleborough-3878,Xanthe Labs,Staff Engineer,Marcus Aldridge,1,1,False,0
name:rafael kirkbride,name_only,rafael kirkbride,Rafael Kirkbride,,Vespermill Analytics,Chief Technology Officer,Tomás Beckett,1,1,False,1
linkedin.com/in/rafael-lindqvist-1415,profile_url,rafael lindqvist,Rafael Lindqvist,linkedin.com/in/rafael-lindqvist-1415,Fairbourne Fitness,Principal Architect,Tomás Beckett,1,1,False,0
linkedin.com/in/rafael-lindqvist-hojgaard-9907,profile_url,rafael lindqvist hojgaard,Rafael Lindqvist-Højgaard,linkedin.com/in/rafael-lindqvist-hojgaard-9907,Fairbourne Fitness,Director of Software Engineering,Elena Duvall,1,1,False,0
linkedin.com/in/rafael-lomsadze-9946,profile_url,rafael lomsadze,Rafael Lomsadze,linkedin.com/in/rafael-lomsadze-9946,Zenner Foods,Head of Innovation,Tomás Beckett,1,1,False,0
linkedin.com/in/rafael-marchetti-3992,profile_url,rafael marchetti,Rafael Marchetti,linkedin.com/in/rafael-marchetti-3992,Whitlock Staffing,Staff Engineer,Marcus Aldridge,1,1,False,0
linkedin.com/in/rafael-merriweather-8893,profile_url,rafael merriweather,Rafael Merriweather,linkedin.com/in/rafael-merriweather-8893,Ondermark Consulting,Product Director,Marcus Aldridge,1,1,False,0
linkedin.com/in/rafael-merriweather-eastcott-7278,profile_url,rafael merriweather eastcott,Rafael Merriweather-Eastcott,linkedin.com/in/rafael-merriweather-eastcott-7278,Rooksby Legal,Program Manager,Tomás Beckett,1,1,False,0
linkedin.com/in/rafael-merriweather-mkhize-1045,profile_url,rafael merriweather mkhize,Rafael Merriweather-Mkhize,linkedin.com/in/rafael-merriweather-mkhize-1045,Underwood & Vale,Head of Innovation,Elena Duvall,1,1,False,0
linkedin.com/in/rafael-mkhize-8859,profile_url,rafael mkhize,Rafael Mkhize,linkedin.com/in/rafael-mkhize-8859,Highmoor Cycles,Staff Engineer,Marcus Aldridge,1,1,False,0
linkedin.com/in/rafael-nakashima-8475,profile_url,rafael nakashima,Rafael Nakashima,linkedin.com/in/rafael-nakashima-8475,Quintrell Advisory,Engineering Manager,Dana Whitfield,1,1,False,0
linkedin.com/in/rafael-nakashima-cathcart-2119,profile_url,rafael nakashima cathcart,Rafael Nakashima-Cathcart,linkedin.com/in/rafael-nakashima-cathcart-2119,Fairbourne Fitness,Product Director,Tomás Beckett,1,1,False,0
linkedin.com/in/rafael-norrington-4747,profile_url,rafael norrington,Rafael Norrington,linkedin.com/in/rafael-norrington-4747,Inglenook Bakery,Product Director,Marcus Aldridge,1,1,False,0
linkedin.com/in/rafael-norrington-hartigan-3721,profile_url,rafael norrington hartigan,Rafael Norrington-Hartigan,linkedin.com/in/rafael-norrington-hartigan-3721,Elmsworth Tutors,VP Enterprise Architecture,Owen Trask,1,1,False,0
linkedin.com/in/rafael-okonkwo-9654,profile_url,rafael okonkwo,Rafael Okonkwo,linkedin.com/in/rafael-okonkwo-9654,Ondermark Consulting,Platform Lead,Marcus Aldridge,1,1,False,0
linkedin.com/in/rafael-oldfield-3052,profile_url,rafael oldfield,Rafael Oldfield,linkedin.com/in/rafael-oldfield-3052,Inglenook Bakery,Product Director,Marcus Aldridge,1,1,False,0
linkedin.com/in/rafael-oyelaran-9666,profile_url,rafael oyelaran,Rafael Oyelaran,linkedin.com/in/rafael-oyelaran-9666,Ambrose Trading,Platform Lead,Marcus Aldridge,1,1,False,0
linkedin.com/in/rafael-petrossian-9830,profile_url,rafael petrossian,Rafael Petrossian,linkedin.com/in/rafael-petrossian-9830,Inglenook Bakery,Head of Platform Engineering,Marcus Aldridge,1,1,False,0
linkedin.com/in/rafael-prendergast-6681,profile_url,rafael prendergast,Rafael Prendergast,linkedin.com/in/rafael-prendergast-6681,Quintrell Advisory,Chief Technology Officer,Tomás Beckett,1,1,False,0
linkedin.com/in/rafael-quillane-9116,profile_url,rafael quillane,Rafael Quillane,linkedin.com/in/rafael-quillane-9116,Elmsworth Tutors,Head of Platform Engineering,Dana Whitfield,1,1,False,0
linkedin.com/in/rafael-rushworth-3495,profile_url,rafael rushworth,Rafael Rushworth,linkedin.com/in/rafael-rushworth-3495,Vespermill Analytics,Chief Information Officer,Marcus Aldridge,1,1,False,0
linkedin.com/in/rafael-sandoval-4022,profile_url,rafael sandoval,Rafael Sandoval,linkedin.com/in/rafael-sandoval-4022,Underwood & Vale,Director of IT,Priya Raghunathan,1,1,False,0
linkedin.com/in/rafael-sandoval-lomsadze-5816,profile_url,rafael sandoval lomsadze,Rafael Sandoval-Lomsadze,linkedin.com/in/rafael-sandoval-lomsadze-5816,Whitlock Staffing,Director of IT,Tomás Beckett,1,1,False,0
linkedin.com/in/rafael-thackeray-7077,profile_url,rafael thackeray,Rafael Thackeray,linkedin.com/in/rafael-thackeray-7077,Yardley Print,Principal Architect,Marcus Aldridge,1,1,False,0
linkedin.com/in/rafael-underhill-1405,profile_url,rafael underhill,Rafael Underhill,linkedin.com/in/rafael-underhill-1405,Fairbourne Fitness,Program Manager,Dana Whitfield,1,1,False,0
linkedin.com/in/rafael-vandermolen-5570,profile_url,rafael vandermolen,Rafael Vandermolen,linkedin.com/in/rafael-vandermolen-5570,Tannerly Design,Principal Architect,Marcus Aldridge,1,1,False,0
linkedin.com/in/rafael-vasquez-2747,profile_url,rafael vasquez,Rafael Vasquez,linkedin.com/in/rafael-vasquez-2747,Xanthe Labs,Product Director,Dana Whitfield,1,1,False,0
linkedin.com/in/rafael-vasquez-kettleborough-8366,profile_url,rafael vasquez kettleborough,Rafael Vasquez-Kettleborough,linkedin.com/in/rafael-vasquez-kettleborough-8366,Ondermark Consulting,Head of Automation,Elena Duvall,1,1,False,0
name:rafael wexford,name_only,rafael wexford,Rafael Wexford,,Pale Harbour Studio,Program Manager,Marcus Aldridge,1,1,False,1
linkedin.com/in/rafael-wolstenholme-3543,profile_url,rafael wolstenholme,Rafael Wolstenholme,linkedin.com/in/rafael-wolstenholme-3543,Garrowby Books,Head of Innovation,Marcus Aldridge,1,1,False,0
linkedin.com/in/rafael-yarrow-6495,profile_url,rafael yarrow,Rafael Yarrow,linkedin.com/in/rafael-yarrow-6495,Ondermark Consulting,Product Director,Dana Whitfield,1,1,False,0
linkedin.com/in/rafael-zettergren-3546,profile_url,rafael zettergren,Rafael Zettergren,linkedin.com/in/rafael-zettergren-3546,Highmoor Cycles,Head of Developer Productivity,Priya Raghunathan,1,1,False,0
linkedin.com/in/rafael-zettergren-quillane-1554,profile_url,rafael zettergren quillane,Rafael Zettergren-Quillane,linkedin.com/in/rafael-zettergren-quillane-1554,Garrowby Books,Director of IT,Elena Duvall,1,1,False,0
linkedin.com/in/rafael-zubkov-8564,profile_url,rafael zubkov,Rafael Zubkov,linkedin.com/in/rafael-zubkov-8564,Quintrell Advisory,Chief Digital Officer,Priya Raghunathan,1,1,False,0
linkedin.com/in/ravi-achterberg-4195,profile_url,ravi achterberg,Ravi Achterberg,linkedin.com/in/ravi-achterberg-4195,Whitlock Staffing,Head of Innovation,Tomás Beckett,1,1,False,0
linkedin.com/in/ravi-ashdown-6137,profile_url,ravi ashdown,Ravi Ashdown,linkedin.com/in/ravi-ashdown-6137,Rooksby Legal,Platform Lead,Marcus Aldridge,1,1,False,0
linkedin.com/in/ravi-balogun-8007,profile_url,ravi balogun,Ravi Balogun,linkedin.com/in/ravi-balogun-8007,Ambrose Trading,Principal Architect,Dana Whitfield,1,1,False,0
linkedin.com/in/ravi-bellinger-8142,profile_url,ravi bellinger,Ravi Bellinger,linkedin.com/in/ravi-bellinger-8142,Tannerly Design,Platform Lead,Tomás Beckett,1,1,False,0
linkedin.com/in/ravi-brenneman-1995,profile_url,ravi brenneman,Ravi Brenneman,linkedin.com/in/ravi-brenneman-1995,Tannerly Design,Head of Automation,Marcus Aldridge,1,1,False,0
linkedin.com/in/ravi-cardoso-2598,profile_url,ravi cardoso,Ravi Cardoso,linkedin.com/in/ravi-cardoso-2598,Pale Harbour Studio,Platform Lead,Marcus Aldridge,1,1,False,0
linkedin.com/in/ravi-cathcart-8906,profile_url,ravi cathcart,Ravi Cathcart,linkedin.com/in/ravi-cathcart-8906,Pale Harbour Studio,Staff Engineer,Dana Whitfield,1,1,False,0
linkedin.com/in/ravi-crowther-1171,profile_url,ravi crowther,Ravi Crowther,linkedin.com/in/ravi-crowther-1171,Fairbourne Fitness,Director of IT,Dana Whitfield,1,1,False,0
linkedin.com/in/ravi-crowther-prendergast-5264,profile_url,ravi crowther prendergast,Ravi Crowther-Prendergast,linkedin.com/in/ravi-crowther-prendergast-5264,Ondermark Consulting,Head of Automation,Elena Duvall,1,1,False,0
linkedin.com/in/ravi-dellinger-6975,profile_url,ravi dellinger,Ravi Dellinger,linkedin.com/in/ravi-dellinger-6975,Corbridge Realty,Staff Engineer,Marcus Aldridge,1,1,False,0
linkedin.com/in/ravi-dobrescu-5708,profile_url,ravi dobrescu,Ravi Dobrescu,linkedin.com/in/ravi-dobrescu-5708,Corbridge Realty,Director of Software Engineering,Priya Raghunathan,1,1,False,0
linkedin.com/in/ravi-dobrescu-cardoso-5777,profile_url,ravi dobrescu cardoso,Ravi Dobrescu-Cardoso,linkedin.com/in/ravi-dobrescu-cardoso-5777,Garrowby Books,Director of IT,Owen Trask,1,1,False,0
linkedin.com/in/ravi-drummond-1712,profile_url,ravi drummond,Ravi Drummond,linkedin.com/in/ravi-drummond-1712,Underwood & Vale,Chief Information Officer,Marcus Aldridge,1,1,False,0
linkedin.com/in/ravi-eastcott-2228,profile_url,ravi eastcott,Ravi Eastcott,linkedin.com/in/ravi-eastcott-2228,Fairbourne Fitness,VP Enterprise Architecture,Marcus Aldridge,1,1,False,0
linkedin.com/in/ravi-eastcott-crowther-4728,profile_url,ravi eastcott crowther,Ravi Eastcott-Crowther,linkedin.com/in/ravi-eastcott-crowther-4728,Zenner Foods,Program Manager,Elena Duvall,1,1,False,0
linkedin.com/in/ravi-egerton-7451,profile_url,ravi egerton,Ravi Egerton,linkedin.com/in/ravi-egerton-7451,Xanthe Labs,Engineering Manager,Dana Whitfield,1,1,False,0
linkedin.com/in/ravi-fairweather-3636,profile_url,ravi fairweather,Ravi Fairweather,linkedin.com/in/ravi-fairweather-3636,Tannerly Design,Director of IT,Dana Whitfield,1,1,False,0
linkedin.com/in/ravi-falkenrath-1860,profile_url,ravi falkenrath,Ravi Falkenrath,linkedin.com/in/ravi-falkenrath-1860,Elmsworth Tutors,Chief Digital Officer,Priya Raghunathan,1,1,False,0
linkedin.com/in/ravi-ferreira-7149,profile_url,ravi ferreira,Ravi Ferreira,linkedin.com/in/ravi-ferreira-7149,Inglenook Bakery,Program Manager,Marcus Aldridge,1,1,False,0
linkedin.com/in/ravi-fontaine-7410,profile_url,ravi fontaine,Ravi Fontaine,linkedin.com/in/ravi-fontaine-7410,Fairbourne Fitness,Director of IT,Dana Whitfield,1,1,False,0
linkedin.com/in/ravi-fontaine-balogun-8188,profile_url,ravi fontaine balogun,Ravi Fontaine-Balogun,linkedin.com/in/ravi-fontaine-balogun-8188,Bellchamber Media,Staff Engineer,Elena Duvall,1,1,False,0
linkedin.com/in/ravi-gluckstein-1563,profile_url,ravi gluckstein,Ravi Glückstein,linkedin.com/in/ravi-gluckstein-1563,Bellchamber Media,VP Engineering,Priya Raghunathan,1,1,False,0
linkedin.com/in/ravi-grimsby-6465,profile_url,ravi grimsby,Ravi Grimsby,linkedin.com/in/ravi-grimsby-6465,Garrowby Books,Product Director,Marcus Aldridge,1,1,False,0
linkedin.com/in/ravi-halloran-9508,profile_url,ravi halloran,Ravi Halloran,linkedin.com/in/ravi-halloran-9508,Pale Harbour Studio,Head of Innovation,Marcus Aldridge,1,1,False,0
linkedin.com/in/ravi-hartigan-9436,profile_url,ravi hartigan,Ravi Hartigan,linkedin.com/in/ravi-hartigan-9436,Whitlock Staffing,Engineering Manager,Dana Whitfield,1,1,False,0
linkedin.com/in/ravi-havercamp-9898,profile_url,ravi havercamp,Ravi Havercamp,linkedin.com/in/ravi-havercamp-9898,Ondermark Consulting,Chief Information Officer,Priya Raghunathan,1,1,False,0
linkedin.com/in/ravi-hojgaard-2878,profile_url,ravi hojgaard,Ravi Højgaard,linkedin.com/in/ravi-hojgaard-2878,Ambrose Trading,Principal Architect,Tomás Beckett,1,1,False,0
linkedin.com/in/ravi-ibarra-2644,profile_url,ravi ibarra,Ravi Ibarra,linkedin.com/in/ravi-ibarra-2644,Corbridge Realty,Head of Innovation,Priya Raghunathan,1,1,False,0
linkedin.com/in/ravi-ingleby-1174,profile_url,ravi ingleby,Ravi Ingleby,linkedin.com/in/ravi-ingleby-1174,Yardley Print,Engineering Manager,Priya Raghunathan,1,1,False,0
linkedin.com/in/ravi-isenberg-4636,profile_url,ravi isenberg,Ravi Isenberg,linkedin.com/in/ravi-isenberg-4636,Fairbourne Fitness,Head of Innovation,Priya Raghunathan,1,1,False,0
linkedin.com/in/ravi-jarrold-9675,profile_url,ravi jarrold,Ravi Jarrold,linkedin.com/in/ravi-jarrold-9675,Ambrose Trading,Engineering Manager,Dana Whitfield,1,1,False,0
linkedin.com/in/ravi-kettleborough-2045,profile_url,ravi kettleborough,Ravi Kettleborough,linkedin.com/in/ravi-kettleborough-2045,Pale Harbour Studio,Chief Operating Officer,Marcus Aldridge,1,1,False,0
linkedin.com/in/ravi-kettleborough-petrossian-2178,profile_url,ravi kettleborough petrossian,Ravi Kettleborough-Petrossian,linkedin.com/in/ravi-kettleborough-petrossian-2178,Inglenook Bakery,Head of Innovation,Owen Trask,1,1,False,0
linkedin.com/in/ravi-kirkbride-5181,profile_url,ravi kirkbride,Ravi Kirkbride,linkedin.com/in/ravi-kirkbride-5181,Corbridge Realty,Engineering Manager,Dana Whitfield,1,1,False,0
linkedin.com/in/ravi-lindqvist-9870,profile_url,ravi lindqvist,Ravi Lindqvist,linkedin.com/in/ravi-lindqvist-9870,Rooksby Legal,Platform Lead,Tomás Beckett,1,1,False,0
linkedin.com/in/ravi-lomsadze-3135,profile_url,ravi lomsadze,Ravi Lomsadze,linkedin.com/in/ravi-lomsadze-3135,Rooksby Legal,Head of Platform Engineering,Marcus Aldridge,1,1,False,0
linkedin.com/in/ravi-marchetti-8281,profile_url,ravi marchetti,Ravi Marchetti,linkedin.com/in/ravi-marchetti-8281,Ondermark Consulting,Head of Platform Engineering,Marcus Aldridge,1,1,False,0
linkedin.com/in/ravi-marchetti-hartigan-7488,profile_url,ravi marchetti hartigan,Ravi Marchetti-Hartigan,linkedin.com/in/ravi-marchetti-hartigan-7488,Rooksby Legal,Platform Lead,Elena Duvall,1,1,False,0
linkedin.com/in/ravi-merriweather-2735,profile_url,ravi merriweather,Ravi Merriweather,linkedin.com/in/ravi-merriweather-2735,Ondermark Consulting,Product Director,Dana Whitfield,1,1,False,0
linkedin.com/in/ravi-mkhize-9158,profile_url,ravi mkhize,Ravi Mkhize,linkedin.com/in/ravi-mkhize-9158,Ondermark Consulting,Head of Innovation,Tomás Beckett,1,1,False,0
linkedin.com/in/ravi-nakashima-4210,profile_url,ravi nakashima,Ravi Nakashima,linkedin.com/in/ravi-nakashima-4210,Quintrell Advisory,Staff Engineer,Dana Whitfield,1,1,False,0
linkedin.com/in/ravi-nakashima-gluckstein-8160,profile_url,ravi nakashima gluckstein,Ravi Nakashima-Glückstein,linkedin.com/in/ravi-nakashima-gluckstein-8160,Elmsworth Tutors,Product Director,Owen Trask,1,1,False,0
linkedin.com/in/ravi-norrington-3369,profile_url,ravi norrington,Ravi Norrington,linkedin.com/in/ravi-norrington-3369,Whitlock Staffing,Chief Digital Officer,Marcus Aldridge,1,1,False,0
linkedin.com/in/ravi-norrington-kirkbride-3910,profile_url,ravi norrington kirkbride,Ravi Norrington-Kirkbride,linkedin.com/in/ravi-norrington-kirkbride-3910,Xanthe Labs,Principal Architect,Tomás Beckett,1,1,False,0
linkedin.com/in/ravi-okonkwo-9687,profile_url,ravi okonkwo,Ravi Okonkwo,linkedin.com/in/ravi-okonkwo-9687,Ondermark Consulting,"Senior Manager, Engineering",Marcus Aldridge,1,1,False,0
linkedin.com/in/ravi-oldfield-2670,profile_url,ravi oldfield,Ravi Oldfield,linkedin.com/in/ravi-oldfield-2670,Highmoor Cycles,"Senior Manager, Engineering",Priya Raghunathan,1,1,False,0
linkedin.com/in/ravi-oldfield-havercamp-7269,profile_url,ravi oldfield havercamp,Ravi Oldfield-Havercamp,linkedin.com/in/ravi-oldfield-havercamp-7269,Whitlock Staffing,Chief Data Officer,Tomás Beckett,1,1,False,0
linkedin.com/in/ravi-oldfield-rushworth-8443,profile_url,ravi oldfield rushworth,Ravi Oldfield-Rushworth,linkedin.com/in/ravi-oldfield-rushworth-8443,Bellchamber Media,Platform Lead,Owen Trask,1,1,False,0
linkedin.com/in/ravi-oyelaran-1506,profile_url,ravi oyelaran,Ravi Oyelaran,linkedin.com/in/ravi-oyelaran-1506,Vespermill Analytics,Engineering Manager,Priya Raghunathan,1,1,False,0
linkedin.com/in/ravi-oyelaran-quillane-2487,profile_url,ravi oyelaran quillane,Ravi Oyelaran-Quillane,linkedin.com/in/ravi-oyelaran-quillane-2487,Corbridge Realty,VP Enterprise Architecture,Owen Trask,1,1,False,0
linkedin.com/in/ravi-petrossian-3562,profile_url,ravi petrossian,Ravi Petrossian,linkedin.com/in/ravi-petrossian-3562,Zenner Foods,Head of Developer Productivity,Tomás Beckett,1,1,False,0
linkedin.com/in/ravi-prendergast-4079,profile_url,ravi prendergast,Ravi Prendergast,linkedin.com/in/ravi-prendergast-4079,Underwood & Vale,Chief Information Officer,Dana Whitfield,1,1,False,0
linkedin.com/in/ravi-prendergast-yarrow-3616,profile_url,ravi prendergast yarrow,Ravi Prendergast-Yarrow,linkedin.com/in/ravi-prendergast-yarrow-3616,Zenner Foods,Head of Platform Engineering,Elena Duvall,1,1,False,0
linkedin.com/in/ravi-quillane-2839,profile_url,ravi quillane,Ravi Quillane,linkedin.com/in/ravi-quillane-2839,Rooksby Legal,"Senior Manager, Engineering",Marcus Aldridge,1,1,False,0
linkedin.com/in/ravi-rushworth-6317,profile_url,ravi rushworth,Ravi Rushworth,linkedin.com/in/ravi-rushworth-6317,Inglenook Bakery,VP Data & Analytics,Marcus Aldridge,1,1,False,0
linkedin.com/in/ravi-rushworth-dobrescu-5493,profile_url,ravi rushworth dobrescu,Ravi Rushworth-Dobrescu,linkedin.com/in/ravi-rushworth-dobrescu-5493,Tannerly Design,Engineering Manager,Tomás Beckett,1,1,False,0
linkedin.com/in/ravi-rushworth-petrossian-2102,profile_url,ravi rushworth petrossian,Ravi Rushworth-Petrossian,linkedin.com/in/ravi-rushworth-petrossian-2102,Bellchamber Media,Chief Technology Officer,Tomás Beckett,1,1,False,0
linkedin.com/in/ravi-salcedo-1520,profile_url,ravi salcedo,Ravi Salcedo,linkedin.com/in/ravi-salcedo-1520,Underwood & Vale,Head of Developer Productivity,Priya Raghunathan,1,1,False,0
linkedin.com/in/ravi-salcedo-lomsadze-9048,profile_url,ravi salcedo lomsadze,Ravi Salcedo-Lomsadze,linkedin.com/in/ravi-salcedo-lomsadze-9048,Garrowby Books,"Senior Manager, Engineering",Owen Trask,1,1,False,0
linkedin.com/in/ravi-sandoval-9188,profile_url,ravi sandoval,Ravi Sandoval,linkedin.com/in/ravi-sandoval-9188,Ambrose Trading,VP Engineering,Priya Raghunathan,1,1,False,0
linkedin.com/in/ravi-thackeray-8313,profile_url,ravi thackeray,Ravi Thackeray,linkedin.com/in/ravi-thackeray-8313,Inglenook Bakery,Engineering Manager,Marcus Aldridge,1,1,False,0
linkedin.com/in/ravi-underhill-5940,profile_url,ravi underhill,Ravi Underhill,linkedin.com/in/ravi-underhill-5940,Quintrell Advisory,Chief Data Officer,Dana Whitfield,1,1,False,0
linkedin.com/in/ravi-vandermolen-6284,profile_url,ravi vandermolen,Ravi Vandermolen,linkedin.com/in/ravi-vandermolen-6284,Elmsworth Tutors,Product Director,Marcus Aldridge,1,1,False,0
linkedin.com/in/ravi-vasquez-4409,profile_url,ravi vasquez,Ravi Vasquez,linkedin.com/in/ravi-vasquez-4409,Vespermill Analytics,Staff Engineer,Marcus Aldridge,1,1,False,0
linkedin.com/in/ravi-wexford-7232,profile_url,ravi wexford,Ravi Wexford,linkedin.com/in/ravi-wexford-7232,Pale Harbour Studio,Staff Engineer,Marcus Aldridge,1,1,False,0
linkedin.com/in/ravi-wolstenholme-5771,profile_url,ravi wolstenholme,Ravi Wolstenholme,linkedin.com/in/ravi-wolstenholme-5771,Bellchamber Media,Chief Information Officer,Dana Whitfield,1,1,False,0
linkedin.com/in/ravi-yarrow-5520,profile_url,ravi yarrow,Ravi Yarrow,linkedin.com/in/ravi-yarrow-5520,Whitlock Staffing,Product Director,Dana Whitfield,1,1,False,0
linkedin.com/in/ravi-zettergren-1539,profile_url,ravi zettergren,Ravi Zettergren,linkedin.com/in/ravi-zettergren-1539,Fairbourne Fitness,VP Data & Analytics,Priya Raghunathan,1,1,False,0
linkedin.com/in/ravi-zubkov-9512,profile_url,ravi zubkov,Ravi Zubkov,linkedin.com/in/ravi-zubkov-9512,Zenner Foods,Principal Architect,Tomás Beckett,1,1,False,0
linkedin.com/in/renata-achterberg-4555,profile_url,renata achterberg,Renata Achterberg,linkedin.com/in/renata-achterberg-4555,Yardley Print,Product Director,Marcus Aldridge,1,1,False,0
linkedin.com/in/renata-ashdown-1962,profile_url,renata ashdown,Renata Ashdown,linkedin.com/in/renata-ashdown-1962,Garrowby Books,Chief Data Officer,Dana Whitfield,1,1,False,0
linkedin.com/in/renata-balogun-4795,profile_url,renata balogun,Renata Balogun,linkedin.com/in/renata-balogun-4795,Underwood & Vale,Engineering Manager,Dana Whitfield,1,1,False,0
linkedin.com/in/renata-bellinger-8590,profile_url,renata bellinger,Renata Bellinger,linkedin.com/in/renata-bellinger-8590,Highmoor Cycles,Director of IT,Tomás Beckett,1,1,False,0
linkedin.com/in/renata-bellinger-thackeray-3353,profile_url,renata bellinger thackeray,Renata Bellinger-Thackeray,linkedin.com/in/renata-bellinger-thackeray-3353,Tannerly Design,Director of IT,Tomás Beckett,1,1,False,0
linkedin.com/in/renata-brenneman-2097,profile_url,renata brenneman,Renata Brenneman,linkedin.com/in/renata-brenneman-2097,Corbridge Realty,Staff Engineer,Dana Whitfield,1,1,False,0
linkedin.com/in/renata-cardoso-7922,profile_url,renata cardoso,Renata Cardoso,linkedin.com/in/renata-cardoso-7922,Inglenook Bakery,Product Director,Marcus Aldridge,1,1,False,0
linkedin.com/in/renata-cathcart-4299,profile_url,renata cathcart,Renata Cathcart,linkedin.com/in/renata-cathcart-4299,Zenner Foods,SVP Digital,Dana Whitfield,1,1,False,0
linkedin.com/in/renata-crowther-5300,profile_url,renata crowther,Renata Crowther,linkedin.com/in/renata-crowther-5300,Underwood & Vale,"Senior Manager, Engineering",Dana Whitfield,1,1,False,0
linkedin.com/in/renata-crowther-fontaine-3781,profile_url,renata crowther fontaine,Renata Crowther-Fontaine,linkedin.com/in/renata-crowther-fontaine-3781,Rooksby Legal,Product Director,Tomás Beckett,1,1,False,0
linkedin.com/in/renata-dellinger-8475,profile_url,renata dellinger,Renata Dellinger,linkedin.com/in/renata-dellinger-8475,Yardley Print,VP Engineering,Priya Raghunathan,1,1,False,0
linkedin.com/in/renata-dobrescu-6603,profile_url,renata dobrescu,Renata Dobrescu,linkedin.com/in/renata-dobrescu-6603,Garrowby Books,Director of Software Engineering,Priya Raghunathan,1,1,False,0
linkedin.com/in/renata-drummond-1240,profile_url,renata drummond,Renata Drummond,linkedin.com/in/renata-drummond-1240,Ambrose Trading,VP Data & Analytics,Priya Raghunathan,1,1,False,0
linkedin.com/in/renata-eastcott-2227,profile_url,renata eastcott,Renata Eastcott,linkedin.com/in/renata-eastcott-2227,Xanthe Labs,Head of Developer Productivity,Marcus Aldridge,1,1,False,0
linkedin.com/in/renata-eastcott-wexford-8192,profile_url,renata eastcott wexford,Renata Eastcott-Wexford,linkedin.com/in/renata-eastcott-wexford-8192,Elmsworth Tutors,Program Manager,Owen Trask,1,1,False,0
linkedin.com/in/renata-egerton-8473,profile_url,renata egerton,Renata Egerton,linkedin.com/in/renata-egerton-8473,Highmoor Cycles,Staff Engineer,Dana Whitfield,1,1,False,0
linkedin.com/in/renata-fairweather-5626,profile_url,renata fairweather,Renata Fairweather,linkedin.com/in/renata-fairweather-5626,Fairbourne Fitness,VP Data & Analytics,Marcus Aldridge,1,1,False,0
linkedin.com/in/renata-falkenrath-4235,profile_url,renata falkenrath,Renata Falkenrath,linkedin.com/in/renata-falkenrath-4235,Garrowby Books,Principal Architect,Dana Whitfield,1,1,False,0
linkedin.com/in/renata-ferreira-5316,profile_url,renata ferreira,Renata Ferreira,linkedin.com/in/renata-ferreira-5316,Whitlock Staffing,Staff Engineer,Dana Whitfield,1,1,False,0
linkedin.com/in/renata-fontaine-4183,profile_url,renata fontaine,Renata Fontaine,linkedin.com/in/renata-fontaine-4183,Zenner Foods,Program Manager,Dana Whitfield,1,1,False,0
linkedin.com/in/renata-gluckstein-9072,profile_url,renata gluckstein,Renata Glückstein,linkedin.com/in/renata-gluckstein-9072,Whitlock Staffing,Product Director,Dana Whitfield,1,1,False,0
linkedin.com/in/renata-grimsby-6881,profile_url,renata grimsby,Renata Grimsby,linkedin.com/in/renata-grimsby-6881,Inglenook Bakery,Head of Innovation,Marcus Aldridge,1,1,False,0
linkedin.com/in/renata-grimsby-achterberg-5965,profile_url,renata grimsby achterberg,Renata Grimsby-Achterberg,linkedin.com/in/renata-grimsby-achterberg-5965,Inglenook Bakery,Principal Architect,Elena Duvall,1,1,False,0
linkedin.com/in/renata-halloran-4359,profile_url,renata halloran,Renata Halloran,linkedin.com/in/renata-halloran-4359,Pale Harbour Studio,Director of IT,Tomás Beckett,1,1,False,0
linkedin.com/in/renata-halloran-rushworth-9596,profile_url,renata halloran rushworth,Renata Halloran-Rushworth,linkedin.com/in/renata-halloran-rushworth-9596,Corbridge Realty,Engineering Manager,Tomás Beckett,1,1,False,0
linkedin.com/in/renata-hartigan-6300,profile_url,renata hartigan,Renata Hartigan,linkedin.com/in/renata-hartigan-6300,Dunmowe Travel,"Senior Manager, Engineering",Tomás Beckett,1,1,False,0
linkedin.com/in/renata-havercamp-7648,profile_url,renata havercamp,Renata Havercamp,linkedin.com/in/renata-havercamp-7648,Xanthe Labs,Program Manager,Dana Whitfield,1,1,False,0
linkedin.com/in/renata-hojgaard-5692,profile_url,renata hojgaard,Renata Højgaard,linkedin.com/in/renata-hojgaard-5692,Ambrose Trading,Director of IT,Dana Whitfield,1,1,False,0
linkedin.com/in/renata-ibarra-9941,profile_url,renata ibarra,Renata Ibarra,linkedin.com/in/renata-ibarra-9941,Garrowby Books,Chief Information Officer,Dana Whitfield,1,1,False,0
linkedin.com/in/renata-ibarra-okonkwo-9757,profile_url,renata ibarra okonkwo,Renata Ibarra-Okonkwo,linkedin.com/in/renata-ibarra-okonkwo-9757,Xanthe Labs,Principal Architect,Elena Duvall,1,1,False,0
linkedin.com/in/renata-ingleby-8409,profile_url,renata ingleby,Renata Ingleby,linkedin.com/in/renata-ingleby-8409,Corbridge Realty,Director of IT,Marcus Aldridge,1,1,False,0
linkedin.com/in/renata-ingleby-underhill-5508,profile_url,renata ingleby underhill,Renata Ingleby-Underhill,linkedin.com/in/renata-ingleby-underhill-5508,Rooksby Legal,Chief Information Officer,Tomás Beckett,1,1,False,0
linkedin.com/in/renata-isenberg-4261,profile_url,renata isenberg,Renata Isenberg,linkedin.com/in/renata-isenberg-4261,Highmoor Cycles,Product Director,Marcus Aldridge,1,1,False,0
linkedin.com/in/renata-jarrold-2051,profile_url,renata jarrold,Renata Jarrold,linkedin.com/in/renata-jarrold-2051,Rooksby Legal,Staff Engineer,Marcus Aldridge,1,1,False,0
linkedin.com/in/renata-kettleborough-9921,profile_url,renata kettleborough,Renata Kettleborough,linkedin.com/in/renata-kettleborough-9921,Fairbourne Fitness,Head of Automation,Dana Whitfield,1,1,False,0
linkedin.com/in/renata-kirkbride-4825,profile_url,renata kirkbride,Renata Kirkbride,linkedin.com/in/renata-kirkbride-4825,Bellchamber Media,Principal Architect,Tomás Beckett,1,1,False,0
linkedin.com/in/renata-kirkbride-cardoso-7246,profile_url,renata kirkbride cardoso,Renata Kirkbride-Cardoso,linkedin.com/in/renata-kirkbride-cardoso-7246,Garrowby Books,Principal Architect,Tomás Beckett,1,1,False,0
linkedin.com/in/renata-lindqvist-8420,profile_url,renata lindqvist,Renata Lindqvist,linkedin.com/in/renata-lindqvist-8420,Underwood & Vale,Chief Information Officer,Marcus Aldridge,1,1,False,0
linkedin.com/in/renata-lomsadze-7865,profile_url,renata lomsadze,Renata Lomsadze,linkedin.com/in/renata-lomsadze-7865,Garrowby Books,Platform Lead,Priya Raghunathan,1,1,False,0
linkedin.com/in/renata-marchetti-8480,profile_url,renata marchetti,Renata Marchetti,linkedin.com/in/renata-marchetti-8480,Vespermill Analytics,Head of Automation,Marcus Aldridge,1,1,False,0
linkedin.com/in/renata-merriweather-2850,profile_url,renata merriweather,Renata Merriweather,linkedin.com/in/renata-merriweather-2850,Ondermark Consulting,Engineering Manager,Marcus Aldridge,1,1,False,0
linkedin.com/in/renata-mkhize-2391,profile_url,renata mkhize,Renata Mkhize,linkedin.com/in/renata-mkhize-2391,Highmoor Cycles,Director of Software Engineering,Priya Raghunathan,1,1,False,0
linkedin.com/in/renata-nakashima-7628,profile_url,renata nakashima,Renata Nakashima,linkedin.com/in/renata-nakashima-7628,Garrowby Books,Engineering Manager,Tomás Beckett,1,1,False,0
linkedin.com/in/renata-norrington-2420,profile_url,renata norrington,Renata Norrington,linkedin.com/in/renata-norrington-2420,Ambrose Trading,Program Manager,Marcus Aldridge,1,1,False,0
linkedin.com/in/renata-okonkwo-4484,profile_url,renata okonkwo,Renata Okonkwo,linkedin.com/in/renata-okonkwo-4484,Bellchamber Media,"Senior Manager, Engineering",Priya Raghunathan,1,1,False,0
linkedin.com/in/renata-oldfield-8708,profile_url,renata oldfield,Renata Oldfield,linkedin.com/in/renata-oldfield-8708,Highmoor Cycles,VP Data & Analytics,Priya Raghunathan,1,1,False,0
linkedin.com/in/renata-oyelaran-6227,profile_url,renata oyelaran,Renata Oyelaran,linkedin.com/in/renata-oyelaran-6227,Vespermill Analytics,Engineering Manager,Dana Whitfield,1,1,False,0
linkedin.com/in/renata-oyelaran-ibarra-1335,profile_url,renata oyelaran ibarra,Renata Oyelaran-Ibarra,linkedin.com/in/renata-oyelaran-ibarra-1335,Tannerly Design,Director of Software Engineering,Tomás Beckett,1,1,False,0
linkedin.com/in/renata-petrossian-5392,profile_url,renata petrossian,Renata Petrossian,linkedin.com/in/renata-petrossian-5392,Quillon Pharma,Chief Data Officer,Marcus Aldridge; Tomás Beckett,2,1,False,0
linkedin.com/in/renata-prendergast-8109,profile_url,renata prendergast,Renata Prendergast,linkedin.com/in/renata-prendergast-8109,Quintrell Advisory,VP Engineering,Tomás Beckett,1,1,False,0
linkedin.com/in/renata-quillane-1582,profile_url,renata quillane,Renata Quillane,linkedin.com/in/renata-quillane-1582,Zenner Foods,"Senior Manager, Engineering",Dana Whitfield,1,1,False,0
linkedin.com/in/renata-rushworth-6977,profile_url,renata rushworth,Renata Rushworth,linkedin.com/in/renata-rushworth-6977,Whitlock Staffing,Director of IT,Dana Whitfield,1,1,False,0
linkedin.com/in/renata-rushworth-thackeray-1722,profile_url,renata rushworth thackeray,Renata Rushworth-Thackeray,linkedin.com/in/renata-rushworth-thackeray-1722,Xanthe Labs,Director of IT,Owen Trask,1,1,False,0
linkedin.com/in/renata-salcedo-9247,profile_url,renata salcedo,Renata Salcedo,linkedin.com/in/renata-salcedo-9247,Highmoor Cycles,Product Director,Dana Whitfield,1,1,False,0
linkedin.com/in/renata-sandoval-5496,profile_url,renata sandoval,Renata Sandoval,linkedin.com/in/renata-sandoval-5496,Highmoor Cycles,SVP Digital,Marcus Aldridge,1,1,False,0
linkedin.com/in/renata-sandoval-quillane-2769,profile_url,renata sandoval quillane,Renata Sandoval-Quillane,linkedin.com/in/renata-sandoval-quillane-2769,Yardley Print,Chief Data Officer,Tomás Beckett,1,1,False,0
linkedin.com/in/renata-thackeray-2094,profile_url,renata thackeray,Renata Thackeray,linkedin.com/in/renata-thackeray-2094,Garrowby Books,Platform Lead,Marcus Aldridge,1,1,False,0
linkedin.com/in/renata-thackeray-wolstenholme-1428,profile_url,renata thackeray wolstenholme,Renata Thackeray-Wolstenholme,linkedin.com/in/renata-thackeray-wolstenholme-1428,Inglenook Bakery,"Senior Manager, Engineering",Tomás Beckett,1,1,False,0
linkedin.com/in/renata-underhill-3046,profile_url,renata underhill,Renata Underhill,linkedin.com/in/renata-underhill-3046,Zenner Foods,Chief Operating Officer,Marcus Aldridge,1,1,False,0
linkedin.com/in/renata-vandermolen-3354,profile_url,renata vandermolen,Renata Vandermolen,linkedin.com/in/renata-vandermolen-3354,Pale Harbour Studio,Product Director,Priya Raghunathan,1,1,False,0
name:renata vandermolen achterberg,name_only,renata vandermolen achterberg,Renata Vandermolen-Achterberg,,Tannerly Design,Platform Lead,Owen Trask,1,1,False,1
linkedin.com/in/renata-vasquez-1262,profile_url,renata vasquez,Renata Vasquez,linkedin.com/in/renata-vasquez-1262,Yardley Print,Head of Automation,Priya Raghunathan,1,1,False,0
linkedin.com/in/renata-wexford-3660,profile_url,renata wexford,Renata Wexford,linkedin.com/in/renata-wexford-3660,Xanthe Labs,Principal Architect,Priya Raghunathan,1,1,False,0
linkedin.com/in/renata-wolstenholme-5263,profile_url,renata wolstenholme,Renata Wolstenholme,linkedin.com/in/renata-wolstenholme-5263,Garrowby Books,Head of Innovation,Marcus Aldridge,1,1,False,0
linkedin.com/in/renata-yarrow-6529,profile_url,renata yarrow,Renata Yarrow,linkedin.com/in/renata-yarrow-6529,Rooksby Legal,Head of Automation,Tomás Beckett,1,1,False,0
linkedin.com/in/renata-zettergren-7511,profile_url,renata zettergren,Renata Zettergren,linkedin.com/in/renata-zettergren-7511,Bellchamber Media,Engineering Manager,Marcus Aldridge,1,1,False,0
linkedin.com/in/renata-zubkov-6755,profile_url,renata zubkov,Renata Zubkov,linkedin.com/in/renata-zubkov-6755,Bellchamber Media,VP Enterprise Architecture,Priya Raghunathan,1,1,False,0
linkedin.com/in/rhys-achterberg-2696,profile_url,rhys achterberg,Rhys Achterberg,linkedin.com/in/rhys-achterberg-2696,Elmsworth Tutors,Principal Architect,Marcus Aldridge,1,1,False,0
linkedin.com/in/rhys-ashdown-3262,profile_url,rhys ashdown,Rhys Ashdown,linkedin.com/in/rhys-ashdown-3262,Tannerly Design,Chief Operating Officer,Tomás Beckett,1,1,False,0
linkedin.com/in/rhys-ashdown-fontaine-5639,profile_url,rhys ashdown fontaine,Rhys Ashdown-Fontaine,linkedin.com/in/rhys-ashdown-fontaine-5639,Underwood & Vale,Platform Lead,Elena Duvall,1,1,False,0
linkedin.com/in/rhys-ashdown-havercamp-8073,profile_url,rhys ashdown havercamp,Rhys Ashdown-Havercamp,linkedin.com/in/rhys-ashdown-havercamp-8073,Bellchamber Media,Program Manager,Elena Duvall,1,1,False,0
linkedin.com/in/rhys-balogun-4239,profile_url,rhys balogun,Rhys Balogun,linkedin.com/in/rhys-balogun-4239,Ondermark Consulting,Product Director,Tomás Beckett,1,1,False,0
linkedin.com/in/rhys-bellinger-7541,profile_url,rhys bellinger,Rhys Bellinger,linkedin.com/in/rhys-bellinger-7541,Zenner Foods,Director of Software Engineering,Priya Raghunathan,1,1,False,0
linkedin.com/in/rhys-bellinger-achterberg-3314,profile_url,rhys bellinger achterberg,Rhys Bellinger-Achterberg,linkedin.com/in/rhys-bellinger-achterberg-3314,Yardley Print,"Senior Manager, Engineering",Tomás Beckett,1,1,False,0
linkedin.com/in/rhys-brenneman-4878,profile_url,rhys brenneman,Rhys Brenneman,linkedin.com/in/rhys-brenneman-4878,Vespermill Analytics,VP Data & Analytics,Marcus Aldridge,1,1,False,0
linkedin.com/in/rhys-brenneman-underhill-4166,profile_url,rhys brenneman underhill,Rhys Brenneman-Underhill,linkedin.com/in/rhys-brenneman-underhill-4166,Vespermill Analytics,Product Director,Tomás Beckett,1,1,False,0
linkedin.com/in/rhys-cardoso-1393,profile_url,rhys cardoso,Rhys Cardoso,linkedin.com/in/rhys-cardoso-1393,Elmsworth Tutors,Head of Innovation,Dana Whitfield,1,1,False,0
linkedin.com/in/rhys-cathcart-9717,profile_url,rhys cathcart,Rhys Cathcart,linkedin.com/in/rhys-cathcart-9717,Corbridge Realty,Program Manager,Dana Whitfield,1,1,False,0
linkedin.com/in/rhys-cathcart-sandoval-9162,profile_url,rhys cathcart sandoval,Rhys Cathcart-Sandoval,linkedin.com/in/rhys-cathcart-sandoval-9162,Corbridge Realty,Principal Architect,Elena Duvall,1,1,False,0
linkedin.com/in/rhys-crowther-8187,profile_url,rhys crowther,Rhys Crowther,linkedin.com/in/rhys-crowther-8187,Garrowby Books,Program Manager,Marcus Aldridge,1,1,False,0
linkedin.com/in/rhys-dellinger-4139,profile_url,rhys dellinger,Rhys Dellinger,linkedin.com/in/rhys-dellinger-4139,Dunmowe Travel,Head of Automation,Marcus Aldridge,1,1,False,0
linkedin.com/in/rhys-dobrescu-1470,profile_url,rhys dobrescu,Rhys Dobrescu,linkedin.com/in/rhys-dobrescu-1470,Pale Harbour Studio,"Senior Manager, Engineering",Marcus Aldridge,1,1,False,0
linkedin.com/in/rhys-drummond-3468,profile_url,rhys drummond,Rhys Drummond,linkedin.com/in/rhys-drummond-3468,Corbridge Realty,Chief Operating Officer,Tomás Beckett,1,1,False,0
linkedin.com/in/rhys-eastcott-7292,profile_url,rhys eastcott,Rhys Eastcott,linkedin.com/in/rhys-eastcott-7292,Xanthe Labs,"Senior Manager, Engineering",Dana Whitfield,1,1,False,0
linkedin.com/in/rhys-egerton-3043,profile_url,rhys egerton,Rhys Egerton,linkedin.com/in/rhys-egerton-3043,Underwood & Vale,Head of Automation,Tomás Beckett,1,1,False,0
linkedin.com/in/rhys-fairweather-1496,profile_url,rhys fairweather,Rhys Fairweather,linkedin.com/in/rhys-fairweather-1496,Highmoor Cycles,Head of Automation,Priya Raghunathan,1,1,False,0
linkedin.com/in/rhys-fairweather-oldfield-8410,profile_url,rhys fairweather oldfield,Rhys Fairweather-Oldfield,linkedin.com/in/rhys-fairweather-oldfield-8410,Highmoor Cycles,Director of IT,Elena Duvall,1,1,False,0
linkedin.com/in/rhys-falkenrath-8346,profile_url,rhys falkenrath,Rhys Falkenrath,linkedin.com/in/rhys-falkenrath-8346,Dunmowe Travel,Director of IT,Marcus Aldridge,1,1,False,0
linkedin.com/in/rhys-ferreira-7665,profile_url,rhys ferreira,Rhys Ferreira,linkedin.com/in/rhys-ferreira-7665,Garrowby Books,VP Data & Analytics,Tomás Beckett,1,1,False,0
linkedin.com/in/rhys-fontaine-2357,profile_url,rhys fontaine,Rhys Fontaine,linkedin.com/in/rhys-fontaine-2357,Corbridge Realty,Director of Software Engineering,Tomás Beckett,1,1,False,0
linkedin.com/in/rhys-fontaine-rushworth-5564,profile_url,rhys fontaine rushworth,Rhys Fontaine-Rushworth,linkedin.com/in/rhys-fontaine-rushworth-5564,Fairbourne Fitness,"Senior Manager, Engineering",Tomás Beckett,1,1,False,0
linkedin.com/in/rhys-gluckstein-2641,profile_url,rhys gluckstein,Rhys Glückstein,linkedin.com/in/rhys-gluckstein-2641,Underwood & Vale,Head of Innovation,Tomás Beckett,1,1,False,0
linkedin.com/in/rhys-grimsby-9183,profile_url,rhys grimsby,Rhys Grimsby,linkedin.com/in/rhys-grimsby-9183,Zenner Foods,Chief Operating Officer,Dana Whitfield,1,1,False,0
linkedin.com/in/rhys-grimsby-quillane-1774,profile_url,rhys grimsby quillane,Rhys Grimsby-Quillane,linkedin.com/in/rhys-grimsby-quillane-1774,Yardley Print,"Senior Manager, Engineering",Elena Duvall,1,1,False,0
name:rhys halloran,name_only,rhys halloran,Rhys Halloran,,Ambrose Trading,Principal Architect,Dana Whitfield,1,1,False,1
name:rhys halloran vasquez,name_only,rhys halloran vasquez,Rhys Halloran-Vasquez,,Xanthe Labs,VP Engineering,Tomás Beckett,1,1,False,1
linkedin.com/in/rhys-hartigan-8217,profile_url,rhys hartigan,Rhys Hartigan,linkedin.com/in/rhys-hartigan-8217,Tannerly Design,Director of IT,Priya Raghunathan,1,1,False,0
linkedin.com/in/rhys-havercamp-5674,profile_url,rhys havercamp,Rhys Havercamp,linkedin.com/in/rhys-havercamp-5674,Rooksby Legal,Staff Engineer,Dana Whitfield,1,1,False,0
linkedin.com/in/rhys-hojgaard-6680,profile_url,rhys hojgaard,Rhys Højgaard,linkedin.com/in/rhys-hojgaard-6680,Vespermill Analytics,Staff Engineer,Marcus Aldridge,1,1,False,0
linkedin.com/in/rhys-ibarra-7373,profile_url,rhys ibarra,Rhys Ibarra,linkedin.com/in/rhys-ibarra-7373,Ambrose Trading,Principal Architect,Marcus Aldridge,1,1,False,0
linkedin.com/in/rhys-ingleby-9610,profile_url,rhys ingleby,Rhys Ingleby,linkedin.com/in/rhys-ingleby-9610,Highmoor Cycles,Head of Automation,Marcus Aldridge,1,1,False,0
linkedin.com/in/rhys-ingleby-thackeray-8701,profile_url,rhys ingleby thackeray,Rhys Ingleby-Thackeray,linkedin.com/in/rhys-ingleby-thackeray-8701,Zenner Foods,Staff Engineer,Owen Trask,1,1,False,0
linkedin.com/in/rhys-isenberg-4654,profile_url,rhys isenberg,Rhys Isenberg,linkedin.com/in/rhys-isenberg-4654,Corbridge Realty,Chief Operating Officer,Priya Raghunathan,1,1,False,0
linkedin.com/in/rhys-isenberg-nakashima-6675,profile_url,rhys isenberg nakashima,Rhys Isenberg-Nakashima,linkedin.com/in/rhys-isenberg-nakashima-6675,Xanthe Labs,Product Director,Elena Duvall,1,1,False,0
linkedin.com/in/rhys-jarrold-1731,profile_url,rhys jarrold,Rhys Jarrold,linkedin.com/in/rhys-jarrold-1731,Yardley Print,"Senior Manager, Engineering",Marcus Aldridge,1,1,False,0
linkedin.com/in/rhys-kettleborough-8204,profile_url,rhys kettleborough,Rhys Kettleborough,linkedin.com/in/rhys-kettleborough-8204,Zenner Foods,Chief Operating Officer,Dana Whitfield,1,1,False,0
linkedin.com/in/rhys-kirkbride-8576,profile_url,rhys kirkbride,Rhys Kirkbride,linkedin.com/in/rhys-kirkbride-8576,Corbridge Realty,Engineering Manager,Tomás Beckett,1,1,False,0
linkedin.com/in/rhys-lindqvist-2685,profile_url,rhys lindqvist,Rhys Lindqvist,linkedin.com/in/rhys-lindqvist-2685,Zenner Foods,Head of Innovation,Dana Whitfield,1,1,False,0
linkedin.com/in/rhys-lomsadze-2785,profile_url,rhys lomsadze,Rhys Lomsadze,linkedin.com/in/rhys-lomsadze-2785,Corbridge Realty,Director of IT,Marcus Aldridge,1,1,False,0
linkedin.com/in/rhys-marchetti-6776,profile_url,rhys marchetti,Rhys Marchetti,linkedin.com/in/rhys-marchetti-6776,Rooksby Legal,VP Data & Analytics,Marcus Aldridge,1,1,False,0
linkedin.com/in/rhys-merriweather-5944,profile_url,rhys merriweather,Rhys Merriweather,linkedin.com/in/rhys-merriweather-5944,Whitlock Staffing,Chief Data Officer,Dana Whitfield,1,1,False,0
linkedin.com/in/rhys-merriweather-fontaine-4083,profile_url,rhys merriweather fontaine,Rhys Merriweather-Fontaine,linkedin.com/in/rhys-merriweather-fontaine-4083,Xanthe Labs,Platform Lead,Elena Duvall,1,1,False,0
name:rhys mkhize,name_only,rhys mkhize,Rhys Mkhize,,Ambrose Trading,Staff Engineer,Dana Whitfield,1,1,False,1
linkedin.com/in/rhys-nakashima-9696,profile_url,rhys nakashima,Rhys Nakashima,linkedin.com/in/rhys-nakashima-9696,Underwood & Vale,Engineering Manager,Priya Raghunathan,1,1,False,0
linkedin.com/in/rhys-norrington-7586,profile_url,rhys norrington,Rhys Norrington,linkedin.com/in/rhys-norrington-7586,Yardley Print,Head of Innovation,Priya Raghunathan,1,1,False,0
linkedin.com/in/rhys-okonkwo-3125,profile_url,rhys okonkwo,Rhys Okonkwo,linkedin.com/in/rhys-okonkwo-3125,Zenner Foods,Chief Data Officer,Marcus Aldridge,1,1,False,0
linkedin.com/in/rhys-okonkwo-hojgaard-6952,profile_url,rhys okonkwo hojgaard,Rhys Okonkwo-Højgaard,linkedin.com/in/rhys-okonkwo-hojgaard-6952,Ondermark Consulting,Head of Developer Productivity,Tomás Beckett,1,1,False,0
linkedin.com/in/rhys-oldfield-2553,profile_url,rhys oldfield,Rhys Oldfield,linkedin.com/in/rhys-oldfield-2553,Highmoor Cycles,Program Manager,Tomás Beckett,1,1,False,0
linkedin.com/in/rhys-oyelaran-7535,profile_url,rhys oyelaran,Rhys Oyelaran,linkedin.com/in/rhys-oyelaran-7535,Vespermill Analytics,Chief Information Officer,Tomás Beckett,1,1,False,0
name:rhys petrossian,name_only,rhys petrossian,Rhys Petrossian,,Ondermark Consulting,Product Director,Dana Whitfield,1,1,False,1
linkedin.com/in/rhys-prendergast-1179,profile_url,rhys prendergast,Rhys Prendergast,linkedin.com/in/rhys-prendergast-1179,Fairbourne Fitness,Engineering Manager,Tomás Beckett,1,1,False,0
linkedin.com/in/rhys-quillane-9087,profile_url,rhys quillane,Rhys Quillane,linkedin.com/in/rhys-quillane-9087,Zenner Foods,"Senior Manager, Engineering",Marcus Aldridge,1,1,False,0
linkedin.com/in/rhys-rushworth-4239,profile_url,rhys rushworth,Rhys Rushworth,linkedin.com/in/rhys-rushworth-4239,Rooksby Legal,Staff Engineer,Dana Whitfield,1,1,False,0
linkedin.com/in/rhys-rushworth-mkhize-4927,profile_url,rhys rushworth mkhize,Rhys Rushworth-Mkhize,linkedin.com/in/rhys-rushworth-mkhize-4927,Zenner Foods,Product Director,Elena Duvall,1,1,False,0
linkedin.com/in/rhys-salcedo-7299,profile_url,rhys salcedo,Rhys Salcedo,linkedin.com/in/rhys-salcedo-7299,Xanthe Labs,Staff Engineer,Marcus Aldridge,1,1,False,0
linkedin.com/in/rhys-sandoval-2164,profile_url,rhys sandoval,Rhys Sandoval,linkedin.com/in/rhys-sandoval-2164,Xanthe Labs,"Senior Manager, Engineering",Priya Raghunathan,1,1,False,0
linkedin.com/in/rhys-thackeray-6349,profile_url,rhys thackeray,Rhys Thackeray,linkedin.com/in/rhys-thackeray-6349,Bellchamber Media,Program Manager,Dana Whitfield,1,1,False,0
linkedin.com/in/rhys-underhill-2533,profile_url,rhys underhill,Rhys Underhill,linkedin.com/in/rhys-underhill-2533,Xanthe Labs,Director of Software Engineering,Priya Raghunathan,1,1,False,0
linkedin.com/in/rhys-vandermolen-1027,profile_url,rhys vandermolen,Rhys Vandermolen,linkedin.com/in/rhys-vandermolen-1027,Xanthe Labs,Chief Technology Officer,Dana Whitfield,1,1,False,0
linkedin.com/in/rhys-vandermolen-ferreira-6070,profile_url,rhys vandermolen ferreira,Rhys Vandermolen-Ferreira,linkedin.com/in/rhys-vandermolen-ferreira-6070,Garrowby Books,Head of Automation,Elena Duvall,1,1,False,0
linkedin.com/in/rhys-vasquez-2930,profile_url,rhys vasquez,Rhys Vasquez,linkedin.com/in/rhys-vasquez-2930,Xanthe Labs,Chief Operating Officer,Priya Raghunathan,1,1,False,0
linkedin.com/in/rhys-wexford-2294,profile_url,rhys wexford,Rhys Wexford,linkedin.com/in/rhys-wexford-2294,Bellchamber Media,Engineering Manager,Dana Whitfield,1,1,False,0
linkedin.com/in/rhys-wexford-nakashima-8298,profile_url,rhys wexford nakashima,Rhys Wexford-Nakashima,linkedin.com/in/rhys-wexford-nakashima-8298,Fairbourne Fitness,Head of Automation,Owen Trask,1,1,False,0
linkedin.com/in/rhys-wolstenholme-8575,profile_url,rhys wolstenholme,Rhys Wolstenholme,linkedin.com/in/rhys-wolstenholme-8575,Zenner Foods,Product Director,Priya Raghunathan,1,1,False,0
name:rhys wolstenholme kettleborough,name_only,rhys wolstenholme kettleborough,Rhys Wolstenholme-Kettleborough,,Vespermill Analytics,Director of IT,Owen Trask,1,1,False,1
linkedin.com/in/rhys-yarrow-9446,profile_url,rhys yarrow,Rhys Yarrow,linkedin.com/in/rhys-yarrow-9446,Ondermark Consulting,Chief Data Officer,Dana Whitfield,1,1,False,0
linkedin.com/in/rhys-zettergren-8174,profile_url,rhys zettergren,Rhys Zettergren,linkedin.com/in/rhys-zettergren-8174,Fairbourne Fitness,SVP Digital,Dana Whitfield,1,1,False,0
linkedin.com/in/rhys-zubkov-3101,profile_url,rhys zubkov,Rhys Zubkov,linkedin.com/in/rhys-zubkov-3101,Rooksby Legal,Product Director,Tomás Beckett,1,1,False,0
linkedin.com/in/rosalind-achterberg-6891,profile_url,rosalind achterberg,Rosalind Achterberg,linkedin.com/in/rosalind-achterberg-6891,Fairbourne Fitness,Program Manager,Marcus Aldridge,1,1,False,0
linkedin.com/in/rosalind-ashdown-3269,profile_url,rosalind ashdown,Rosalind Ashdown,linkedin.com/in/rosalind-ashdown-3269,Rooksby Legal,Product Director,Priya Raghunathan,1,1,False,0
linkedin.com/in/rosalind-ashdown-ferreira-3134,profile_url,rosalind ashdown ferreira,Rosalind Ashdown-Ferreira,linkedin.com/in/rosalind-ashdown-ferreira-3134,Underwood & Vale,"Senior Manager, Engineering",Elena Duvall,1,1,False,0
linkedin.com/in/rosalind-balogun-8177,profile_url,rosalind balogun,Rosalind Balogun,linkedin.com/in/rosalind-balogun-8177,Inglenook Bakery,Product Director,Marcus Aldridge,1,1,False,0
linkedin.com/in/rosalind-bellinger-3501,profile_url,rosalind bellinger,Rosalind Bellinger,linkedin.com/in/rosalind-bellinger-3501,Yardley Print,Head of Innovation,Marcus Aldridge,1,1,False,0
linkedin.com/in/rosalind-bellinger-drummond-3050,profile_url,rosalind bellinger drummond,Rosalind Bellinger-Drummond,linkedin.com/in/rosalind-bellinger-drummond-3050,Vespermill Analytics,Staff Engineer,Tomás Beckett,1,1,False,0
linkedin.com/in/rosalind-brenneman-6749,profile_url,rosalind brenneman,Rosalind Brenneman,linkedin.com/in/rosalind-brenneman-6749,Tannerly Design,Product Director,Marcus Aldridge,1,1,False,0
linkedin.com/in/rosalind-cardoso-3919,profile_url,rosalind cardoso,Rosalind Cardoso,linkedin.com/in/rosalind-cardoso-3919,Vespermill Analytics,"Senior Manager, Engineering",Tomás Beckett,1,1,False,0
linkedin.com/in/rosalind-cardoso-oldfield-7743,profile_url,rosalind cardoso oldfield,Rosalind Cardoso-Oldfield,linkedin.com/in/rosalind-cardoso-oldfield-7743,Underwood & Vale,Director of IT,Elena Duvall,1,1,False,0
name:rosalind cathcart,name_only,rosalind cathcart,Rosalind Cathcart,,Xanthe Labs,Principal Architect,Marcus Aldridge,1,1,False,1
linkedin.com/in/rosalind-crowther-7180,profile_url,rosalind crowther,Rosalind Crowther,linkedin.com/in/rosalind-crowther-7180,Tannerly Design,Staff Engineer,Priya Raghunathan,1,1,False,0
name:rosalind dellinger,name_only,rosalind dellinger,Rosalind Dellinger,,Elmsworth Tutors,Chief Technology Officer,Priya Raghunathan,1,1,False,1
linkedin.com/in/rosalind-dobrescu-9231,profile_url,rosalind dobrescu,Rosalind Dobrescu,linkedin.com/in/rosalind-dobrescu-9231,Quintrell Advisory,Staff Engineer,Marcus Aldridge,1,1,False,0
linkedin.com/in/rosalind-dobrescu-vasquez-5361,profile_url,rosalind dobrescu vasquez,Rosalind Dobrescu-Vasquez,linkedin.com/in/rosalind-dobrescu-vasquez-5361,Whitlock Staffing,Director of IT,Tomás Beckett,1,1,False,0
linkedin.com/in/rosalind-drummond-1085,profile_url,rosalind drummond,Rosalind Drummond,linkedin.com/in/rosalind-drummond-1085,Inglenook Bakery,Platform Lead,Priya Raghunathan,1,1,False,0
linkedin.com/in/rosalind-drummond-ingleby-6298,profile_url,rosalind drummond ingleby,Rosalind Drummond-Ingleby,linkedin.com/in/rosalind-drummond-ingleby-6298,Highmoor Cycles,Platform Lead,Tomás Beckett,1,1,False,0
linkedin.com/in/rosalind-eastcott-5516,profile_url,rosalind eastcott,Rosalind Eastcott,linkedin.com/in/rosalind-eastcott-5516,Highmoor Cycles,Chief Data Officer,Tomás Beckett,1,1,False,0
linkedin.com/in/rosalind-eastcott-halloran-7515,profile_url,rosalind eastcott halloran,Rosalind Eastcott-Halloran,linkedin.com/in/rosalind-eastcott-halloran-7515,Pale Harbour Studio,Principal Architect,Tomás Beckett,1,1,False,0
linkedin.com/in/rosalind-eastcott-zettergren-8687,profile_url,rosalind eastcott zettergren,Rosalind Eastcott-Zettergren,linkedin.com/in/rosalind-eastcott-zettergren-8687,Zenner Foods,Engineering Manager,Elena Duvall,1,1,False,0
linkedin.com/in/rosalind-egerton-4706,profile_url,rosalind egerton,Rosalind Egerton,linkedin.com/in/rosalind-egerton-4706,Yardley Print,Director of IT,Marcus Aldridge,1,1,False,0
linkedin.com/in/rosalind-egerton-wolstenholme-8956,profile_url,rosalind egerton wolstenholme,Rosalind Egerton-Wolstenholme,linkedin.com/in/rosalind-egerton-wolstenholme-8956,Inglenook Bakery,Platform Lead,Tomás Beckett,1,1,False,0
linkedin.com/in/rosalind-fairweather-5436,profile_url,rosalind fairweather,Rosalind Fairweather,linkedin.com/in/rosalind-fairweather-5436,Pale Harbour Studio,"Senior Manager, Engineering",Dana Whitfield,1,1,False,0
linkedin.com/in/rosalind-fairweather-prendergast-1746,profile_url,rosalind fairweather prendergast,Rosalind Fairweather-Prendergast,linkedin.com/in/rosalind-fairweather-prendergast-1746,Xanthe Labs,SVP Digital,Elena Duvall,1,1,False,0
linkedin.com/in/rosalind-falkenrath-2735,profile_url,rosalind falkenrath,Rosalind Falkenrath,linkedin.com/in/rosalind-falkenrath-2735,Ambrose Trading,Director of IT,Tomás Beckett,1,1,False,0
linkedin.com/in/rosalind-ferreira-1691,profile_url,rosalind ferreira,Rosalind Ferreira,linkedin.com/in/rosalind-ferreira-1691,Whitlock Staffing,Platform Lead,Tomás Beckett,1,1,False,0
linkedin.com/in/rosalind-fontaine-1496,profile_url,rosalind fontaine,Rosalind Fontaine,linkedin.com/in/rosalind-fontaine-1496,Pale Harbour Studio,Director of IT,Tomás Beckett,1,1,False,0
linkedin.com/in/rosalind-gluckstein-7037,profile_url,rosalind gluckstein,Rosalind Glückstein,linkedin.com/in/rosalind-gluckstein-7037,Underwood & Vale,Product Director,Marcus Aldridge,1,1,False,0
linkedin.com/in/rosalind-grimsby-8936,profile_url,rosalind grimsby,Rosalind Grimsby,linkedin.com/in/rosalind-grimsby-8936,Highmoor Cycles,"Senior Manager, Engineering",Marcus Aldridge,1,1,False,0
linkedin.com/in/rosalind-halloran-7493,profile_url,rosalind halloran,Rosalind Halloran,linkedin.com/in/rosalind-halloran-7493,Pale Harbour Studio,Chief Information Officer,Marcus Aldridge,1,1,False,0
linkedin.com/in/rosalind-hartigan-6297,profile_url,rosalind hartigan,Rosalind Hartigan,linkedin.com/in/rosalind-hartigan-6297,Zenner Foods,Engineering Manager,Marcus Aldridge,1,1,False,0
linkedin.com/in/rosalind-havercamp-8273,profile_url,rosalind havercamp,Rosalind Havercamp,linkedin.com/in/rosalind-havercamp-8273,Fairbourne Fitness,Principal Architect,Marcus Aldridge,1,1,False,0
linkedin.com/in/rosalind-havercamp-egerton-6659,profile_url,rosalind havercamp egerton,Rosalind Havercamp-Egerton,linkedin.com/in/rosalind-havercamp-egerton-6659,Ambrose Trading,"Senior Manager, Engineering",Elena Duvall,1,1,False,0
linkedin.com/in/rosalind-hojgaard-8098,profile_url,rosalind hojgaard,Rosalind Højgaard,linkedin.com/in/rosalind-hojgaard-8098,Whitlock Staffing,Platform Lead,Dana Whitfield,1,1,False,0
linkedin.com/in/rosalind-ibarra-3784,profile_url,rosalind ibarra,Rosalind Ibarra,linkedin.com/in/rosalind-ibarra-3784,Garrowby Books,Chief Digital Officer,Tomás Beckett,1,1,False,0
linkedin.com/in/rosalind-ingleby-1697,profile_url,rosalind ingleby,Rosalind Ingleby,linkedin.com/in/rosalind-ingleby-1697,Corbridge Realty,Director of Software Engineering,Dana Whitfield,1,1,False,0
linkedin.com/in/rosalind-ingleby-mkhize-8863,profile_url,rosalind ingleby mkhize,Rosalind Ingleby-Mkhize,linkedin.com/in/rosalind-ingleby-mkhize-8863,Elmsworth Tutors,Head of Platform Engineering,Owen Trask,1,1,False,0
linkedin.com/in/rosalind-isenberg-2330,profile_url,rosalind isenberg,Rosalind Isenberg,linkedin.com/in/rosalind-isenberg-2330,Underwood & Vale,Product Director,Tomás Beckett,1,1,False,0
linkedin.com/in/rosalind-isenberg-dellinger-9701,profile_url,rosalind isenberg dellinger,Rosalind Isenberg-Dellinger,linkedin.com/in/rosalind-isenberg-dellinger-9701,Ambrose Trading,Director of IT,Elena Duvall,1,1,False,0
linkedin.com/in/rosalind-jarrold-3928,profile_url,rosalind jarrold,Rosalind Jarrold,linkedin.com/in/rosalind-jarrold-3928,Zenner Foods,Chief Data Officer,Tomás Beckett,1,1,False,0
linkedin.com/in/rosalind-kettleborough-2838,profile_url,rosalind kettleborough,Rosalind Kettleborough,linkedin.com/in/rosalind-kettleborough-2838,Elmsworth Tutors,Program Manager,Dana Whitfield,1,1,False,0
linkedin.com/in/rosalind-kettleborough-dobrescu-9661,profile_url,rosalind kettleborough dobrescu,Rosalind Kettleborough-Dobrescu,linkedin.com/in/rosalind-kettleborough-dobrescu-9661,Yardley Print,Director of IT,Owen Trask,1,1,False,0
linkedin.com/in/rosalind-kettleborough-thackeray-3492,profile_url,rosalind kettleborough thackeray,Rosalind Kettleborough-Thackeray,linkedin.com/in/rosalind-kettleborough-thackeray-3492,Tannerly Design,Product Director,Tomás Beckett,1,1,False,0
linkedin.com/in/rosalind-kirkbride-1936,profile_url,rosalind kirkbride,Rosalind Kirkbride,linkedin.com/in/rosalind-kirkbride-1936,Pale Harbour Studio,Director of Software Engineering,Tomás Beckett,1,1,False,0
linkedin.com/in/rosalind-kirkbride-drummond-1855,profile_url,rosalind kirkbride drummond,Rosalind Kirkbride-Drummond,linkedin.com/in/rosalind-kirkbride-drummond-1855,Dunmowe Travel,VP Engineering,Owen Trask,1,1,False,0
linkedin.com/in/rosalind-lindqvist-8580,profile_url,rosalind lindqvist,Rosalind Lindqvist,linkedin.com/in/rosalind-lindqvist-8580,Garrowby Books,Chief Data Officer,Tomás Beckett,1,1,False,0
linkedin.com/in/rosalind-lomsadze-4662,profile_url,rosalind lomsadze,Rosalind Lomsadze,linkedin.com/in/rosalind-lomsadze-4662,Garrowby Books,Director of IT,Marcus Aldridge,1,1,False,0
linkedin.com/in/rosalind-marchetti-5415,profile_url,rosalind marchetti,Rosalind Marchetti,linkedin.com/in/rosalind-marchetti-5415,Underwood & Vale,Program Manager,Tomás Beckett,1,1,False,0
linkedin.com/in/rosalind-merriweather-3622,profile_url,rosalind merriweather,Rosalind Merriweather,linkedin.com/in/rosalind-merriweather-3622,Zenner Foods,VP Enterprise Architecture,Dana Whitfield,1,1,False,0
linkedin.com/in/rosalind-merriweather-drummond-7829,profile_url,rosalind merriweather drummond,Rosalind Merriweather-Drummond,linkedin.com/in/rosalind-merriweather-drummond-7829,Pale Harbour Studio,Program Manager,Owen Trask,1,1,False,0
linkedin.com/in/rosalind-mkhize-3884,profile_url,rosalind mkhize,Rosalind Mkhize,linkedin.com/in/rosalind-mkhize-3884,Corbridge Realty,Program Manager,Marcus Aldridge,1,1,False,0
linkedin.com/in/rosalind-nakashima-5953,profile_url,rosalind nakashima,Rosalind Nakashima,linkedin.com/in/rosalind-nakashima-5953,Fairbourne Fitness,Head of Platform Engineering,Tomás Beckett,1,1,False,0
linkedin.com/in/rosalind-norrington-9112,profile_url,rosalind norrington,Rosalind Norrington,linkedin.com/in/rosalind-norrington-9112,Pale Harbour Studio,Program Manager,Marcus Aldridge,1,1,False,0
linkedin.com/in/rosalind-norrington-dobrescu-8168,profile_url,rosalind norrington dobrescu,Rosalind Norrington-Dobrescu,linkedin.com/in/rosalind-norrington-dobrescu-8168,Corbridge Realty,Program Manager,Elena Duvall,1,1,False,0
linkedin.com/in/rosalind-okonkwo-4049,profile_url,rosalind okonkwo,Rosalind Okonkwo,linkedin.com/in/rosalind-okonkwo-4049,Fairbourne Fitness,Program Manager,Priya Raghunathan,1,1,False,0
linkedin.com/in/rosalind-oldfield-4023,profile_url,rosalind oldfield,Rosalind Oldfield,linkedin.com/in/rosalind-oldfield-4023,Fairbourne Fitness,Head of Innovation,Dana Whitfield,1,1,False,0
name:rosalind oyelaran,name_only,rosalind oyelaran,Rosalind Oyelaran,,Ambrose Trading,Program Manager,Marcus Aldridge,1,1,False,1
linkedin.com/in/rosalind-petrossian-6401,profile_url,rosalind petrossian,Rosalind Petrossian,linkedin.com/in/rosalind-petrossian-6401,Rooksby Legal,SVP Digital,Dana Whitfield,1,1,False,0
linkedin.com/in/rosalind-prendergast-5771,profile_url,rosalind prendergast,Rosalind Prendergast,linkedin.com/in/rosalind-prendergast-5771,Tannerly Design,"Senior Manager, Engineering",Dana Whitfield,1,1,False,0
linkedin.com/in/rosalind-prendergast-lindqvist-6515,profile_url,rosalind prendergast lindqvist,Rosalind Prendergast-Lindqvist,linkedin.com/in/rosalind-prendergast-lindqvist-6515,Dunmowe Travel,Director of IT,Tomás Beckett,1,1,False,0
linkedin.com/in/rosalind-quillane-9209,profile_url,rosalind quillane,Rosalind Quillane,linkedin.com/in/rosalind-quillane-9209,Underwood & Vale,Product Director,Marcus Aldridge,1,1,False,0
linkedin.com/in/rosalind-rushworth-7912,profile_url,rosalind rushworth,Rosalind Rushworth,linkedin.com/in/rosalind-rushworth-7912,Elmsworth Tutors,Engineering Manager,Priya Raghunathan,1,1,False,0
linkedin.com/in/rosalind-rushworth-hojgaard-9690,profile_url,rosalind rushworth hojgaard,Rosalind Rushworth-Højgaard,linkedin.com/in/rosalind-rushworth-hojgaard-9690,Zenner Foods,Head of Automation,Elena Duvall,1,1,False,0
linkedin.com/in/rosalind-salcedo-7546,profile_url,rosalind salcedo,Rosalind Salcedo,linkedin.com/in/rosalind-salcedo-7546,Ambrose Trading,Head of Innovation,Marcus Aldridge,1,1,False,0
linkedin.com/in/rosalind-sandoval-4176,profile_url,rosalind sandoval,Rosalind Sandoval,linkedin.com/in/rosalind-sandoval-4176,Pale Harbour Studio,Head of Automation,Dana Whitfield,1,1,False,0
linkedin.com/in/rosalind-thackeray-9469,profile_url,rosalind thackeray,Rosalind Thackeray,linkedin.com/in/rosalind-thackeray-9469,Fairbourne Fitness,"Senior Manager, Engineering",Dana Whitfield,1,1,False,0
linkedin.com/in/rosalind-underhill-8752,profile_url,rosalind underhill,Rosalind Underhill,linkedin.com/in/rosalind-underhill-8752,Xanthe Labs,Staff Engineer,Marcus Aldridge,1,1,False,0
name:rosalind vandermolen,name_only,rosalind vandermolen,Rosalind Vandermolen,,Tannerly Design,Engineering Manager,Dana Whitfield,1,1,False,1
linkedin.com/in/rosalind-vandermolen-wolstenholme-6419,profile_url,rosalind vandermolen wolstenholme,Rosalind Vandermolen-Wolstenholme,linkedin.com/in/rosalind-vandermolen-wolstenholme-6419,Vespermill Analytics,Staff Engineer,Owen Trask,1,1,False,0
linkedin.com/in/rosalind-vasquez-2472,profile_url,rosalind vasquez,Rosalind Vasquez,linkedin.com/in/rosalind-vasquez-2472,Bellchamber Media,Head of Automation,Marcus Aldridge,1,1,False,0
linkedin.com/in/rosalind-wexford-8144,profile_url,rosalind wexford,Rosalind Wexford,linkedin.com/in/rosalind-wexford-8144,Yardley Print,Principal Architect,Dana Whitfield,1,1,False,0
linkedin.com/in/rosalind-wolstenholme-6072,profile_url,rosalind wolstenholme,Rosalind Wolstenholme,linkedin.com/in/rosalind-wolstenholme-6072,Inglenook Bakery,Director of Software Engineering,Marcus Aldridge,1,1,False,0
linkedin.com/in/rosalind-yarrow-2970,profile_url,rosalind yarrow,Rosalind Yarrow,linkedin.com/in/rosalind-yarrow-2970,Elmsworth Tutors,Chief Data Officer,Priya Raghunathan,1,1,False,0
linkedin.com/in/rosalind-yarrow-drummond-6558,profile_url,rosalind yarrow drummond,Rosalind Yarrow-Drummond,linkedin.com/in/rosalind-yarrow-drummond-6558,Ondermark Consulting,Platform Lead,Owen Trask,1,1,False,0
linkedin.com/in/rosalind-zettergren-2615,profile_url,rosalind zettergren,Rosalind Zettergren,linkedin.com/in/rosalind-zettergren-2615,Ondermark Consulting,Staff Engineer,Priya Raghunathan,1,1,False,0
linkedin.com/in/rosalind-zettergren-gluckstein-2623,profile_url,rosalind zettergren gluckstein,Rosalind Zettergren-Glückstein,linkedin.com/in/rosalind-zettergren-gluckstein-2623,Dunmowe Travel,Staff Engineer,Tomás Beckett,1,1,False,0
linkedin.com/in/rosalind-zubkov-5381,profile_url,rosalind zubkov,Rosalind Zubkov,linkedin.com/in/rosalind-zubkov-5381,Dunmowe Travel,Head of Innovation,Marcus Aldridge,1,1,False,0
linkedin.com/in/sabine-achterberg-8338,profile_url,sabine achterberg,Sabine Achterberg,linkedin.com/in/sabine-achterberg-8338,Vespermill Analytics,Product Director,Tomás Beckett,1,1,False,0
linkedin.com/in/sabine-ashdown-5186,profile_url,sabine ashdown,Sabine Ashdown,linkedin.com/in/sabine-ashdown-5186,Inglenook Bakery,SVP Digital,Priya Raghunathan,1,1,False,0
linkedin.com/in/sabine-balogun-1902,profile_url,sabine balogun,Sabine Balogun,linkedin.com/in/sabine-balogun-1902,Pale Harbour Studio,Head of Innovation,Priya Raghunathan,1,1,False,0
name:sabine balogun achterberg,name_only,sabine balogun achterberg,Sabine Balogun-Achterberg,,Rooksby Legal,Engineering Manager,Owen Trask,1,1,False,1
linkedin.com/in/sabine-bellinger-1717,profile_url,sabine bellinger,Sabine Bellinger,linkedin.com/in/sabine-bellinger-1717,Vespermill Analytics,Director of IT,Priya Raghunathan,1,1,False,0
linkedin.com/in/sabine-brenneman-7429,profile_url,sabine brenneman,Sabine Brenneman,linkedin.com/in/sabine-brenneman-7429,Tannerly Design,"Senior Manager, Engineering",Dana Whitfield,1,1,False,0
linkedin.com/in/sabine-cardoso-3753,profile_url,sabine cardoso,Sabine Cardoso,linkedin.com/in/sabine-cardoso-3753,Highmoor Cycles,Director of Software Engineering,Marcus Aldridge,1,1,False,0
linkedin.com/in/sabine-cardoso-balogun-5838,profile_url,sabine cardoso balogun,Sabine Cardoso-Balogun,linkedin.com/in/sabine-cardoso-balogun-5838,Tannerly Design,Program Manager,Owen Trask,1,1,False,0
linkedin.com/in/sabine-cathcart-9773,profile_url,sabine cathcart,Sabine Cathcart,linkedin.com/in/sabine-cathcart-9773,Tannerly Design,Head of Automation,Tomás Beckett,1,1,False,0
linkedin.com/in/sabine-crowther-3774,profile_url,sabine crowther,Sabine Crowther,linkedin.com/in/sabine-crowther-3774,Zenner Foods,Director of Software Engineering,Marcus Aldridge,1,1,False,0
linkedin.com/in/sabine-dellinger-9205,profile_url,sabine dellinger,Sabine Dellinger,linkedin.com/in/sabine-dellinger-9205,Vantage Ridge Utilities,Chief Data Officer,Marcus Aldridge; Tomás Beckett,2,1,False,0
linkedin.com/in/sabine-dobrescu-7302,profile_url,sabine dobrescu,Sabine Dobrescu,linkedin.com/in/sabine-dobrescu-7302,Quintrell Advisory,Principal Architect,Marcus Aldridge,1,1,False,0
linkedin.com/in/sabine-drummond-7548,profile_url,sabine drummond,Sabine Drummond,linkedin.com/in/sabine-drummond-7548,Zenner Foods,VP Enterprise Architecture,Dana Whitfield,1,1,False,0
linkedin.com/in/sabine-eastcott-4732,profile_url,sabine eastcott,Sabine Eastcott,linkedin.com/in/sabine-eastcott-4732,Vespermill Analytics,Chief Data Officer,Dana Whitfield,1,1,False,0
linkedin.com/in/sabine-egerton-5160,profile_url,sabine egerton,Sabine Egerton,linkedin.com/in/sabine-egerton-5160,Xanthe Labs,Platform Lead,Priya Raghunathan,1,1,False,0
linkedin.com/in/sabine-fairweather-8880,profile_url,sabine fairweather,Sabine Fairweather,linkedin.com/in/sabine-fairweather-8880,Quintrell Advisory,Chief Technology Officer,Marcus Aldridge,1,1,False,0
linkedin.com/in/sabine-falkenrath-6086,profile_url,sabine falkenrath,Sabine Falkenrath,linkedin.com/in/sabine-falkenrath-6086,Pale Harbour Studio,Chief Information Officer,Tomás Beckett,1,1,False,0
linkedin.com/in/sabine-ferreira-3324,profile_url,sabine ferreira,Sabine Ferreira,linkedin.com/in/sabine-ferreira-3324,Zenner Foods,Platform Lead,Dana Whitfield,1,1,False,0
linkedin.com/in/sabine-fontaine-4586,profile_url,sabine fontaine,Sabine Fontaine,linkedin.com/in/sabine-fontaine-4586,Yardley Print,Head of Innovation,Marcus Aldridge,1,1,False,0
linkedin.com/in/sabine-gluckstein-4242,profile_url,sabine gluckstein,Sabine Glückstein,linkedin.com/in/sabine-gluckstein-4242,Bellchamber Media,Platform Lead,Tomás Beckett,1,1,False,0
linkedin.com/in/sabine-grimsby-6922,profile_url,sabine grimsby,Sabine Grimsby,linkedin.com/in/sabine-grimsby-6922,Ambrose Trading,Product Director,Marcus Aldridge,1,1,False,0
linkedin.com/in/sabine-halloran-5162,profile_url,sabine halloran,Sabine Halloran,linkedin.com/in/sabine-halloran-5162,Whitlock Staffing,Engineering Manager,Priya Raghunathan,1,1,False,0
linkedin.com/in/sabine-hartigan-3848,profile_url,sabine hartigan,Sabine Hartigan,linkedin.com/in/sabine-hartigan-3848,Zenner Foods,SVP Digital,Priya Raghunathan,1,1,False,0
linkedin.com/in/sabine-havercamp-6037,profile_url,sabine havercamp,Sabine Havercamp,linkedin.com/in/sabine-havercamp-6037,Elmsworth Tutors,Principal Architect,Dana Whitfield,1,1,False,0
linkedin.com/in/sabine-hojgaard-3893,profile_url,sabine hojgaard,Sabine Højgaard,linkedin.com/in/sabine-hojgaard-3893,Quintrell Advisory,Chief Data Officer,Dana Whitfield,1,1,False,0
linkedin.com/in/sabine-ibarra-8109,profile_url,sabine ibarra,Sabine Ibarra,linkedin.com/in/sabine-ibarra-8109,Underwood & Vale,Principal Architect,Tomás Beckett,1,1,False,0
linkedin.com/in/sabine-ingleby-2134,profile_url,sabine ingleby,Sabine Ingleby,linkedin.com/in/sabine-ingleby-2134,Highmoor Cycles,Product Director,Marcus Aldridge,1,1,False,0
linkedin.com/in/sabine-isenberg-4598,profile_url,sabine isenberg,Sabine Isenberg,linkedin.com/in/sabine-isenberg-4598,Xanthe Labs,"Senior Manager, Engineering",Marcus Aldridge,1,1,False,0
linkedin.com/in/sabine-isenberg-balogun-1837,profile_url,sabine isenberg balogun,Sabine Isenberg-Balogun,linkedin.com/in/sabine-isenberg-balogun-1837,Ambrose Trading,Product Director,Tomás Beckett,1,1,False,0
linkedin.com/in/sabine-jarrold-8463,profile_url,sabine jarrold,Sabine Jarrold,linkedin.com/in/sabine-jarrold-8463,Ondermark Consulting,Program Manager,Tomás Beckett,1,1,False,0
linkedin.com/in/sabine-jarrold-salcedo-9025,profile_url,sabine jarrold salcedo,Sabine Jarrold-Salcedo,linkedin.com/in/sabine-jarrold-salcedo-9025,Bellchamber Media,Director of IT,Owen Trask,1,1,False,0
linkedin.com/in/sabine-kettleborough-6246,profile_url,sabine kettleborough,Sabine Kettleborough,linkedin.com/in/sabine-kettleborough-6246,Vespermill Analytics,Chief Operating Officer,Dana Whitfield,1,1,False,0
linkedin.com/in/sabine-kirkbride-2447,profile_url,sabine kirkbride,Sabine Kirkbride,linkedin.com/in/sabine-kirkbride-2447,Corbridge Realty,Principal Architect,Dana Whitfield,1,1,False,0
name:sabine lindqvist,name_only,sabine lindqvist,Sabine Lindqvist,,Bellchamber Media,Head of Developer Productivity,Tomás Beckett,1,1,False,1
linkedin.com/in/sabine-lomsadze-1143,profile_url,sabine lomsadze,Sabine Lomsadze,linkedin.com/in/sabine-lomsadze-1143,Garrowby Books,Product Director,Priya Raghunathan,1,1,False,0
linkedin.com/in/sabine-marchetti-9950,profile_url,sabine marchetti,Sabine Marchetti,linkedin.com/in/sabine-marchetti-9950,Pale Harbour Studio,Program Manager,Dana Whitfield,1,1,False,0
linkedin.com/in/sabine-marchetti-cathcart-9058,profile_url,sabine marchetti cathcart,Sabine Marchetti-Cathcart,linkedin.com/in/sabine-marchetti-cathcart-9058,Highmoor Cycles,Program Manager,Tomás Beckett,1,1,False,0
name:sabine marchetti ingleby,name_only,sabine marchetti ingleby,Sabine Marchetti-Ingleby,,Rooksby Legal,Engineering Manager,Elena Duvall,1,1,False,1
linkedin.com/in/sabine-merriweather-6513,profile_url,sabine merriweather,Sabine Merriweather,linkedin.com/in/sabine-merriweather-6513,Fairbourne Fitness,Chief Data Officer,Tomás Beckett,1,1,False,0
linkedin.com/in/sabine-mkhize-9585,profile_url,sabine mkhize,Sabine Mkhize,linkedin.com/in/sabine-mkhize-9585,Elmsworth Tutors,Staff Engineer,Priya Raghunathan,1,1,False,0
linkedin.com/in/sabine-nakashima-7858,profile_url,sabine nakashima,Sabine Nakashima,linkedin.com/in/sabine-nakashima-7858,Bexley Bioworks,Chief Data Officer,Dana Whitfield; Marcus Aldridge,2,1,False,0
linkedin.com/in/sabine-norrington-1926,profile_url,sabine norrington,Sabine Norrington,linkedin.com/in/sabine-norrington-1926,Highmoor Cycles,Staff Engineer,Marcus Aldridge,1,1,False,0
linkedin.com/in/sabine-norrington-cathcart-7551,profile_url,sabine norrington cathcart,Sabine Norrington-Cathcart,linkedin.com/in/sabine-norrington-cathcart-7551,Inglenook Bakery,Engineering Manager,Elena Duvall,1,1,False,0
linkedin.com/in/sabine-okonkwo-5816,profile_url,sabine okonkwo,Sabine Okonkwo,linkedin.com/in/sabine-okonkwo-5816,Bellchamber Media,Staff Engineer,Dana Whitfield,1,1,False,0
linkedin.com/in/sabine-oldfield-6987,profile_url,sabine oldfield,Sabine Oldfield,linkedin.com/in/sabine-oldfield-6987,Garrowby Books,Engineering Manager,Marcus Aldridge,1,1,False,0
linkedin.com/in/sabine-oyelaran-6262,profile_url,sabine oyelaran,Sabine Oyelaran,linkedin.com/in/sabine-oyelaran-6262,Vespermill Analytics,Chief Data Officer,Marcus Aldridge,1,1,False,0
linkedin.com/in/sabine-petrossian-9526,profile_url,sabine petrossian,Sabine Petrossian,linkedin.com/in/sabine-petrossian-9526,Bellchamber Media,VP Enterprise Architecture,Dana Whitfield,1,1,False,0
linkedin.com/in/sabine-prendergast-5970,profile_url,sabine prendergast,Sabine Prendergast,linkedin.com/in/sabine-prendergast-5970,Garrowby Books,Platform Lead,Dana Whitfield,1,1,False,0
linkedin.com/in/sabine-prendergast-petrossian-7319,profile_url,sabine prendergast petrossian,Sabine Prendergast-Petrossian,linkedin.com/in/sabine-prendergast-petrossian-7319,Xanthe Labs,Head of Innovation,Elena Duvall,1,1,False,0
linkedin.com/in/sabine-quillane-9540,profile_url,sabine quillane,Sabine Quillane,linkedin.com/in/sabine-quillane-9540,Tannerly Design,"Senior Manager, Engineering",Tomás Beckett,1,1,False,0
linkedin.com/in/sabine-rushworth-8799,profile_url,sabine rushworth,Sabine Rushworth,linkedin.com/in/sabine-rushworth-8799,Rooksby Legal,Product Director,Priya Raghunathan,1,1,False,0
linkedin.com/in/sabine-salcedo-6895,profile_url,sabine salcedo,Sabine Salcedo,linkedin.com/in/sabine-salcedo-6895,Elmsworth Tutors,VP Enterprise Architecture,Marcus Aldridge,1,1,False,0
linkedin.com/in/sabine-sandoval-5550,profile_url,sabine sandoval,Sabine Sandoval,linkedin.com/in/sabine-sandoval-5550,Xanthe Labs,Chief Data Officer,Dana Whitfield,1,1,False,0
linkedin.com/in/sabine-thackeray-1462,profile_url,sabine thackeray,Sabine Thackeray,linkedin.com/in/sabine-thackeray-1462,Ondermark Consulting,Chief Data Officer,Marcus Aldridge,1,1,False,0
linkedin.com/in/sabine-underhill-5957,profile_url,sabine underhill,Sabine Underhill,linkedin.com/in/sabine-underhill-5957,Calderon Aerospace,VP Enterprise Architecture,Elena Duvall; Owen Trask,2,1,False,0
linkedin.com/in/sabine-vandermolen-2075,profile_url,sabine vandermolen,Sabine Vandermolen,linkedin.com/in/sabine-vandermolen-2075,Yardley Print,Director of IT,Marcus Aldridge,1,1,False,0
linkedin.com/in/sabine-vandermolen-ibarra-5770,profile_url,sabine vandermolen ibarra,Sabine Vandermolen-Ibarra,linkedin.com/in/sabine-vandermolen-ibarra-5770,Rooksby Legal,Director of Software Engineering,Tomás Beckett,1,1,False,0
linkedin.com/in/sabine-vandermolen-lindqvist-7038,profile_url,sabine vandermolen lindqvist,Sabine Vandermolen-Lindqvist,linkedin.com/in/sabine-vandermolen-lindqvist-7038,Inglenook Bakery,Engineering Manager,Tomás Beckett,1,1,False,0
linkedin.com/in/sabine-vasquez-5701,profile_url,sabine vasquez,Sabine Vasquez,linkedin.com/in/sabine-vasquez-5701,Elmsworth Tutors,Program Manager,Marcus Aldridge,1,1,False,0
linkedin.com/in/sabine-wexford-7431,profile_url,sabine wexford,Sabine Wexford,linkedin.com/in/sabine-wexford-7431,Bellchamber Media,Chief Digital Officer,Dana Whitfield,1,1,False,0
linkedin.com/in/sabine-wexford-zettergren-2453,profile_url,sabine wexford zettergren,Sabine Wexford-Zettergren,linkedin.com/in/sabine-wexford-zettergren-2453,Tannerly Design,Chief Data Officer,Elena Duvall,1,1,False,0
linkedin.com/in/sabine-wolstenholme-8305,profile_url,sabine wolstenholme,Sabine Wolstenholme,linkedin.com/in/sabine-wolstenholme-8305,Bellchamber Media,"Senior Manager, Engineering",Dana Whitfield,1,1,False,0
linkedin.com/in/sabine-wolstenholme-kettleborough-4953,profile_url,sabine wolstenholme kettleborough,Sabine Wolstenholme-Kettleborough,linkedin.com/in/sabine-wolstenholme-kettleborough-4953,Rooksby Legal,Platform Lead,Owen Trask,1,1,False,0
linkedin.com/in/sabine-yarrow-5215,profile_url,sabine yarrow,Sabine Yarrow,linkedin.com/in/sabine-yarrow-5215,Ondermark Consulting,Staff Engineer,Tomás Beckett,1,1,False,0
linkedin.com/in/sabine-zettergren-3727,profile_url,sabine zettergren,Sabine Zettergren,linkedin.com/in/sabine-zettergren-3727,Inglenook Bakery,Chief Digital Officer,Priya Raghunathan,1,1,False,0
linkedin.com/in/sabine-zettergren-crowther-3688,profile_url,sabine zettergren crowther,Sabine Zettergren-Crowther,linkedin.com/in/sabine-zettergren-crowther-3688,Ondermark Consulting,Head of Innovation,Tomás Beckett,1,1,False,0
linkedin.com/in/sabine-zubkov-2779,profile_url,sabine zubkov,Sabine Zubkov,linkedin.com/in/sabine-zubkov-2779,Highmoor Cycles,"Senior Manager, Engineering",Tomás Beckett,1,1,False,0
linkedin.com/in/saoirse-achterberg-6977,profile_url,saoirse achterberg,Saoirse Achterberg,linkedin.com/in/saoirse-achterberg-6977,Quintrell Advisory,Head of Platform Engineering,Dana Whitfield,1,1,False,0
linkedin.com/in/saoirse-ashdown-2751,profile_url,saoirse ashdown,Saoirse Ashdown,linkedin.com/in/saoirse-ashdown-2751,Zenner Foods,Head of Platform Engineering,Dana Whitfield,1,1,False,0
linkedin.com/in/saoirse-balogun-4571,profile_url,saoirse balogun,Saoirse Balogun,linkedin.com/in/saoirse-balogun-4571,Vespermill Analytics,Director of IT,Marcus Aldridge,1,1,False,0
linkedin.com/in/saoirse-bellinger-7791,profile_url,saoirse bellinger,Saoirse Bellinger,linkedin.com/in/saoirse-bellinger-7791,Bellchamber Media,Program Manager,Priya Raghunathan,1,1,False,0
linkedin.com/in/saoirse-brenneman-8392,profile_url,saoirse brenneman,Saoirse Brenneman,linkedin.com/in/saoirse-brenneman-8392,Ambrose Trading,Head of Innovation,Dana Whitfield,1,1,False,0
linkedin.com/in/saoirse-cardoso-1467,profile_url,saoirse cardoso,Saoirse Cardoso,linkedin.com/in/saoirse-cardoso-1467,Zenner Foods,Program Manager,Dana Whitfield,1,1,False,0
linkedin.com/in/saoirse-cathcart-9312,profile_url,saoirse cathcart,Saoirse Cathcart,linkedin.com/in/saoirse-cathcart-9312,Tannerly Design,Head of Automation,Priya Raghunathan,1,1,False,0
linkedin.com/in/saoirse-crowther-1183,profile_url,saoirse crowther,Saoirse Crowther,linkedin.com/in/saoirse-crowther-1183,Highmoor Cycles,Chief Data Officer,Dana Whitfield,1,1,False,0
linkedin.com/in/saoirse-dellinger-1846,profile_url,saoirse dellinger,Saoirse Dellinger,linkedin.com/in/saoirse-dellinger-1846,Xanthe Labs,Head of Platform Engineering,Marcus Aldridge,1,1,False,0
linkedin.com/in/saoirse-dobrescu-3738,profile_url,saoirse dobrescu,Saoirse Dobrescu,linkedin.com/in/saoirse-dobrescu-3738,Vespermill Analytics,Head of Developer Productivity,Marcus Aldridge,1,1,False,0
linkedin.com/in/saoirse-drummond-5610,profile_url,saoirse drummond,Saoirse Drummond,linkedin.com/in/saoirse-drummond-5610,Elmsworth Tutors,Staff Engineer,Marcus Aldridge,1,1,False,0
linkedin.com/in/saoirse-eastcott-3114,profile_url,saoirse eastcott,Saoirse Eastcott,linkedin.com/in/saoirse-eastcott-3114,Underwood & Vale,Principal Architect,Marcus Aldridge,1,1,False,0
linkedin.com/in/saoirse-eastcott-lomsadze-7519,profile_url,saoirse eastcott lomsadze,Saoirse Eastcott-Lomsadze,linkedin.com/in/saoirse-eastcott-lomsadze-7519,Ambrose Trading,Program Manager,Elena Duvall,1,1,False,0
linkedin.com/in/saoirse-egerton-3488,profile_url,saoirse egerton,Saoirse Egerton,linkedin.com/in/saoirse-egerton-3488,Elmsworth Tutors,Director of Software Engineering,Marcus Aldridge,1,1,False,0
linkedin.com/in/saoirse-fairweather-4527,profile_url,saoirse fairweather,Saoirse Fairweather,linkedin.com/in/saoirse-fairweather-4527,Inglenook Bakery,"Senior Manager, Engineering",Priya Raghunathan,1,1,False,0
linkedin.com/in/saoirse-fairweather-brenneman-7008,profile_url,saoirse fairweather brenneman,Saoirse Fairweather-Brenneman,linkedin.com/in/saoirse-fairweather-brenneman-7008,Zenner Foods,Head of Automation,Elena Duvall,1,1,False,0
linkedin.com/in/saoirse-falkenrath-9115,profile_url,saoirse falkenrath,Saoirse Falkenrath,linkedin.com/in/saoirse-falkenrath-9115,Vespermill Analytics,Head of Innovation,Priya Raghunathan,1,1,False,0
linkedin.com/in/saoirse-falkenrath-dellinger-8638,profile_url,saoirse falkenrath dellinger,Saoirse Falkenrath-Dellinger,linkedin.com/in/saoirse-falkenrath-dellinger-8638,Vespermill Analytics,Chief Information Officer,Elena Duvall,1,1,False,0
linkedin.com/in/saoirse-falkenrath-salcedo-9137,profile_url,saoirse falkenrath salcedo,Saoirse Falkenrath-Salcedo,linkedin.com/in/saoirse-falkenrath-salcedo-9137,Ambrose Trading,Staff Engineer,Tomás Beckett,1,1,False,0
linkedin.com/in/saoirse-ferreira-4362,profile_url,saoirse ferreira,Saoirse Ferreira,linkedin.com/in/saoirse-ferreira-4362,Highmoor Cycles,Head of Automation,Marcus Aldridge,1,1,False,0
linkedin.com/in/saoirse-fontaine-6804,profile_url,saoirse fontaine,Saoirse Fontaine,linkedin.com/in/saoirse-fontaine-6804,Pale Harbour Studio,Director of Software Engineering,Marcus Aldridge,1,1,False,0
linkedin.com/in/saoirse-gluckstein-1006,profile_url,saoirse gluckstein,Saoirse Glückstein,linkedin.com/in/saoirse-gluckstein-1006,Corbridge Realty,Staff Engineer,Marcus Aldridge,1,1,False,0
linkedin.com/in/saoirse-grimsby-9469,profile_url,saoirse grimsby,Saoirse Grimsby,linkedin.com/in/saoirse-grimsby-9469,Ondermark Consulting,Staff Engineer,Tomás Beckett,1,1,False,0
linkedin.com/in/saoirse-halloran-8045,profile_url,saoirse halloran,Saoirse Halloran,linkedin.com/in/saoirse-halloran-8045,Garrowby Books,Head of Innovation,Marcus Aldridge,1,1,False,0
linkedin.com/in/saoirse-halloran-okonkwo-9248,profile_url,saoirse halloran okonkwo,Saoirse Halloran-Okonkwo,linkedin.com/in/saoirse-halloran-okonkwo-9248,Bellchamber Media,SVP Digital,Tomás Beckett,1,1,False,0
name:saoirse hartigan,name_only,saoirse hartigan,Saoirse Hartigan,,Fairbourne Fitness,Platform Lead,Marcus Aldridge,1,1,False,1
linkedin.com/in/saoirse-havercamp-4362,profile_url,saoirse havercamp,Saoirse Havercamp,linkedin.com/in/saoirse-havercamp-4362,Inglenook Bakery,Staff Engineer,Dana Whitfield,1,1,False,0
linkedin.com/in/saoirse-havercamp-merriweather-7538,profile_url,saoirse havercamp merriweather,Saoirse Havercamp-Merriweather,linkedin.com/in/saoirse-havercamp-merriweather-7538,Rooksby Legal,VP Enterprise Architecture,Tomás Beckett,1,1,False,0
linkedin.com/in/saoirse-hojgaard-2024,profile_url,saoirse hojgaard,Saoirse Højgaard,linkedin.com/in/saoirse-hojgaard-2024,Elmsworth Tutors,"Senior Manager, Engineering",Dana Whitfield,1,1,False,0
linkedin.com/in/saoirse-ibarra-5813,profile_url,saoirse ibarra,Saoirse Ibarra,linkedin.com/in/saoirse-ibarra-5813,Xanthe Labs,Engineering Manager,Marcus Aldridge,1,1,False,0
linkedin.com/in/saoirse-ingleby-4235,profile_url,saoirse ingleby,Saoirse Ingleby,linkedin.com/in/saoirse-ingleby-4235,Fairbourne Fitness,Chief Information Officer,Tomás Beckett,1,1,False,0
linkedin.com/in/saoirse-isenberg-1642,profile_url,saoirse isenberg,Saoirse Isenberg,linkedin.com/in/saoirse-isenberg-1642,Whitlock Staffing,Head of Automation,Priya Raghunathan,1,1,False,0
linkedin.com/in/saoirse-jarrold-2526,profile_url,saoirse jarrold,Saoirse Jarrold,linkedin.com/in/saoirse-jarrold-2526,Pale Harbour Studio,"Senior Manager, Engineering",Tomás Beckett,1,1,False,0
linkedin.com/in/saoirse-kettleborough-7877,profile_url,saoirse kettleborough,Saoirse Kettleborough,linkedin.com/in/saoirse-kettleborough-7877,Rooksby Legal,Head of Innovation,Dana Whitfield,1,1,False,0
linkedin.com/in/saoirse-kirkbride-3887,profile_url,saoirse kirkbride,Saoirse Kirkbride,linkedin.com/in/saoirse-kirkbride-3887,Bellchamber Media,Head of Automation,Marcus Aldridge,1,1,False,0
linkedin.com/in/saoirse-lindqvist-4609,profile_url,saoirse lindqvist,Saoirse Lindqvist,linkedin.com/in/saoirse-lindqvist-4609,Tannerly Design,Engineering Manager,Marcus Aldridge,1,1,False,0
linkedin.com/in/saoirse-lomsadze-7361,profile_url,saoirse lomsadze,Saoirse Lomsadze,linkedin.com/in/saoirse-lomsadze-7361,Bellchamber Media,Platform Lead,Marcus Aldridge,1,1,False,0
linkedin.com/in/saoirse-marchetti-8706,profile_url,saoirse marchetti,Saoirse Marchetti,linkedin.com/in/saoirse-marchetti-8706,Pale Harbour Studio,Chief Technology Officer,Dana Whitfield,1,1,False,0
linkedin.com/in/saoirse-merriweather-5259,profile_url,saoirse merriweather,Saoirse Merriweather,linkedin.com/in/saoirse-merriweather-5259,Rooksby Legal,Head of Automation,Dana Whitfield,1,1,False,0
linkedin.com/in/saoirse-merriweather-prendergast-8566,profile_url,saoirse merriweather prendergast,Saoirse Merriweather-Prendergast,linkedin.com/in/saoirse-merriweather-prendergast-8566,Zenner Foods,Chief Data Officer,Owen Trask,1,1,False,0
linkedin.com/in/saoirse-mkhize-1232,profile_url,saoirse mkhize,Saoirse Mkhize,linkedin.com/in/saoirse-mkhize-1232,Ondermark Consulting,Program Manager,Priya Raghunathan,1,1,False,0
linkedin.com/in/saoirse-nakashima-8995,profile_url,saoirse nakashima,Saoirse Nakashima,linkedin.com/in/saoirse-nakashima-8995,Elmsworth Tutors,Chief Data Officer,Dana Whitfield,1,1,False,0
linkedin.com/in/saoirse-norrington-6889,profile_url,saoirse norrington,Saoirse Norrington,linkedin.com/in/saoirse-norrington-6889,Whitlock Staffing,Product Director,Marcus Aldridge,1,1,False,0
linkedin.com/in/saoirse-norrington-bellinger-9831,profile_url,saoirse norrington bellinger,Saoirse Norrington-Bellinger,linkedin.com/in/saoirse-norrington-bellinger-9831,Ambrose Trading,Director of IT,Owen Trask,1,1,False,0
linkedin.com/in/saoirse-okonkwo-9325,profile_url,saoirse okonkwo,Saoirse Okonkwo,linkedin.com/in/saoirse-okonkwo-9325,Whitlock Staffing,"Senior Manager, Engineering",Marcus Aldridge,1,1,False,0
linkedin.com/in/saoirse-oldfield-7709,profile_url,saoirse oldfield,Saoirse Oldfield,linkedin.com/in/saoirse-oldfield-7709,Xanthe Labs,Head of Developer Productivity,Dana Whitfield,1,1,False,0
linkedin.com/in/saoirse-oldfield-merriweather-7458,profile_url,saoirse oldfield merriweather,Saoirse Oldfield-Merriweather,linkedin.com/in/saoirse-oldfield-merriweather-7458,Garrowby Books,SVP Digital,Elena Duvall,1,1,False,0
linkedin.com/in/saoirse-oyelaran-7147,profile_url,saoirse oyelaran,Saoirse Oyelaran,linkedin.com/in/saoirse-oyelaran-7147,Pale Harbour Studio,Engineering Manager,Tomás Beckett,1,1,False,0
linkedin.com/in/saoirse-oyelaran-wolstenholme-4270,profile_url,saoirse oyelaran wolstenholme,Saoirse Oyelaran-Wolstenholme,linkedin.com/in/saoirse-oyelaran-wolstenholme-4270,Pale Harbour Studio,Head of Innovation,Owen Trask,1,1,False,0
linkedin.com/in/saoirse-petrossian-6651,profile_url,saoirse petrossian,Saoirse Petrossian,linkedin.com/in/saoirse-petrossian-6651,Dunmowe Travel,Staff Engineer,Priya Raghunathan,1,1,False,0
linkedin.com/in/saoirse-petrossian-isenberg-2606,profile_url,saoirse petrossian isenberg,Saoirse Petrossian-Isenberg,linkedin.com/in/saoirse-petrossian-isenberg-2606,Zenner Foods,Engineering Manager,Owen Trask,1,1,False,0
linkedin.com/in/saoirse-prendergast-6252,profile_url,saoirse prendergast,Saoirse Prendergast,linkedin.com/in/saoirse-prendergast-6252,Wrenfield Robotics,Head of Platform Engineering,Priya Raghunathan,1,1,False,0
linkedin.com/in/saoirse-quillane-1557,profile_url,saoirse quillane,Saoirse Quillane,linkedin.com/in/saoirse-quillane-1557,Kingsmere Retail Group,VP Data & Analytics,Dana Whitfield; Priya Raghunathan,2,1,False,0
linkedin.com/in/saoirse-quillane-ferreira-8268,profile_url,saoirse quillane ferreira,Saoirse Quillane-Ferreira,linkedin.com/in/saoirse-quillane-ferreira-8268,Pale Harbour Studio,Principal Architect,Owen Trask,1,1,False,0
linkedin.com/in/saoirse-rushworth-9408,profile_url,saoirse rushworth,Saoirse Rushworth,linkedin.com/in/saoirse-rushworth-9408,Inglenook Bakery,Staff Engineer,Marcus Aldridge,1,1,False,0
linkedin.com/in/saoirse-salcedo-2821,profile_url,saoirse salcedo,Saoirse Salcedo,linkedin.com/in/saoirse-salcedo-2821,Ambrose Trading,Product Director,Tomás Beckett,1,1,False,0
linkedin.com/in/saoirse-sandoval-6565,profile_url,saoirse sandoval,Saoirse Sandoval,linkedin.com/in/saoirse-sandoval-6565,Quintrell Advisory,Principal Architect,Dana Whitfield,1,1,False,0
linkedin.com/in/saoirse-thackeray-5482,profile_url,saoirse thackeray,Saoirse Thackeray,linkedin.com/in/saoirse-thackeray-5482,Elmsworth Tutors,Principal Architect,Tomás Beckett,1,1,False,0
linkedin.com/in/saoirse-underhill-5144,profile_url,saoirse underhill,Saoirse Underhill,linkedin.com/in/saoirse-underhill-5144,Pale Harbour Studio,Staff Engineer,Tomás Beckett,1,1,False,0
linkedin.com/in/saoirse-vandermolen-1893,profile_url,saoirse vandermolen,Saoirse Vandermolen,linkedin.com/in/saoirse-vandermolen-1893,Zenner Foods,Head of Automation,Priya Raghunathan,1,1,False,0
linkedin.com/in/saoirse-vandermolen-sandoval-1141,profile_url,saoirse vandermolen sandoval,Saoirse Vandermolen-Sandoval,linkedin.com/in/saoirse-vandermolen-sandoval-1141,Highmoor Cycles,Program Manager,Elena Duvall,1,1,False,0
linkedin.com/in/saoirse-vasquez-6289,profile_url,saoirse vasquez,Saoirse Vasquez,linkedin.com/in/saoirse-vasquez-6289,Rooksby Legal,Chief Data Officer,Priya Raghunathan,1,1,False,0
linkedin.com/in/saoirse-wexford-7001,profile_url,saoirse wexford,Saoirse Wexford,linkedin.com/in/saoirse-wexford-7001,Pale Harbour Studio,Program Manager,Marcus Aldridge,1,1,False,0
linkedin.com/in/saoirse-wexford-dellinger-2485,profile_url,saoirse wexford dellinger,Saoirse Wexford-Dellinger,linkedin.com/in/saoirse-wexford-dellinger-2485,Ambrose Trading,Director of IT,Elena Duvall,1,1,False,0
linkedin.com/in/saoirse-wolstenholme-4502,profile_url,saoirse wolstenholme,Saoirse Wolstenholme,linkedin.com/in/saoirse-wolstenholme-4502,Pale Harbour Studio,Program Manager,Priya Raghunathan,1,1,False,0
linkedin.com/in/saoirse-yarrow-7343,profile_url,saoirse yarrow,Saoirse Yarrow,linkedin.com/in/saoirse-yarrow-7343,Blackwood Industrial,Head of Innovation,Elena Duvall,1,1,False,0
linkedin.com/in/saoirse-zettergren-7781,profile_url,saoirse zettergren,Saoirse Zettergren,linkedin.com/in/saoirse-zettergren-7781,Fairbourne Fitness,Product Director,Tomás Beckett,1,1,False,0
linkedin.com/in/saoirse-zubkov-1542,profile_url,saoirse zubkov,Saoirse Zubkov,linkedin.com/in/saoirse-zubkov-1542,Tannerly Design,Staff Engineer,Priya Raghunathan,1,1,False,0
linkedin.com/in/silas-achterberg-1719,profile_url,silas achterberg,Silas Achterberg,linkedin.com/in/silas-achterberg-1719,Corbridge Realty,Chief Operating Officer,Marcus Aldridge,1,1,False,0
linkedin.com/in/silas-ashdown-5939,profile_url,silas ashdown,Silas Ashdown,linkedin.com/in/silas-ashdown-5939,Tannerly Design,Chief Operating Officer,Tomás Beckett,1,1,False,0
linkedin.com/in/silas-balogun-2063,profile_url,silas balogun,Silas Balogun,linkedin.com/in/silas-balogun-2063,Vespermill Analytics,Engineering Manager,Marcus Aldridge,1,1,False,0
linkedin.com/in/silas-bellinger-7611,profile_url,silas bellinger,Silas Bellinger,linkedin.com/in/silas-bellinger-7611,Rooksby Legal,Engineering Manager,Dana Whitfield,1,1,False,0
linkedin.com/in/silas-brenneman-3514,profile_url,silas brenneman,Silas Brenneman,linkedin.com/in/silas-brenneman-3514,Xanthe Labs,VP Engineering,Priya Raghunathan,1,1,False,0
linkedin.com/in/silas-brenneman-wolstenholme-7592,profile_url,silas brenneman wolstenholme,Silas Brenneman-Wolstenholme,linkedin.com/in/silas-brenneman-wolstenholme-7592,Xanthe Labs,Chief Information Officer,Tomás Beckett,1,1,False,0
linkedin.com/in/silas-cardoso-5555,profile_url,silas cardoso,Silas Cardoso,linkedin.com/in/silas-cardoso-5555,Yardley Print,VP Enterprise Architecture,Tomás Beckett,1,1,False,0
linkedin.com/in/silas-cardoso-gluckstein-1278,profile_url,silas cardoso gluckstein,Silas Cardoso-Glückstein,linkedin.com/in/silas-cardoso-gluckstein-1278,Bellchamber Media,VP Enterprise Architecture,Tomás Beckett,1,1,False,0
linkedin.com/in/silas-cathcart-9918,profile_url,silas cathcart,Silas Cathcart,linkedin.com/in/silas-cathcart-9918,Dunmowe Travel,Chief Digital Officer,Marcus Aldridge,1,1,False,0
linkedin.com/in/silas-cathcart-bellinger-3048,profile_url,silas cathcart bellinger,Silas Cathcart-Bellinger,linkedin.com/in/silas-cathcart-bellinger-3048,Quintrell Advisory,Chief Operating Officer,Tomás Beckett,1,1,False,0
linkedin.com/in/silas-crowther-1354,profile_url,silas crowther,Silas Crowther,linkedin.com/in/silas-crowther-1354,Xanthe Labs,Staff Engineer,Dana Whitfield,1,1,False,0
linkedin.com/in/silas-dellinger-5679,profile_url,silas dellinger,Silas Dellinger,linkedin.com/in/silas-dellinger-5679,Whitlock Staffing,Principal Architect,Tomás Beckett,1,1,False,0
linkedin.com/in/silas-dobrescu-8023,profile_url,silas dobrescu,Silas Dobrescu,linkedin.com/in/silas-dobrescu-8023,Ambrose Trading,Head of Automation,Priya Raghunathan,1,1,False,0
linkedin.com/in/silas-drummond-6272,profile_url,silas drummond,Silas Drummond,linkedin.com/in/silas-drummond-6272,Garrowby Books,Director of IT,Marcus Aldridge,1,1,False,0
linkedin.com/in/silas-eastcott-9451,profile_url,silas eastcott,Silas Eastcott,linkedin.com/in/silas-eastcott-9451,Tannerly Design,Chief Information Officer,Tomás Beckett,1,1,False,0
linkedin.com/in/silas-egerton-5967,profile_url,silas egerton,Silas Egerton,linkedin.com/in/silas-egerton-5967,Ondermark Consulting,Head of Developer Productivity,Dana Whitfield,1,1,False,0
linkedin.com/in/silas-egerton-quillane-8761,profile_url,silas egerton quillane,Silas Egerton-Quillane,linkedin.com/in/silas-egerton-quillane-8761,Highmoor Cycles,Principal Architect,Tomás Beckett,1,1,False,0
linkedin.com/in/silas-fairweather-8139,profile_url,silas fairweather,Silas Fairweather,linkedin.com/in/silas-fairweather-8139,Inglenook Bakery,Program Manager,Marcus Aldridge,1,1,False,0
linkedin.com/in/silas-falkenrath-5489,profile_url,silas falkenrath,Silas Falkenrath,linkedin.com/in/silas-falkenrath-5489,Fairbourne Fitness,Head of Innovation,Marcus Aldridge,1,1,False,0
linkedin.com/in/silas-ferreira-2883,profile_url,silas ferreira,Silas Ferreira,linkedin.com/in/silas-ferreira-2883,Fairbourne Fitness,SVP Digital,Marcus Aldridge,1,1,False,0
linkedin.com/in/silas-fontaine-9214,profile_url,silas fontaine,Silas Fontaine,linkedin.com/in/silas-fontaine-9214,Tannerly Design,Head of Automation,Dana Whitfield,1,1,False,0
linkedin.com/in/silas-gluckstein-1874,profile_url,silas gluckstein,Silas Glückstein,linkedin.com/in/silas-gluckstein-1874,Bellchamber Media,Chief Information Officer,Marcus Aldridge,1,1,False,0
linkedin.com/in/silas-grimsby-1723,profile_url,silas grimsby,Silas Grimsby,linkedin.com/in/silas-grimsby-1723,Elmsworth Tutors,Head of Automation,Priya Raghunathan,1,1,False,0
linkedin.com/in/silas-halloran-1957,profile_url,silas halloran,Silas Halloran,linkedin.com/in/silas-halloran-1957,Tannerly Design,Staff Engineer,Priya Raghunathan,1,1,False,0
linkedin.com/in/silas-hartigan-2997,profile_url,silas hartigan,Silas Hartigan,linkedin.com/in/silas-hartigan-2997,Pale Harbour Studio,Head of Automation,Marcus Aldridge,1,1,False,0
linkedin.com/in/silas-havercamp-2253,profile_url,silas havercamp,Silas Havercamp,linkedin.com/in/silas-havercamp-2253,Quintrell Advisory,Staff Engineer,Dana Whitfield,1,1,False,0
linkedin.com/in/silas-hojgaard-2819,profile_url,silas hojgaard,Silas Højgaard,linkedin.com/in/silas-hojgaard-2819,Inglenook Bakery,Staff Engineer,Marcus Aldridge,1,1,False,0
linkedin.com/in/silas-ibarra-8214,profile_url,silas ibarra,Silas Ibarra,linkedin.com/in/silas-ibarra-8214,Highmoor Cycles,Platform Lead,Priya Raghunathan,1,1,False,0
linkedin.com/in/silas-ingleby-5826,profile_url,silas ingleby,Silas Ingleby,linkedin.com/in/silas-ingleby-5826,Rooksby Legal,"Senior Manager, Engineering",Tomás Beckett,1,1,False,0
linkedin.com/in/silas-isenberg-5632,profile_url,silas isenberg,Silas Isenberg,linkedin.com/in/silas-isenberg-5632,Xanthe Labs,SVP Digital,Dana Whitfield,1,1,False,0
linkedin.com/in/silas-jarrold-9218,profile_url,silas jarrold,Silas Jarrold,linkedin.com/in/silas-jarrold-9218,Inglenook Bakery,Chief Information Officer,Dana Whitfield,1,1,False,0
linkedin.com/in/silas-kettleborough-8244,profile_url,silas kettleborough,Silas Kettleborough,linkedin.com/in/silas-kettleborough-8244,Underwood & Vale,Chief Data Officer,Marcus Aldridge,1,1,False,0
linkedin.com/in/silas-kirkbride-9165,profile_url,silas kirkbride,Silas Kirkbride,linkedin.com/in/silas-kirkbride-9165,Tannerly Design,Staff Engineer,Tomás Beckett,1,1,False,0
linkedin.com/in/silas-lindqvist-4151,profile_url,silas lindqvist,Silas Lindqvist,linkedin.com/in/silas-lindqvist-4151,Elmsworth Tutors,Program Manager,Marcus Aldridge,1,1,False,0
linkedin.com/in/silas-lomsadze-4139,profile_url,silas lomsadze,Silas Lomsadze,linkedin.com/in/silas-lomsadze-4139,Pale Harbour Studio,Product Director,Marcus Aldridge,1,1,False,0
linkedin.com/in/silas-marchetti-2589,profile_url,silas marchetti,Silas Marchetti,linkedin.com/in/silas-marchetti-2589,Dunmowe Travel,"Senior Manager, Engineering",Dana Whitfield,1,1,False,0
linkedin.com/in/silas-merriweather-1750,profile_url,silas merriweather,Silas Merriweather,linkedin.com/in/silas-merriweather-1750,Fairbourne Fitness,Product Director,Priya Raghunathan,1,1,False,0
linkedin.com/in/silas-mkhize-5719,profile_url,silas mkhize,Silas Mkhize,linkedin.com/in/silas-mkhize-5719,Dunmowe Travel,Product Director,Tomás Beckett,1,1,False,0
linkedin.com/in/silas-nakashima-8005,profile_url,silas nakashima,Silas Nakashima,linkedin.com/in/silas-nakashima-8005,Ambrose Trading,Program Manager,Marcus Aldridge,1,1,False,0
linkedin.com/in/silas-norrington-8071,profile_url,silas norrington,Silas Norrington,linkedin.com/in/silas-norrington-8071,Bellchamber Media,Head of Innovation,Tomás Beckett,1,1,False,0
linkedin.com/in/silas-okonkwo-3871,profile_url,silas okonkwo,Silas Okonkwo,linkedin.com/in/silas-okonkwo-3871,Whitlock Staffing,Director of IT,Priya Raghunathan,1,1,False,0
name:silas oldfield,name_only,silas oldfield,Silas Oldfield,,Tannerly Design,VP Enterprise Architecture,Marcus Aldridge,1,1,False,1
linkedin.com/in/silas-oyelaran-5801,profile_url,silas oyelaran,Silas Oyelaran,linkedin.com/in/silas-oyelaran-5801,Whitlock Staffing,Principal Architect,Tomás Beckett,1,1,False,0
linkedin.com/in/silas-petrossian-3827,profile_url,silas petrossian,Silas Petrossian,linkedin.com/in/silas-petrossian-3827,Pale Harbour Studio,Chief Data Officer,Marcus Aldridge,1,1,False,0
linkedin.com/in/silas-prendergast-2551,profile_url,silas prendergast,Silas Prendergast,linkedin.com/in/silas-prendergast-2551,Whitlock Staffing,Chief Information Officer,Priya Raghunathan,1,1,False,0
linkedin.com/in/silas-quillane-5269,profile_url,silas quillane,Silas Quillane,linkedin.com/in/silas-quillane-5269,Bellchamber Media,Program Manager,Dana Whitfield,1,1,False,0
name:silas rushworth,name_only,silas rushworth,Silas Rushworth,,Quintrell Advisory,Head of Automation,Marcus Aldridge,1,1,False,1
linkedin.com/in/silas-salcedo-3568,profile_url,silas salcedo,Silas Salcedo,linkedin.com/in/silas-salcedo-3568,Highmoor Cycles,Chief Data Officer,Dana Whitfield,1,1,False,0
linkedin.com/in/silas-sandoval-1331,profile_url,silas sandoval,Silas Sandoval,linkedin.com/in/silas-sandoval-1331,Xanthe Labs,Director of IT,Dana Whitfield,1,1,False,0
linkedin.com/in/silas-sandoval-ingleby-6878,profile_url,silas sandoval ingleby,Silas Sandoval-Ingleby,linkedin.com/in/silas-sandoval-ingleby-6878,Fairbourne Fitness,Product Director,Tomás Beckett,1,1,False,0
linkedin.com/in/silas-thackeray-3117,profile_url,silas thackeray,Silas Thackeray,linkedin.com/in/silas-thackeray-3117,Whitlock Staffing,Engineering Manager,Dana Whitfield,1,1,False,0
linkedin.com/in/silas-underhill-6625,profile_url,silas underhill,Silas Underhill,linkedin.com/in/silas-underhill-6625,Corbridge Realty,Chief Technology Officer,Dana Whitfield,1,1,False,0
linkedin.com/in/silas-vandermolen-2341,profile_url,silas vandermolen,Silas Vandermolen,linkedin.com/in/silas-vandermolen-2341,Dunmowe Travel,Staff Engineer,Marcus Aldridge,1,1,False,0
linkedin.com/in/silas-vasquez-2626,profile_url,silas vasquez,Silas Vasquez,linkedin.com/in/silas-vasquez-2626,Inglenook Bakery,Staff Engineer,Marcus Aldridge,1,1,False,0
linkedin.com/in/silas-wexford-3671,profile_url,silas wexford,Silas Wexford,linkedin.com/in/silas-wexford-3671,Underwood & Vale,Principal Architect,Priya Raghunathan,1,1,False,0
linkedin.com/in/silas-wolstenholme-2923,profile_url,silas wolstenholme,Silas Wolstenholme,linkedin.com/in/silas-wolstenholme-2923,Highmoor Cycles,Principal Architect,Priya Raghunathan,1,1,False,0
linkedin.com/in/silas-yarrow-1248,profile_url,silas yarrow,Silas Yarrow,linkedin.com/in/silas-yarrow-1248,Underwood & Vale,Product Director,Marcus Aldridge,1,1,False,0
linkedin.com/in/silas-yarrow-marchetti-8229,profile_url,silas yarrow marchetti,Silas Yarrow-Marchetti,linkedin.com/in/silas-yarrow-marchetti-8229,Rooksby Legal,Program Manager,Tomás Beckett,1,1,False,0
linkedin.com/in/silas-zettergren-6858,profile_url,silas zettergren,Silas Zettergren,linkedin.com/in/silas-zettergren-6858,Elmsworth Tutors,Principal Architect,Dana Whitfield,1,1,False,0
linkedin.com/in/silas-zubkov-7384,profile_url,silas zubkov,Silas Zubkov,linkedin.com/in/silas-zubkov-7384,Yardley Print,Head of Automation,Priya Raghunathan,1,1,False,0
linkedin.com/in/sloane-achterberg-4439,profile_url,sloane achterberg,Sloane Achterberg,linkedin.com/in/sloane-achterberg-4439,Underwood & Vale,Chief Digital Officer,Dana Whitfield,1,1,False,0
linkedin.com/in/sloane-ashdown-4451,profile_url,sloane ashdown,Sloane Ashdown,linkedin.com/in/sloane-ashdown-4451,Dunmowe Travel,Engineering Manager,Dana Whitfield,1,1,False,0
linkedin.com/in/sloane-balogun-5081,profile_url,sloane balogun,Sloane Balogun,linkedin.com/in/sloane-balogun-5081,Yardley Print,Director of Software Engineering,Dana Whitfield,1,1,False,0
linkedin.com/in/sloane-bellinger-5358,profile_url,sloane bellinger,Sloane Bellinger,linkedin.com/in/sloane-bellinger-5358,Underwood & Vale,Staff Engineer,Priya Raghunathan,1,1,False,0
linkedin.com/in/sloane-brenneman-5108,profile_url,sloane brenneman,Sloane Brenneman,linkedin.com/in/sloane-brenneman-5108,Fairbourne Fitness,"Senior Manager, Engineering",Marcus Aldridge,1,1,False,0
linkedin.com/in/sloane-cardoso-3987,profile_url,sloane cardoso,Sloane Cardoso,linkedin.com/in/sloane-cardoso-3987,Inglenook Bakery,Director of Software Engineering,Tomás Beckett,1,1,False,0
linkedin.com/in/sloane-cardoso-ashdown-5302,profile_url,sloane cardoso ashdown,Sloane Cardoso-Ashdown,linkedin.com/in/sloane-cardoso-ashdown-5302,Highmoor Cycles,Platform Lead,Tomás Beckett,1,1,False,0
linkedin.com/in/sloane-cathcart-3161,profile_url,sloane cathcart,Sloane Cathcart,linkedin.com/in/sloane-cathcart-3161,Highmoor Cycles,Head of Automation,Marcus Aldridge,1,1,False,0
linkedin.com/in/sloane-cathcart-balogun-7098,profile_url,sloane cathcart balogun,Sloane Cathcart-Balogun,linkedin.com/in/sloane-cathcart-balogun-7098,Dunmowe Travel,Platform Lead,Tomás Beckett,1,1,False,0
linkedin.com/in/sloane-cathcart-underhill-9672,profile_url,sloane cathcart underhill,Sloane Cathcart-Underhill,linkedin.com/in/sloane-cathcart-underhill-9672,Pale Harbour Studio,Head of Platform Engineering,Elena Duvall,1,1,False,0
linkedin.com/in/sloane-crowther-8004,profile_url,sloane crowther,Sloane Crowther,linkedin.com/in/sloane-crowther-8004,Corbridge Realty,Head of Innovation,Marcus Aldridge,1,1,False,0
linkedin.com/in/sloane-dellinger-9437,profile_url,sloane dellinger,Sloane Dellinger,linkedin.com/in/sloane-dellinger-9437,Vespermill Analytics,Director of IT,Marcus Aldridge,1,1,False,0
linkedin.com/in/sloane-dellinger-prendergast-7022,profile_url,sloane dellinger prendergast,Sloane Dellinger-Prendergast,linkedin.com/in/sloane-dellinger-prendergast-7022,Zenner Foods,"Senior Manager, Engineering",Elena Duvall,1,1,False,0
linkedin.com/in/sloane-dobrescu-9065,profile_url,sloane dobrescu,Sloane Dobrescu,linkedin.com/in/sloane-dobrescu-9065,Yardley Print,Program Manager,Tomás Beckett,1,1,False,0
linkedin.com/in/sloane-drummond-1525,profile_url,sloane drummond,Sloane Drummond,linkedin.com/in/sloane-drummond-1525,Tannerly Design,"Senior Manager, Engineering",Dana Whitfield,1,1,False,0
linkedin.com/in/sloane-drummond-dellinger-4096,profile_url,sloane drummond dellinger,Sloane Drummond-Dellinger,linkedin.com/in/sloane-drummond-dellinger-4096,Inglenook Bakery,Director of IT,Owen Trask,1,1,False,0
linkedin.com/in/sloane-eastcott-1991,profile_url,sloane eastcott,Sloane Eastcott,linkedin.com/in/sloane-eastcott-1991,Whitlock Staffing,Director of Software Engineering,Priya Raghunathan,1,1,False,0
linkedin.com/in/sloane-egerton-9110,profile_url,sloane egerton,Sloane Egerton,linkedin.com/in/sloane-egerton-9110,Zenner Foods,Director of IT,Priya Raghunathan,1,1,False,0
linkedin.com/in/sloane-egerton-okonkwo-7985,profile_url,sloane egerton okonkwo,Sloane Egerton-Okonkwo,linkedin.com/in/sloane-egerton-okonkwo-7985,Elmsworth Tutors,Head of Automation,Elena Duvall,1,1,False,0
linkedin.com/in/sloane-falkenrath-6657,profile_url,sloane falkenrath,Sloane Falkenrath,linkedin.com/in/sloane-falkenrath-6657,Bellchamber Media,Chief Data Officer,Tomás Beckett,1,1,False,0
linkedin.com/in/sloane-ferreira-2615,profile_url,sloane ferreira,Sloane Ferreira,linkedin.com/in/sloane-ferreira-2615,Garrowby Books,Director of IT,Priya Raghunathan,1,1,False,0
linkedin.com/in/sloane-fontaine-3676,profile_url,sloane fontaine,Sloane Fontaine,linkedin.com/in/sloane-fontaine-3676,Highmoor Cycles,Principal Architect,Marcus Aldridge,1,1,False,0
linkedin.com/in/sloane-gluckstein-6068,profile_url,sloane gluckstein,Sloane Glückstein,linkedin.com/in/sloane-gluckstein-6068,Ambrose Trading,Director of IT,Tomás Beckett,1,1,False,0
linkedin.com/in/sloane-gluckstein-balogun-1493,profile_url,sloane gluckstein balogun,Sloane Glückstein-Balogun,linkedin.com/in/sloane-gluckstein-balogun-1493,Whitlock Staffing,Head of Automation,Tomás Beckett,1,1,False,0
linkedin.com/in/sloane-grimsby-7626,profile_url,sloane grimsby,Sloane Grimsby,linkedin.com/in/sloane-grimsby-7626,Elmsworth Tutors,Product Director,Tomás Beckett,1,1,False,0
linkedin.com/in/sloane-grimsby-dobrescu-8056,profile_url,sloane grimsby dobrescu,Sloane Grimsby-Dobrescu,linkedin.com/in/sloane-grimsby-dobrescu-8056,Underwood & Vale,Head of Platform Engineering,Owen Trask,1,1,False,0
linkedin.com/in/sloane-halloran-5531,profile_url,sloane halloran,Sloane Halloran,linkedin.com/in/sloane-halloran-5531,Vespermill Analytics,Head of Automation,Tomás Beckett,1,1,False,0
linkedin.com/in/sloane-halloran-lomsadze-4357,profile_url,sloane halloran lomsadze,Sloane Halloran-Lomsadze,linkedin.com/in/sloane-halloran-lomsadze-4357,Elmsworth Tutors,Engineering Manager,Tomás Beckett,1,1,False,0
linkedin.com/in/sloane-hartigan-9498,profile_url,sloane hartigan,Sloane Hartigan,linkedin.com/in/sloane-hartigan-9498,Dunmowe Travel,Engineering Manager,Dana Whitfield,1,1,False,0
linkedin.com/in/sloane-havercamp-6655,profile_url,sloane havercamp,Sloane Havercamp,linkedin.com/in/sloane-havercamp-6655,Garrowby Books,Director of IT,Priya Raghunathan,1,1,False,0
name:sloane hojgaard,name_only,sloane hojgaard,Sloane Højgaard,,Ondermark Consulting,Staff Engineer,Marcus Aldridge,1,1,False,1
linkedin.com/in/sloane-ibarra-9542,profile_url,sloane ibarra,Sloane Ibarra,linkedin.com/in/sloane-ibarra-9542,Ambrose Trading,"Senior Manager, Engineering",Dana Whitfield,1,1,False,0
linkedin.com/in/sloane-ingleby-7971,profile_url,sloane ingleby,Sloane Ingleby,linkedin.com/in/sloane-ingleby-7971,Quintrell Advisory,Staff Engineer,Tomás Beckett,1,1,False,0
linkedin.com/in/sloane-isenberg-9449,profile_url,sloane isenberg,Sloane Isenberg,linkedin.com/in/sloane-isenberg-9449,Yardley Print,Head of Developer Productivity,Marcus Aldridge,1,1,False,0
linkedin.com/in/sloane-isenberg-kirkbride-7748,profile_url,sloane isenberg kirkbride,Sloane Isenberg-Kirkbride,linkedin.com/in/sloane-isenberg-kirkbride-7748,Yardley Print,Head of Automation,Tomás Beckett,1,1,False,0
linkedin.com/in/sloane-jarrold-6982,profile_url,sloane jarrold,Sloane Jarrold,linkedin.com/in/sloane-jarrold-6982,Vespermill Analytics,Product Director,Marcus Aldridge,1,1,False,0
linkedin.com/in/sloane-kettleborough-4187,profile_url,sloane kettleborough,Sloane Kettleborough,linkedin.com/in/sloane-kettleborough-4187,Underwood & Vale,Engineering Manager,Marcus Aldridge,1,1,False,0
linkedin.com/in/sloane-kettleborough-okonkwo-3265,profile_url,sloane kettleborough okonkwo,Sloane Kettleborough-Okonkwo,linkedin.com/in/sloane-kettleborough-okonkwo-3265,Highmoor Cycles,Platform Lead,Owen Trask,1,1,False,0
linkedin.com/in/sloane-kirkbride-6799,profile_url,sloane kirkbride,Sloane Kirkbride,linkedin.com/in/sloane-kirkbride-6799,Ambrose Trading,Staff Engineer,Tomás Beckett,1,1,False,0
linkedin.com/in/sloane-kirkbride-egerton-9033,profile_url,sloane kirkbride egerton,Sloane Kirkbride-Egerton,linkedin.com/in/sloane-kirkbride-egerton-9033,Garrowby Books,"Senior Manager, Engineering",Elena Duvall,1,1,False,0
linkedin.com/in/sloane-lindqvist-5979,profile_url,sloane lindqvist,Sloane Lindqvist,linkedin.com/in/sloane-lindqvist-5979,Inglenook Bakery,Director of IT,Tomás Beckett,1,1,False,0
name:sloane lindqvist brenneman,name_only,sloane lindqvist brenneman,Sloane Lindqvist-Brenneman,,Garrowby Books,Director of IT,Tomás Beckett,1,1,False,1
linkedin.com/in/sloane-lomsadze-7878,profile_url,sloane lomsadze,Sloane Lomsadze,linkedin.com/in/sloane-lomsadze-7878,Corbridge Realty,Chief Data Officer,Dana Whitfield,1,1,False,0
linkedin.com/in/sloane-marchetti-5731,profile_url,sloane marchetti,Sloane Marchetti,linkedin.com/in/sloane-marchetti-5731,Dunmowe Travel,Product Director,Marcus Aldridge,1,1,False,0
linkedin.com/in/sloane-merriweather-5829,profile_url,sloane merriweather,Sloane Merriweather,linkedin.com/in/sloane-merriweather-5829,Xanthe Labs,Engineering Manager,Marcus Aldridge,1,1,False,0
linkedin.com/in/sloane-mkhize-1522,profile_url,sloane mkhize,Sloane Mkhize,linkedin.com/in/sloane-mkhize-1522,Corbridge Realty,Head of Developer Productivity,Dana Whitfield,1,1,False,0
linkedin.com/in/sloane-nakashima-3480,profile_url,sloane nakashima,Sloane Nakashima,linkedin.com/in/sloane-nakashima-3480,Inglenook Bakery,Engineering Manager,Priya Raghunathan,1,1,False,0
linkedin.com/in/sloane-norrington-9566,profile_url,sloane norrington,Sloane Norrington,linkedin.com/in/sloane-norrington-9566,Xanthe Labs,Program Manager,Priya Raghunathan,1,1,False,0
linkedin.com/in/sloane-okonkwo-3445,profile_url,sloane okonkwo,Sloane Okonkwo,linkedin.com/in/sloane-okonkwo-3445,Highmoor Cycles,Head of Developer Productivity,Tomás Beckett,1,1,False,0
linkedin.com/in/sloane-oldfield-9595,profile_url,sloane oldfield,Sloane Oldfield,linkedin.com/in/sloane-oldfield-9595,Tannerly Design,Engineering Manager,Marcus Aldridge,1,1,False,0
linkedin.com/in/sloane-oldfield-balogun-7248,profile_url,sloane oldfield balogun,Sloane Oldfield-Balogun,linkedin.com/in/sloane-oldfield-balogun-7248,Bellchamber Media,"Senior Manager, Engineering",Owen Trask,1,1,False,0
linkedin.com/in/sloane-oyelaran-9935,profile_url,sloane oyelaran,Sloane Oyelaran,linkedin.com/in/sloane-oyelaran-9935,Tannerly Design,Principal Architect,Tomás Beckett,1,1,False,0
linkedin.com/in/sloane-oyelaran-ferreira-5095,profile_url,sloane oyelaran ferreira,Sloane Oyelaran-Ferreira,linkedin.com/in/sloane-oyelaran-ferreira-5095,Dunmowe Travel,Head of Innovation,Owen Trask,1,1,False,0
linkedin.com/in/sloane-oyelaran-zettergren-8973,profile_url,sloane oyelaran zettergren,Sloane Oyelaran-Zettergren,linkedin.com/in/sloane-oyelaran-zettergren-8973,Zenner Foods,"Senior Manager, Engineering",Elena Duvall,1,1,False,0
linkedin.com/in/sloane-petrossian-1371,profile_url,sloane petrossian,Sloane Petrossian,linkedin.com/in/sloane-petrossian-1371,Garrowby Books,Chief Technology Officer,Marcus Aldridge,1,1,False,0
linkedin.com/in/sloane-prendergast-4298,profile_url,sloane prendergast,Sloane Prendergast,linkedin.com/in/sloane-prendergast-4298,Underwood & Vale,Chief Data Officer,Dana Whitfield,1,1,False,0
linkedin.com/in/sloane-quillane-9081,profile_url,sloane quillane,Sloane Quillane,linkedin.com/in/sloane-quillane-9081,Yardley Print,Director of IT,Priya Raghunathan,1,1,False,0
linkedin.com/in/sloane-rushworth-6920,profile_url,sloane rushworth,Sloane Rushworth,linkedin.com/in/sloane-rushworth-6920,Inglenook Bakery,Product Director,Tomás Beckett,1,1,False,0
linkedin.com/in/sloane-rushworth-jarrold-6416,profile_url,sloane rushworth jarrold,Sloane Rushworth-Jarrold,linkedin.com/in/sloane-rushworth-jarrold-6416,Pale Harbour Studio,Principal Architect,Tomás Beckett,1,1,False,0
linkedin.com/in/sloane-salcedo-6735,profile_url,sloane salcedo,Sloane Salcedo,linkedin.com/in/sloane-salcedo-6735,Xanthe Labs,Head of Developer Productivity,Marcus Aldridge,1,1,False,0
linkedin.com/in/sloane-salcedo-crowther-6880,profile_url,sloane salcedo crowther,Sloane Salcedo-Crowther,linkedin.com/in/sloane-salcedo-crowther-6880,Yardley Print,Engineering Manager,Elena Duvall,1,1,False,0
linkedin.com/in/sloane-salcedo-dobrescu-9047,profile_url,sloane salcedo dobrescu,Sloane Salcedo-Dobrescu,linkedin.com/in/sloane-salcedo-dobrescu-9047,Bellchamber Media,Director of IT,Owen Trask,1,1,False,0
linkedin.com/in/sloane-sandoval-7536,profile_url,sloane sandoval,Sloane Sandoval,linkedin.com/in/sloane-sandoval-7536,Highmoor Cycles,Director of Software Engineering,Tomás Beckett,1,1,False,0
linkedin.com/in/sloane-sandoval-halloran-5784,profile_url,sloane sandoval halloran,Sloane Sandoval-Halloran,linkedin.com/in/sloane-sandoval-halloran-5784,Underwood & Vale,Director of IT,Tomás Beckett,1,1,False,0
linkedin.com/in/sloane-thackeray-3407,profile_url,sloane thackeray,Sloane Thackeray,linkedin.com/in/sloane-thackeray-3407,Fairbourne Fitness,Head of Innovation,Dana Whitfield,1,1,False,0
linkedin.com/in/sloane-underhill-9093,profile_url,sloane underhill,Sloane Underhill,linkedin.com/in/sloane-underhill-9093,Corbridge Realty,Chief Data Officer,Marcus Aldridge,1,1,False,0
linkedin.com/in/sloane-vandermolen-4152,profile_url,sloane vandermolen,Sloane Vandermolen,linkedin.com/in/sloane-vandermolen-4152,Tannerly Design,Program Manager,Tomás Beckett,1,1,False,0
linkedin.com/in/sloane-vasquez-2007,profile_url,sloane vasquez,Sloane Vasquez,linkedin.com/in/sloane-vasquez-2007,Elmsworth Tutors,Product Director,Tomás Beckett,1,1,False,0
name:sloane vasquez lindqvist,name_only,sloane vasquez lindqvist,Sloane Vasquez-Lindqvist,,Whitlock Staffing,Head of Innovation,Owen Trask,1,1,False,1
linkedin.com/in/sloane-wexford-6107,profile_url,sloane wexford,Sloane Wexford,linkedin.com/in/sloane-wexford-6107,Corbridge Realty,Head of Innovation,Marcus Aldridge,1,1,False,0
linkedin.com/in/sloane-wolstenholme-5777,profile_url,sloane wolstenholme,Sloane Wolstenholme,linkedin.com/in/sloane-wolstenholme-5777,Rooksby Legal,Program Manager,Dana Whitfield,1,1,False,0
linkedin.com/in/sloane-yarrow-6472,profile_url,sloane yarrow,Sloane Yarrow,linkedin.com/in/sloane-yarrow-6472,Whitlock Staffing,Head of Automation,Marcus Aldridge,1,1,False,0
linkedin.com/in/sloane-zettergren-2294,profile_url,sloane zettergren,Sloane Zettergren,linkedin.com/in/sloane-zettergren-2294,Quintrell Advisory,Engineering Manager,Marcus Aldridge,1,1,False,0
linkedin.com/in/sloane-zubkov-9589,profile_url,sloane zubkov,Sloane Zubkov,linkedin.com/in/sloane-zubkov-9589,Corbridge Realty,"Senior Manager, Engineering",Marcus Aldridge,1,1,False,0
linkedin.com/in/sloane-zubkov-sandoval-6082,profile_url,sloane zubkov sandoval,Sloane Zubkov-Sandoval,linkedin.com/in/sloane-zubkov-sandoval-6082,Quintrell Advisory,Director of IT,Owen Trask,1,1,False,0
linkedin.com/in/solveig-achterberg-2003,profile_url,solveig achterberg,Solveig Achterberg,linkedin.com/in/solveig-achterberg-2003,Underwood & Vale,Program Manager,Dana Whitfield,1,1,False,0
linkedin.com/in/solveig-ashdown-6985,profile_url,solveig ashdown,Solveig Ashdown,linkedin.com/in/solveig-ashdown-6985,Rooksby Legal,Staff Engineer,Tomás Beckett,1,1,False,0
linkedin.com/in/solveig-ashdown-underhill-9707,profile_url,solveig ashdown underhill,Solveig Ashdown-Underhill,linkedin.com/in/solveig-ashdown-underhill-9707,Ambrose Trading,Staff Engineer,Tomás Beckett,1,1,False,0
linkedin.com/in/solveig-balogun-2745,profile_url,solveig balogun,Solveig Balogun,linkedin.com/in/solveig-balogun-2745,Zenner Foods,"Senior Manager, Engineering",Priya Raghunathan,1,1,False,0
linkedin.com/in/solveig-bellinger-9285,profile_url,solveig bellinger,Solveig Bellinger,linkedin.com/in/solveig-bellinger-9285,Tannerly Design,Director of IT,Tomás Beckett,1,1,False,0
linkedin.com/in/solveig-brenneman-6579,profile_url,solveig brenneman,Solveig Brenneman,linkedin.com/in/solveig-brenneman-6579,Yardley Print,"Senior Manager, Engineering",Dana Whitfield,1,1,False,0
linkedin.com/in/solveig-cardoso-3701,profile_url,solveig cardoso,Solveig Cardoso,linkedin.com/in/solveig-cardoso-3701,Highmoor Cycles,Head of Developer Productivity,Marcus Aldridge,1,1,False,0
linkedin.com/in/solveig-cathcart-8043,profile_url,solveig cathcart,Solveig Cathcart,linkedin.com/in/solveig-cathcart-8043,Yardley Print,Director of IT,Marcus Aldridge,1,1,False,0
linkedin.com/in/solveig-crowther-5127,profile_url,solveig crowther,Solveig Crowther,linkedin.com/in/solveig-crowther-5127,Bellchamber Media,Head of Innovation,Tomás Beckett,1,1,False,0
linkedin.com/in/solveig-crowther-havercamp-9726,profile_url,solveig crowther havercamp,Solveig Crowther-Havercamp,linkedin.com/in/solveig-crowther-havercamp-9726,Corbridge Realty,Platform Lead,Tomás Beckett,1,1,False,0
linkedin.com/in/solveig-dellinger-1404,profile_url,solveig dellinger,Solveig Dellinger,linkedin.com/in/solveig-dellinger-1404,Elmsworth Tutors,Chief Technology Officer,Marcus Aldridge,1,1,False,0
linkedin.com/in/solveig-dobrescu-6533,profile_url,solveig dobrescu,Solveig Dobrescu,linkedin.com/in/solveig-dobrescu-6533,Vespermill Analytics,VP Enterprise Architecture,Dana Whitfield,1,1,False,0
linkedin.com/in/solveig-dobrescu-wexford-5858,profile_url,solveig dobrescu wexford,Solveig Dobrescu-Wexford,linkedin.com/in/solveig-dobrescu-wexford-5858,Quintrell Advisory,Head of Innovation,Owen Trask,1,1,False,0
linkedin.com/in/solveig-drummond-6281,profile_url,solveig drummond,Solveig Drummond,linkedin.com/in/solveig-drummond-6281,Vespermill Analytics,Director of Software Engineering,Marcus Aldridge,1,1,False,0
linkedin.com/in/solveig-drummond-marchetti-7691,profile_url,solveig drummond marchetti,Solveig Drummond-Marchetti,linkedin.com/in/solveig-drummond-marchetti-7691,Pale Harbour Studio,"Senior Manager, Engineering",Elena Duvall,1,1,False,0
linkedin.com/in/solveig-drummond-zubkov-5021,profile_url,solveig drummond zubkov,Solveig Drummond-Zubkov,linkedin.com/in/solveig-drummond-zubkov-5021,Whitlock Staffing,VP Engineering,Owen Trask,1,1,False,0
linkedin.com/in/solveig-eastcott-4905,profile_url,solveig eastcott,Solveig Eastcott,linkedin.com/in/solveig-eastcott-4905,Inglenook Bakery,Director of Software Engineering,Marcus Aldridge,1,1,False,0
linkedin.com/in/solveig-egerton-4622,profile_url,solveig egerton,Solveig Egerton,linkedin.com/in/solveig-egerton-4622,Inglenook Bakery,Head of Platform Engineering,Tomás Beckett,1,1,False,0
linkedin.com/in/solveig-fairweather-1006,profile_url,solveig fairweather,Solveig Fairweather,linkedin.com/in/solveig-fairweather-1006,Whitlock Staffing,Chief Operating Officer,Marcus Aldridge,1,1,False,0
linkedin.com/in/solveig-falkenrath-7276,profile_url,solveig falkenrath,Solveig Falkenrath,linkedin.com/in/solveig-falkenrath-7276,Highmoor Cycles,Engineering Manager,Dana Whitfield,1,1,False,0
linkedin.com/in/solveig-falkenrath-brenneman-8995,profile_url,solveig falkenrath brenneman,Solveig Falkenrath-Brenneman,linkedin.com/in/solveig-falkenrath-brenneman-8995,Bellchamber Media,Head of Developer Productivity,Tomás Beckett,1,1,False,0
linkedin.com/in/solveig-falkenrath-zubkov-7764,profile_url,solveig falkenrath zubkov,Solveig Falkenrath-Zubkov,linkedin.com/in/solveig-falkenrath-zubkov-7764,Inglenook Bakery,Product Director,Tomás Beckett,1,1,False,0
linkedin.com/in/solveig-ferreira-6919,profile_url,solveig ferreira,Solveig Ferreira,linkedin.com/in/solveig-ferreira-6919,Xanthe Labs,Engineering Manager,Marcus Aldridge,1,1,False,0
linkedin.com/in/solveig-fontaine-2993,profile_url,solveig fontaine,Solveig Fontaine,linkedin.com/in/solveig-fontaine-2993,Pale Harbour Studio,Product Director,Marcus Aldridge,1,1,False,0
linkedin.com/in/solveig-gluckstein-6078,profile_url,solveig gluckstein,Solveig Glückstein,linkedin.com/in/solveig-gluckstein-6078,Vespermill Analytics,Director of Software Engineering,Tomás Beckett,1,1,False,0
linkedin.com/in/solveig-grimsby-1805,profile_url,solveig grimsby,Solveig Grimsby,linkedin.com/in/solveig-grimsby-1805,Quintrell Advisory,Staff Engineer,Marcus Aldridge,1,1,False,0
name:solveig halloran,name_only,solveig halloran,Solveig Halloran,,Ambrose Trading,Head of Automation,Marcus Aldridge,1,1,False,1
linkedin.com/in/solveig-hartigan-6379,profile_url,solveig hartigan,Solveig Hartigan,linkedin.com/in/solveig-hartigan-6379,Inglenook Bakery,Product Director,Priya Raghunathan,1,1,False,0
name:solveig havercamp,name_only,solveig havercamp,Solveig Havercamp,,Inglenook Bakery,VP Data & Analytics,Priya Raghunathan,1,1,False,1
linkedin.com/in/solveig-hojgaard-6469,profile_url,solveig hojgaard,Solveig Højgaard,linkedin.com/in/solveig-hojgaard-6469,Zenner Foods,Chief Technology Officer,Tomás Beckett,1,1,False,0
linkedin.com/in/solveig-ibarra-6768,profile_url,solveig ibarra,Solveig Ibarra,linkedin.com/in/solveig-ibarra-6768,Pale Harbour Studio,Head of Automation,Dana Whitfield,1,1,False,0
name:solveig ingleby,name_only,solveig ingleby,Solveig Ingleby,,Highmoor Cycles,Engineering Manager,Priya Raghunathan,1,1,False,1
linkedin.com/in/solveig-ingleby-eastcott-4652,profile_url,solveig ingleby eastcott,Solveig Ingleby-Eastcott,linkedin.com/in/solveig-ingleby-eastcott-4652,Tannerly Design,Program Manager,Tomás Beckett,1,1,False,0
linkedin.com/in/solveig-isenberg-8608,profile_url,solveig isenberg,Solveig Isenberg,linkedin.com/in/solveig-isenberg-8608,Ambrose Trading,"Senior Manager, Engineering",Tomás Beckett,1,1,False,0
linkedin.com/in/solveig-jarrold-9227,profile_url,solveig jarrold,Solveig Jarrold,linkedin.com/in/solveig-jarrold-9227,Dunmowe Travel,Director of IT,Tomás Beckett,1,1,False,0
linkedin.com/in/solveig-kettleborough-5224,profile_url,solveig kettleborough,Solveig Kettleborough,linkedin.com/in/solveig-kettleborough-5224,Underwood & Vale,Head of Automation,Dana Whitfield,1,1,False,0
linkedin.com/in/solveig-kirkbride-6043,profile_url,solveig kirkbride,Solveig Kirkbride,linkedin.com/in/solveig-kirkbride-6043,Ambrose Trading,Principal Architect,Tomás Beckett,1,1,False,0
name:solveig lindqvist,name_only,solveig lindqvist,Solveig Lindqvist,,Inglenook Bakery,Head of Automation,Tomás Beckett,1,1,False,1
linkedin.com/in/solveig-lindqvist-lomsadze-3843,profile_url,solveig lindqvist lomsadze,Solveig Lindqvist-Lomsadze,linkedin.com/in/solveig-lindqvist-lomsadze-3843,Rooksby Legal,Director of Software Engineering,Elena Duvall,1,1,False,0
linkedin.com/in/solveig-lomsadze-9590,profile_url,solveig lomsadze,Solveig Lomsadze,linkedin.com/in/solveig-lomsadze-9590,Dunmowe Travel,Head of Innovation,Tomás Beckett,1,1,False,0
linkedin.com/in/solveig-marchetti-6016,profile_url,solveig marchetti,Solveig Marchetti,linkedin.com/in/solveig-marchetti-6016,Yardley Print,Staff Engineer,Marcus Aldridge,1,1,False,0
name:solveig merriweather,name_only,solveig merriweather,Solveig Merriweather,,Ambrose Trading,Program Manager,Marcus Aldridge,1,1,False,1
linkedin.com/in/solveig-mkhize-5695,profile_url,solveig mkhize,Solveig Mkhize,linkedin.com/in/solveig-mkhize-5695,Underwood & Vale,VP Engineering,Tomás Beckett,1,1,False,0
linkedin.com/in/solveig-nakashima-8659,profile_url,solveig nakashima,Solveig Nakashima,linkedin.com/in/solveig-nakashima-8659,Xanthe Labs,Director of IT,Priya Raghunathan,1,1,False,0
linkedin.com/in/solveig-nakashima-vasquez-7955,profile_url,solveig nakashima vasquez,Solveig Nakashima-Vasquez,linkedin.com/in/solveig-nakashima-vasquez-7955,Corbridge Realty,Head of Automation,Tomás Beckett,1,1,False,0
linkedin.com/in/solveig-norrington-5740,profile_url,solveig norrington,Solveig Norrington,linkedin.com/in/solveig-norrington-5740,Ondermark Consulting,VP Engineering,Marcus Aldridge,1,1,False,0
linkedin.com/in/solveig-okonkwo-6517,profile_url,solveig okonkwo,Solveig Okonkwo,linkedin.com/in/solveig-okonkwo-6517,Pale Harbour Studio,Head of Platform Engineering,Marcus Aldridge,1,1,False,0
linkedin.com/in/solveig-okonkwo-vasquez-5371,profile_url,solveig okonkwo vasquez,Solveig Okonkwo-Vasquez,linkedin.com/in/solveig-okonkwo-vasquez-5371,Garrowby Books,Platform Lead,Owen Trask,1,1,False,0
linkedin.com/in/solveig-oldfield-3235,profile_url,solveig oldfield,Solveig Oldfield,linkedin.com/in/solveig-oldfield-3235,Ambrose Trading,Product Director,Dana Whitfield,1,1,False,0
linkedin.com/in/solveig-oldfield-balogun-2496,profile_url,solveig oldfield balogun,Solveig Oldfield-Balogun,linkedin.com/in/solveig-oldfield-balogun-2496,Quintrell Advisory,Product Director,Tomás Beckett,1,1,False,0
linkedin.com/in/solveig-oyelaran-4024,profile_url,solveig oyelaran,Solveig Oyelaran,linkedin.com/in/solveig-oyelaran-4024,Ondermark Consulting,Staff Engineer,Priya Raghunathan,1,1,False,0
linkedin.com/in/solveig-petrossian-2715,profile_url,solveig petrossian,Solveig Petrossian,linkedin.com/in/solveig-petrossian-2715,Rooksby Legal,Chief Digital Officer,Tomás Beckett,1,1,False,0
linkedin.com/in/solveig-petrossian-cathcart-7827,profile_url,solveig petrossian cathcart,Solveig Petrossian-Cathcart,linkedin.com/in/solveig-petrossian-cathcart-7827,Inglenook Bakery,VP Enterprise Architecture,Owen Trask,1,1,False,0
linkedin.com/in/solveig-prendergast-1291,profile_url,solveig prendergast,Solveig Prendergast,linkedin.com/in/solveig-prendergast-1291,Rooksby Legal,Head of Innovation,Marcus Aldridge,1,1,False,0
linkedin.com/in/solveig-quillane-7620,profile_url,solveig quillane,Solveig Quillane,linkedin.com/in/solveig-quillane-7620,Quintrell Advisory,Staff Engineer,Marcus Aldridge,1,1,False,0
linkedin.com/in/solveig-rushworth-7706,profile_url,solveig rushworth,Solveig Rushworth,linkedin.com/in/solveig-rushworth-7706,Dunmowe Travel,Chief Data Officer,Marcus Aldridge,1,1,False,0
linkedin.com/in/solveig-salcedo-2540,profile_url,solveig salcedo,Solveig Salcedo,linkedin.com/in/solveig-salcedo-2540,Vespermill Analytics,Principal Architect,Marcus Aldridge,1,1,False,0
linkedin.com/in/solveig-sandoval-1216,profile_url,solveig sandoval,Solveig Sandoval,linkedin.com/in/solveig-sandoval-1216,Corbridge Realty,Staff Engineer,Marcus Aldridge,1,1,False,0
linkedin.com/in/solveig-thackeray-9442,profile_url,solveig thackeray,Solveig Thackeray,linkedin.com/in/solveig-thackeray-9442,Quintrell Advisory,Principal Architect,Tomás Beckett,1,1,False,0
linkedin.com/in/solveig-thackeray-egerton-5052,profile_url,solveig thackeray egerton,Solveig Thackeray-Egerton,linkedin.com/in/solveig-thackeray-egerton-5052,Inglenook Bakery,Head of Developer Productivity,Tomás Beckett,1,1,False,0
linkedin.com/in/solveig-thackeray-lomsadze-2972,profile_url,solveig thackeray lomsadze,Solveig Thackeray-Lomsadze,linkedin.com/in/solveig-thackeray-lomsadze-2972,Fairbourne Fitness,Platform Lead,Tomás Beckett,1,1,False,0
linkedin.com/in/solveig-underhill-6862,profile_url,solveig underhill,Solveig Underhill,linkedin.com/in/solveig-underhill-6862,Fairbourne Fitness,Head of Developer Productivity,Marcus Aldridge,1,1,False,0
linkedin.com/in/solveig-underhill-cardoso-3796,profile_url,solveig underhill cardoso,Solveig Underhill-Cardoso,linkedin.com/in/solveig-underhill-cardoso-3796,Yardley Print,"Senior Manager, Engineering",Tomás Beckett,1,1,False,0
linkedin.com/in/solveig-vandermolen-7219,profile_url,solveig vandermolen,Solveig Vandermolen,linkedin.com/in/solveig-vandermolen-7219,Whitlock Staffing,"Senior Manager, Engineering",Marcus Aldridge,1,1,False,0
linkedin.com/in/solveig-vasquez-6161,profile_url,solveig vasquez,Solveig Vasquez,linkedin.com/in/solveig-vasquez-6161,Xanthe Labs,Director of IT,Marcus Aldridge,1,1,False,0
linkedin.com/in/solveig-wexford-4558,profile_url,solveig wexford,Solveig Wexford,linkedin.com/in/solveig-wexford-4558,Pale Harbour Studio,VP Engineering,Priya Raghunathan,1,1,False,0
linkedin.com/in/solveig-wexford-lindqvist-2170,profile_url,solveig wexford lindqvist,Solveig Wexford-Lindqvist,linkedin.com/in/solveig-wexford-lindqvist-2170,Whitlock Staffing,Head of Automation,Owen Trask,1,1,False,0
linkedin.com/in/solveig-wolstenholme-9733,profile_url,solveig wolstenholme,Solveig Wolstenholme,linkedin.com/in/solveig-wolstenholme-9733,Pale Harbour Studio,Chief Information Officer,Marcus Aldridge,1,1,False,0
linkedin.com/in/solveig-yarrow-9919,profile_url,solveig yarrow,Solveig Yarrow,linkedin.com/in/solveig-yarrow-9919,Highmoor Cycles,Chief Data Officer,Dana Whitfield,1,1,False,0
linkedin.com/in/solveig-zettergren-6172,profile_url,solveig zettergren,Solveig Zettergren,linkedin.com/in/solveig-zettergren-6172,Zenner Foods,Head of Innovation,Dana Whitfield,1,1,False,0
linkedin.com/in/solveig-zubkov-3881,profile_url,solveig zubkov,Solveig Zubkov,linkedin.com/in/solveig-zubkov-3881,Xanthe Labs,"Senior Manager, Engineering",Marcus Aldridge,1,1,False,0
linkedin.com/in/sunniva-achterberg-5499,profile_url,sunniva achterberg,Sunniva Achterberg,linkedin.com/in/sunniva-achterberg-5499,Elmsworth Tutors,Chief Data Officer,Priya Raghunathan,1,1,False,0
linkedin.com/in/sunniva-ashdown-3132,profile_url,sunniva ashdown,Sunniva Ashdown,linkedin.com/in/sunniva-ashdown-3132,Xanthe Labs,Staff Engineer,Marcus Aldridge,1,1,False,0
linkedin.com/in/sunniva-ashdown-jarrold-8076,profile_url,sunniva ashdown jarrold,Sunniva Ashdown-Jarrold,linkedin.com/in/sunniva-ashdown-jarrold-8076,Vespermill Analytics,VP Engineering,Owen Trask,1,1,False,0
linkedin.com/in/sunniva-ashdown-sandoval-1888,profile_url,sunniva ashdown sandoval,Sunniva Ashdown-Sandoval,linkedin.com/in/sunniva-ashdown-sandoval-1888,Corbridge Realty,Head of Innovation,Owen Trask,1,1,False,0
linkedin.com/in/sunniva-balogun-8260,profile_url,sunniva balogun,Sunniva Balogun,linkedin.com/in/sunniva-balogun-8260,Dunmowe Travel,"Senior Manager, Engineering",Priya Raghunathan,1,1,False,0
linkedin.com/in/sunniva-bellinger-5391,profile_url,sunniva bellinger,Sunniva Bellinger,linkedin.com/in/sunniva-bellinger-5391,Garrowby Books,Head of Innovation,Marcus Aldridge,1,1,False,0
linkedin.com/in/sunniva-brenneman-2124,profile_url,sunniva brenneman,Sunniva Brenneman,linkedin.com/in/sunniva-brenneman-2124,Rooksby Legal,Staff Engineer,Marcus Aldridge,1,1,False,0
linkedin.com/in/sunniva-cardoso-5443,profile_url,sunniva cardoso,Sunniva Cardoso,linkedin.com/in/sunniva-cardoso-5443,Zenner Foods,Chief Data Officer,Tomás Beckett,1,1,False,0
linkedin.com/in/sunniva-cathcart-7391,profile_url,sunniva cathcart,Sunniva Cathcart,linkedin.com/in/sunniva-cathcart-7391,Garrowby Books,Program Manager,Marcus Aldridge,1,1,False,0
linkedin.com/in/sunniva-crowther-5684,profile_url,sunniva crowther,Sunniva Crowther,linkedin.com/in/sunniva-crowther-5684,Pale Harbour Studio,Program Manager,Priya Raghunathan,1,1,False,0
linkedin.com/in/sunniva-crowther-mkhize-8160,profile_url,sunniva crowther mkhize,Sunniva Crowther-Mkhize,linkedin.com/in/sunniva-crowther-mkhize-8160,Elmsworth Tutors,Principal Architect,Owen Trask,1,1,False,0
linkedin.com/in/sunniva-dellinger-9257,profile_url,sunniva dellinger,Sunniva Dellinger,linkedin.com/in/sunniva-dellinger-9257,Whitlock Staffing,"Senior Manager, Engineering",Tomás Beckett,1,1,False,0
linkedin.com/in/sunniva-dobrescu-4070,profile_url,sunniva dobrescu,Sunniva Dobrescu,linkedin.com/in/sunniva-dobrescu-4070,Ondermark Consulting,Director of Software Engineering,Priya Raghunathan,1,1,False,0
linkedin.com/in/sunniva-dobrescu-havercamp-7439,profile_url,sunniva dobrescu havercamp,Sunniva Dobrescu-Havercamp,linkedin.com/in/sunniva-dobrescu-havercamp-7439,Ambrose Trading,Chief Data Officer,Owen Trask,1,1,False,0
linkedin.com/in/sunniva-drummond-6598,profile_url,sunniva drummond,Sunniva Drummond,linkedin.com/in/sunniva-drummond-6598,Corbridge Realty,Director of Software Engineering,Tomás Beckett,1,1,False,0
linkedin.com/in/sunniva-eastcott-6773,profile_url,sunniva eastcott,Sunniva Eastcott,linkedin.com/in/sunniva-eastcott-6773,Highmoor Cycles,Director of IT,Tomás Beckett,1,1,False,0
linkedin.com/in/sunniva-egerton-5094,profile_url,sunniva egerton,Sunniva Egerton,linkedin.com/in/sunniva-egerton-5094,Vespermill Analytics,Director of IT,Tomás Beckett,1,1,False,0
linkedin.com/in/sunniva-fairweather-2776,profile_url,sunniva fairweather,Sunniva Fairweather,linkedin.com/in/sunniva-fairweather-2776,Pale Harbour Studio,Chief Operating Officer,Marcus Aldridge,1,1,False,0
linkedin.com/in/sunniva-fairweather-crowther-1458,profile_url,sunniva fairweather crowther,Sunniva Fairweather-Crowther,linkedin.com/in/sunniva-fairweather-crowther-1458,Underwood & Vale,Head of Innovation,Owen Trask,1,1,False,0
linkedin.com/in/sunniva-falkenrath-5106,profile_url,sunniva falkenrath,Sunniva Falkenrath,linkedin.com/in/sunniva-falkenrath-5106,Whitlock Staffing,Engineering Manager,Marcus Aldridge,1,1,False,0
linkedin.com/in/sunniva-ferreira-8572,profile_url,sunniva ferreira,Sunniva Ferreira,linkedin.com/in/sunniva-ferreira-8572,Highmoor Cycles,Principal Architect,Tomás Beckett,1,1,False,0
linkedin.com/in/sunniva-fontaine-7302,profile_url,sunniva fontaine,Sunniva Fontaine,linkedin.com/in/sunniva-fontaine-7302,Fairbourne Fitness,Principal Architect,Tomás Beckett,1,1,False,0
linkedin.com/in/sunniva-gluckstein-9570,profile_url,sunniva gluckstein,Sunniva Glückstein,linkedin.com/in/sunniva-gluckstein-9570,Garrowby Books,VP Enterprise Architecture,Dana Whitfield,1,1,False,0
linkedin.com/in/sunniva-grimsby-9457,profile_url,sunniva grimsby,Sunniva Grimsby,linkedin.com/in/sunniva-grimsby-9457,Xanthe Labs,"Senior Manager, Engineering",Marcus Aldridge,1,1,False,0
name:sunniva grimsby lindqvist,name_only,sunniva grimsby lindqvist,Sunniva Grimsby-Lindqvist,,Whitlock Staffing,Head of Developer Productivity,Elena Duvall,1,1,False,1
linkedin.com/in/sunniva-grimsby-okonkwo-9829,profile_url,sunniva grimsby okonkwo,Sunniva Grimsby-Okonkwo,linkedin.com/in/sunniva-grimsby-okonkwo-9829,Whitlock Staffing,Principal Architect,Owen Trask,1,1,False,0
linkedin.com/in/sunniva-halloran-2765,profile_url,sunniva halloran,Sunniva Halloran,linkedin.com/in/sunniva-halloran-2765,Vespermill Analytics,Head of Automation,Dana Whitfield,1,1,False,0
linkedin.com/in/sunniva-hartigan-7152,profile_url,sunniva hartigan,Sunniva Hartigan,linkedin.com/in/sunniva-hartigan-7152,Garrowby Books,Platform Lead,Priya Raghunathan,1,1,False,0
name:sunniva havercamp,name_only,sunniva havercamp,Sunniva Havercamp,,Tannerly Design,VP Data & Analytics,Tomás Beckett,1,1,False,1
linkedin.com/in/sunniva-hojgaard-4894,profile_url,sunniva hojgaard,Sunniva Højgaard,linkedin.com/in/sunniva-hojgaard-4894,Ellerby Semiconductor,Chief Digital Officer,Dana Whitfield; Tomás Beckett,2,1,False,0
linkedin.com/in/sunniva-ibarra-9852,profile_url,sunniva ibarra,Sunniva Ibarra,linkedin.com/in/sunniva-ibarra-9852,Quintrell Advisory,Director of IT,Dana Whitfield,1,1,False,0
linkedin.com/in/sunniva-ingleby-9511,profile_url,sunniva ingleby,Sunniva Ingleby,linkedin.com/in/sunniva-ingleby-9511,Quintrell Advisory,Head of Automation,Priya Raghunathan,1,1,False,0
linkedin.com/in/sunniva-isenberg-2549,profile_url,sunniva isenberg,Sunniva Isenberg,linkedin.com/in/sunniva-isenberg-2549,Dunmowe Travel,Director of IT,Marcus Aldridge,1,1,False,0
linkedin.com/in/sunniva-jarrold-6072,profile_url,sunniva jarrold,Sunniva Jarrold,linkedin.com/in/sunniva-jarrold-6072,Rooksby Legal,Staff Engineer,Marcus Aldridge,1,1,False,0
linkedin.com/in/sunniva-kettleborough-7317,profile_url,sunniva kettleborough,Sunniva Kettleborough,linkedin.com/in/sunniva-kettleborough-7317,Yardley Print,Director of IT,Priya Raghunathan,1,1,False,0
linkedin.com/in/sunniva-kirkbride-9602,profile_url,sunniva kirkbride,Sunniva Kirkbride,linkedin.com/in/sunniva-kirkbride-9602,Elmsworth Tutors,Head of Platform Engineering,Marcus Aldridge,1,1,False,0
linkedin.com/in/sunniva-lindqvist-2413,profile_url,sunniva lindqvist,Sunniva Lindqvist,linkedin.com/in/sunniva-lindqvist-2413,Ambrose Trading,Director of Software Engineering,Marcus Aldridge,1,1,False,0
linkedin.com/in/sunniva-lomsadze-1392,profile_url,sunniva lomsadze,Sunniva Lomsadze,linkedin.com/in/sunniva-lomsadze-1392,Rooksby Legal,VP Data & Analytics,Priya Raghunathan,1,1,False,0
linkedin.com/in/sunniva-lomsadze-drummond-2766,profile_url,sunniva lomsadze drummond,Sunniva Lomsadze-Drummond,linkedin.com/in/sunniva-lomsadze-drummond-2766,Bellchamber Media,Director of IT,Owen Trask,1,1,False,0
linkedin.com/in/sunniva-marchetti-5478,profile_url,sunniva marchetti,Sunniva Marchetti,linkedin.com/in/sunniva-marchetti-5478,Pale Harbour Studio,Platform Lead,Tomás Beckett,1,1,False,0
linkedin.com/in/sunniva-merriweather-9931,profile_url,sunniva merriweather,Sunniva Merriweather,linkedin.com/in/sunniva-merriweather-9931,Ambrose Trading,Product Director,Marcus Aldridge,1,1,False,0
linkedin.com/in/sunniva-mkhize-3054,profile_url,sunniva mkhize,Sunniva Mkhize,linkedin.com/in/sunniva-mkhize-3054,Zenner Foods,Program Manager,Priya Raghunathan,1,1,False,0
linkedin.com/in/sunniva-nakashima-7800,profile_url,sunniva nakashima,Sunniva Nakashima,linkedin.com/in/sunniva-nakashima-7800,Inglenook Bakery,Director of IT,Marcus Aldridge,1,1,False,0
linkedin.com/in/sunniva-nakashima-vasquez-2704,profile_url,sunniva nakashima vasquez,Sunniva Nakashima-Vasquez,linkedin.com/in/sunniva-nakashima-vasquez-2704,Dunmowe Travel,Principal Architect,Elena Duvall,1,1,False,0
linkedin.com/in/sunniva-norrington-1378,profile_url,sunniva norrington,Sunniva Norrington,linkedin.com/in/sunniva-norrington-1378,Inglenook Bakery,Program Manager,Tomás Beckett,1,1,False,0
linkedin.com/in/sunniva-okonkwo-7043,profile_url,sunniva okonkwo,Sunniva Okonkwo,linkedin.com/in/sunniva-okonkwo-7043,Yardley Print,Staff Engineer,Dana Whitfield,1,1,False,0
linkedin.com/in/sunniva-oldfield-4247,profile_url,sunniva oldfield,Sunniva Oldfield,linkedin.com/in/sunniva-oldfield-4247,Glasspoint Health,Chief Operating Officer,Elena Duvall; Marcus Aldridge,2,1,False,0
linkedin.com/in/sunniva-oyelaran-8960,profile_url,sunniva oyelaran,Sunniva Oyelaran,linkedin.com/in/sunniva-oyelaran-8960,Zenner Foods,VP Engineering,Marcus Aldridge,1,1,False,0
linkedin.com/in/sunniva-petrossian-2486,profile_url,sunniva petrossian,Sunniva Petrossian,linkedin.com/in/sunniva-petrossian-2486,Tannerly Design,Platform Lead,Marcus Aldridge,1,1,False,0
linkedin.com/in/sunniva-prendergast-3699,profile_url,sunniva prendergast,Sunniva Prendergast,linkedin.com/in/sunniva-prendergast-3699,Rooksby Legal,Principal Architect,Marcus Aldridge,1,1,False,0
linkedin.com/in/sunniva-quillane-3333,profile_url,sunniva quillane,Sunniva Quillane,linkedin.com/in/sunniva-quillane-3333,Highmoor Cycles,Director of IT,Tomás Beckett,1,1,False,0
linkedin.com/in/sunniva-rushworth-5283,profile_url,sunniva rushworth,Sunniva Rushworth,linkedin.com/in/sunniva-rushworth-5283,Corbridge Realty,VP Enterprise Architecture,Marcus Aldridge,1,1,False,0
linkedin.com/in/sunniva-salcedo-7660,profile_url,sunniva salcedo,Sunniva Salcedo,linkedin.com/in/sunniva-salcedo-7660,Elmsworth Tutors,Product Director,Marcus Aldridge,1,1,False,0
linkedin.com/in/sunniva-salcedo-nakashima-6439,profile_url,sunniva salcedo nakashima,Sunniva Salcedo-Nakashima,linkedin.com/in/sunniva-salcedo-nakashima-6439,Highmoor Cycles,Platform Lead,Elena Duvall,1,1,False,0
linkedin.com/in/sunniva-sandoval-5851,profile_url,sunniva sandoval,Sunniva Sandoval,linkedin.com/in/sunniva-sandoval-5851,Tannerly Design,Chief Data Officer,Dana Whitfield,1,1,False,0
linkedin.com/in/sunniva-sandoval-hojgaard-3527,profile_url,sunniva sandoval hojgaard,Sunniva Sandoval-Højgaard,linkedin.com/in/sunniva-sandoval-hojgaard-3527,Yardley Print,VP Engineering,Elena Duvall,1,1,False,0
linkedin.com/in/sunniva-thackeray-6625,profile_url,sunniva thackeray,Sunniva Thackeray,linkedin.com/in/sunniva-thackeray-6625,Inglenook Bakery,VP Engineering,Tomás Beckett,1,1,False,0
linkedin.com/in/sunniva-underhill-6871,profile_url,sunniva underhill,Sunniva Underhill,linkedin.com/in/sunniva-underhill-6871,Whitlock Staffing,Staff Engineer,Marcus Aldridge,1,1,False,0
linkedin.com/in/sunniva-underhill-jarrold-9767,profile_url,sunniva underhill jarrold,Sunniva Underhill-Jarrold,linkedin.com/in/sunniva-underhill-jarrold-9767,Corbridge Realty,Chief Technology Officer,Elena Duvall,1,1,False,0
linkedin.com/in/sunniva-vandermolen-5785,profile_url,sunniva vandermolen,Sunniva Vandermolen,linkedin.com/in/sunniva-vandermolen-5785,Elmsworth Tutors,Product Director,Marcus Aldridge,1,1,False,0
linkedin.com/in/sunniva-vasquez-9095,profile_url,sunniva vasquez,Sunniva Vasquez,linkedin.com/in/sunniva-vasquez-9095,Ondermark Consulting,Chief Information Officer,Marcus Aldridge,1,1,False,0
linkedin.com/in/sunniva-wexford-4151,profile_url,sunniva wexford,Sunniva Wexford,linkedin.com/in/sunniva-wexford-4151,Elmsworth Tutors,Principal Architect,Priya Raghunathan,1,1,False,0
linkedin.com/in/sunniva-wolstenholme-9746,profile_url,sunniva wolstenholme,Sunniva Wolstenholme,linkedin.com/in/sunniva-wolstenholme-9746,Tannerly Design,Program Manager,Priya Raghunathan,1,1,False,0
linkedin.com/in/sunniva-wolstenholme-crowther-9010,profile_url,sunniva wolstenholme crowther,Sunniva Wolstenholme-Crowther,linkedin.com/in/sunniva-wolstenholme-crowther-9010,Yardley Print,Product Director,Elena Duvall,1,1,False,0
linkedin.com/in/sunniva-yarrow-9472,profile_url,sunniva yarrow,Sunniva Yarrow,linkedin.com/in/sunniva-yarrow-9472,Highmoor Cycles,Head of Automation,Dana Whitfield,1,1,False,0
linkedin.com/in/sunniva-zettergren-2889,profile_url,sunniva zettergren,Sunniva Zettergren,linkedin.com/in/sunniva-zettergren-2889,Tannerly Design,Staff Engineer,Dana Whitfield,1,1,False,0
linkedin.com/in/sunniva-zubkov-1424,profile_url,sunniva zubkov,Sunniva Zubkov,linkedin.com/in/sunniva-zubkov-1424,Ondermark Consulting,Head of Platform Engineering,Marcus Aldridge,1,1,False,0
linkedin.com/in/sunniva-zubkov-wexford-2313,profile_url,sunniva zubkov wexford,Sunniva Zubkov-Wexford,linkedin.com/in/sunniva-zubkov-wexford-2313,Dunmowe Travel,Staff Engineer,Elena Duvall,1,1,False,0
linkedin.com/in/tanvi-achterberg-1959,profile_url,tanvi achterberg,Tanvi Achterberg,linkedin.com/in/tanvi-achterberg-1959,Ambrose Trading,"Senior Manager, Engineering",Dana Whitfield,1,1,False,0
linkedin.com/in/tanvi-achterberg-prendergast-2733,profile_url,tanvi achterberg prendergast,Tanvi Achterberg-Prendergast,linkedin.com/in/tanvi-achterberg-prendergast-2733,Elmsworth Tutors,Head of Innovation,Owen Trask,1,1,False,0
linkedin.com/in/tanvi-ashdown-2463,profile_url,tanvi ashdown,Tanvi Ashdown,linkedin.com/in/tanvi-ashdown-2463,Quintrell Advisory,Staff Engineer,Dana Whitfield,1,1,False,0
linkedin.com/in/tanvi-balogun-8012,profile_url,tanvi balogun,Tanvi Balogun,linkedin.com/in/tanvi-balogun-8012,Yardley Print,Chief Technology Officer,Priya Raghunathan,1,1,False,0
linkedin.com/in/tanvi-bellinger-9388,profile_url,tanvi bellinger,Tanvi Bellinger,linkedin.com/in/tanvi-bellinger-9388,Rooksby Legal,Program Manager,Priya Raghunathan,1,1,False,0
linkedin.com/in/tanvi-bellinger-quillane-9717,profile_url,tanvi bellinger quillane,Tanvi Bellinger-Quillane,linkedin.com/in/tanvi-bellinger-quillane-9717,Pale Harbour Studio,Staff Engineer,Tomás Beckett,1,1,False,0
linkedin.com/in/tanvi-brenneman-9215,profile_url,tanvi brenneman,Tanvi Brenneman,linkedin.com/in/tanvi-brenneman-9215,Underwood & Vale,Program Manager,Marcus Aldridge,1,1,False,0
linkedin.com/in/tanvi-cardoso-2810,profile_url,tanvi cardoso,Tanvi Cardoso,linkedin.com/in/tanvi-cardoso-2810,Inglenook Bakery,Head of Platform Engineering,Marcus Aldridge,1,1,False,0
linkedin.com/in/tanvi-cathcart-8641,profile_url,tanvi cathcart,Tanvi Cathcart,linkedin.com/in/tanvi-cathcart-8641,Xanthe Labs,Engineering Manager,Marcus Aldridge,1,1,False,0
linkedin.com/in/tanvi-crowther-2653,profile_url,tanvi crowther,Tanvi Crowther,linkedin.com/in/tanvi-crowther-2653,Elmsworth Tutors,Head of Innovation,Dana Whitfield,1,1,False,0
name:tanvi dellinger,name_only,tanvi dellinger,Tanvi Dellinger,,Fairbourne Fitness,Staff Engineer,Marcus Aldridge,1,1,False,1
linkedin.com/in/tanvi-dellinger-quillane-1780,profile_url,tanvi dellinger quillane,Tanvi Dellinger-Quillane,linkedin.com/in/tanvi-dellinger-quillane-1780,Vespermill Analytics,Head of Automation,Owen Trask,1,1,False,0
linkedin.com/in/tanvi-dobrescu-4493,profile_url,tanvi dobrescu,Tanvi Dobrescu,linkedin.com/in/tanvi-dobrescu-4493,Pale Harbour Studio,Product Director,Dana Whitfield,1,1,False,0
linkedin.com/in/tanvi-drummond-5140,profile_url,tanvi drummond,Tanvi Drummond,linkedin.com/in/tanvi-drummond-5140,Fairbourne Fitness,Staff Engineer,Dana Whitfield,1,1,False,0
linkedin.com/in/tanvi-drummond-cardoso-3381,profile_url,tanvi drummond cardoso,Tanvi Drummond-Cardoso,linkedin.com/in/tanvi-drummond-cardoso-3381,Dunmowe Travel,"Senior Manager, Engineering",Tomás Beckett,1,1,False,0
linkedin.com/in/tanvi-drummond-falkenrath-8766,profile_url,tanvi drummond falkenrath,Tanvi Drummond-Falkenrath,linkedin.com/in/tanvi-drummond-falkenrath-8766,Xanthe Labs,Program Manager,Elena Duvall,1,1,False,0
linkedin.com/in/tanvi-drummond-zubkov-5707,profile_url,tanvi drummond zubkov,Tanvi Drummond-Zubkov,linkedin.com/in/tanvi-drummond-zubkov-5707,Vespermill Analytics,Program Manager,Tomás Beckett,1,1,False,0
linkedin.com/in/tanvi-eastcott-4875,profile_url,tanvi eastcott,Tanvi Eastcott,linkedin.com/in/tanvi-eastcott-4875,Ironvale Steel,Chief Data Officer,Marcus Aldridge; Priya Raghunathan,2,1,False,0
linkedin.com/in/tanvi-egerton-1144,profile_url,tanvi egerton,Tanvi Egerton,linkedin.com/in/tanvi-egerton-1144,Underwood & Vale,Principal Architect,Priya Raghunathan,1,1,False,0
linkedin.com/in/tanvi-fairweather-4420,profile_url,tanvi fairweather,Tanvi Fairweather,linkedin.com/in/tanvi-fairweather-4420,Corbridge Realty,"Senior Manager, Engineering",Marcus Aldridge,1,1,False,0
linkedin.com/in/tanvi-falkenrath-9970,profile_url,tanvi falkenrath,Tanvi Falkenrath,linkedin.com/in/tanvi-falkenrath-9970,Underwood & Vale,Chief Technology Officer,Priya Raghunathan,1,1,False,0
linkedin.com/in/tanvi-ferreira-8043,profile_url,tanvi ferreira,Tanvi Ferreira,linkedin.com/in/tanvi-ferreira-8043,Ondermark Consulting,Head of Developer Productivity,Priya Raghunathan,1,1,False,0
name:tanvi fontaine,name_only,tanvi fontaine,Tanvi Fontaine,,Inglenook Bakery,VP Enterprise Architecture,Dana Whitfield,1,1,False,1
linkedin.com/in/tanvi-gluckstein-2473,profile_url,tanvi gluckstein,Tanvi Glückstein,linkedin.com/in/tanvi-gluckstein-2473,Elmsworth Tutors,Head of Automation,Dana Whitfield,1,1,False,0
linkedin.com/in/tanvi-gluckstein-oyelaran-1068,profile_url,tanvi gluckstein oyelaran,Tanvi Glückstein-Oyelaran,linkedin.com/in/tanvi-gluckstein-oyelaran-1068,Pale Harbour Studio,Head of Automation,Elena Duvall,1,1,False,0
linkedin.com/in/tanvi-grimsby-9286,profile_url,tanvi grimsby,Tanvi Grimsby,linkedin.com/in/tanvi-grimsby-9286,Pale Harbour Studio,Chief Data Officer,Marcus Aldridge,1,1,False,0
linkedin.com/in/tanvi-halloran-7066,profile_url,tanvi halloran,Tanvi Halloran,linkedin.com/in/tanvi-halloran-7066,Yardley Print,VP Engineering,Marcus Aldridge,1,1,False,0
linkedin.com/in/tanvi-halloran-ingleby-9891,profile_url,tanvi halloran ingleby,Tanvi Halloran-Ingleby,linkedin.com/in/tanvi-halloran-ingleby-9891,Ambrose Trading,Director of IT,Tomás Beckett,1,1,False,0
linkedin.com/in/tanvi-halloran-oldfield-9745,profile_url,tanvi halloran oldfield,Tanvi Halloran-Oldfield,linkedin.com/in/tanvi-halloran-oldfield-9745,Corbridge Realty,Head of Automation,Owen Trask,1,1,False,0
linkedin.com/in/tanvi-hartigan-4871,profile_url,tanvi hartigan,Tanvi Hartigan,linkedin.com/in/tanvi-hartigan-4871,Rooksby Legal,VP Data & Analytics,Tomás Beckett,1,1,False,0
linkedin.com/in/tanvi-havercamp-4768,profile_url,tanvi havercamp,Tanvi Havercamp,linkedin.com/in/tanvi-havercamp-4768,Fairbourne Fitness,Director of IT,Priya Raghunathan,1,1,False,0
linkedin.com/in/tanvi-hojgaard-2884,profile_url,tanvi hojgaard,Tanvi Højgaard,linkedin.com/in/tanvi-hojgaard-2884,Ondermark Consulting,Platform Lead,Dana Whitfield,1,1,False,0
linkedin.com/in/tanvi-ibarra-8563,profile_url,tanvi ibarra,Tanvi Ibarra,linkedin.com/in/tanvi-ibarra-8563,Ondermark Consulting,Principal Architect,Dana Whitfield,1,1,False,0
linkedin.com/in/tanvi-ingleby-8604,profile_url,tanvi ingleby,Tanvi Ingleby,linkedin.com/in/tanvi-ingleby-8604,Xanthe Labs,Program Manager,Tomás Beckett,1,1,False,0
name:tanvi isenberg,name_only,tanvi isenberg,Tanvi Isenberg,,Inglenook Bakery,Platform Lead,Tomás Beckett,1,1,False,1
linkedin.com/in/tanvi-jarrold-6234,profile_url,tanvi jarrold,Tanvi Jarrold,linkedin.com/in/tanvi-jarrold-6234,Inglenook Bakery,Director of IT,Dana Whitfield,1,1,False,0
linkedin.com/in/tanvi-jarrold-dobrescu-9067,profile_url,tanvi jarrold dobrescu,Tanvi Jarrold-Dobrescu,linkedin.com/in/tanvi-jarrold-dobrescu-9067,Zenner Foods,Director of IT,Elena Duvall,1,1,False,0
linkedin.com/in/tanvi-kettleborough-5963,profile_url,tanvi kettleborough,Tanvi Kettleborough,linkedin.com/in/tanvi-kettleborough-5963,Underwood & Vale,"Senior Manager, Engineering",Priya Raghunathan,1,1,False,0
linkedin.com/in/tanvi-kirkbride-7166,profile_url,tanvi kirkbride,Tanvi Kirkbride,linkedin.com/in/tanvi-kirkbride-7166,Whitlock Staffing,Platform Lead,Marcus Aldridge,1,1,False,0
linkedin.com/in/tanvi-lindqvist-7873,profile_url,tanvi lindqvist,Tanvi Lindqvist,linkedin.com/in/tanvi-lindqvist-7873,Quintrell Advisory,Platform Lead,Tomás Beckett,1,1,False,0
linkedin.com/in/tanvi-lindqvist-egerton-2085,profile_url,tanvi lindqvist egerton,Tanvi Lindqvist-Egerton,linkedin.com/in/tanvi-lindqvist-egerton-2085,Fairbourne Fitness,Program Manager,Tomás Beckett,1,1,False,0
linkedin.com/in/tanvi-lomsadze-7609,profile_url,tanvi lomsadze,Tanvi Lomsadze,linkedin.com/in/tanvi-lomsadze-7609,Elmsworth Tutors,SVP Digital,Dana Whitfield,1,1,False,0
linkedin.com/in/tanvi-lomsadze-quillane-3823,profile_url,tanvi lomsadze quillane,Tanvi Lomsadze-Quillane,linkedin.com/in/tanvi-lomsadze-quillane-3823,Ondermark Consulting,"Senior Manager, Engineering",Tomás Beckett,1,1,False,0
linkedin.com/in/tanvi-marchetti-9611,profile_url,tanvi marchetti,Tanvi Marchetti,linkedin.com/in/tanvi-marchetti-9611,Corbridge Realty,Director of IT,Marcus Aldridge,1,1,False,0
linkedin.com/in/tanvi-merriweather-6365,profile_url,tanvi merriweather,Tanvi Merriweather,linkedin.com/in/tanvi-merriweather-6365,Yardley Print,"Senior Manager, Engineering",Marcus Aldridge,1,1,False,0
linkedin.com/in/tanvi-mkhize-5242,profile_url,tanvi mkhize,Tanvi Mkhize,linkedin.com/in/tanvi-mkhize-5242,Underwood & Vale,VP Data & Analytics,Dana Whitfield,1,1,False,0
linkedin.com/in/tanvi-nakashima-1517,profile_url,tanvi nakashima,Tanvi Nakashima,linkedin.com/in/tanvi-nakashima-1517,Ondermark Consulting,Head of Innovation,Marcus Aldridge,1,1,False,0
linkedin.com/in/tanvi-nakashima-vasquez-3196,profile_url,tanvi nakashima vasquez,Tanvi Nakashima-Vasquez,linkedin.com/in/tanvi-nakashima-vasquez-3196,Garrowby Books,Chief Information Officer,Owen Trask,1,1,False,0
linkedin.com/in/tanvi-norrington-9620,profile_url,tanvi norrington,Tanvi Norrington,linkedin.com/in/tanvi-norrington-9620,Xanthe Labs,Director of IT,Tomás Beckett,1,1,False,0
linkedin.com/in/tanvi-norrington-jarrold-4542,profile_url,tanvi norrington jarrold,Tanvi Norrington-Jarrold,linkedin.com/in/tanvi-norrington-jarrold-4542,Zenner Foods,Director of Software Engineering,Owen Trask,1,1,False,0
linkedin.com/in/tanvi-norrington-oyelaran-8311,profile_url,tanvi norrington oyelaran,Tanvi Norrington-Oyelaran,linkedin.com/in/tanvi-norrington-oyelaran-8311,Dunmowe Travel,VP Enterprise Architecture,Elena Duvall,1,1,False,0
linkedin.com/in/tanvi-okonkwo-2259,profile_url,tanvi okonkwo,Tanvi Okonkwo,linkedin.com/in/tanvi-okonkwo-2259,Underwood & Vale,Engineering Manager,Dana Whitfield,1,1,False,0
linkedin.com/in/tanvi-oldfield-2687,profile_url,tanvi oldfield,Tanvi Oldfield,linkedin.com/in/tanvi-oldfield-2687,Vespermill Analytics,Staff Engineer,Priya Raghunathan,1,1,False,0
linkedin.com/in/tanvi-oyelaran-2560,profile_url,tanvi oyelaran,Tanvi Oyelaran,linkedin.com/in/tanvi-oyelaran-2560,Pale Harbour Studio,VP Enterprise Architecture,Marcus Aldridge,1,1,False,0
linkedin.com/in/tanvi-petrossian-2309,profile_url,tanvi petrossian,Tanvi Petrossian,linkedin.com/in/tanvi-petrossian-2309,Garrowby Books,Head of Innovation,Marcus Aldridge,1,1,False,0
name:tanvi prendergast,name_only,tanvi prendergast,Tanvi Prendergast,,Xanthe Labs,Product Director,Marcus Aldridge,1,1,False,1
linkedin.com/in/tanvi-prendergast-hartigan-9303,profile_url,tanvi prendergast hartigan,Tanvi Prendergast-Hartigan,linkedin.com/in/tanvi-prendergast-hartigan-9303,Pale Harbour Studio,VP Enterprise Architecture,Owen Trask,1,1,False,0
linkedin.com/in/tanvi-quillane-7608,profile_url,tanvi quillane,Tanvi Quillane,linkedin.com/in/tanvi-quillane-7608,Ondermark Consulting,Principal Architect,Marcus Aldridge,1,1,False,0
linkedin.com/in/tanvi-rushworth-7612,profile_url,tanvi rushworth,Tanvi Rushworth,linkedin.com/in/tanvi-rushworth-7612,Inglenook Bakery,Program Manager,Tomás Beckett,1,1,False,0
linkedin.com/in/tanvi-salcedo-2555,profile_url,tanvi salcedo,Tanvi Salcedo,linkedin.com/in/tanvi-salcedo-2555,Pale Harbour Studio,Head of Platform Engineering,Dana Whitfield,1,1,False,0
linkedin.com/in/tanvi-sandoval-9834,profile_url,tanvi sandoval,Tanvi Sandoval,linkedin.com/in/tanvi-sandoval-9834,Fairbourne Fitness,VP Engineering,Marcus Aldridge,1,1,False,0
linkedin.com/in/tanvi-thackeray-1616,profile_url,tanvi thackeray,Tanvi Thackeray,linkedin.com/in/tanvi-thackeray-1616,Highmoor Cycles,Product Director,Tomás Beckett,1,1,False,0
linkedin.com/in/tanvi-underhill-5965,profile_url,tanvi underhill,Tanvi Underhill,linkedin.com/in/tanvi-underhill-5965,Garrowby Books,Staff Engineer,Dana Whitfield,1,1,False,0
linkedin.com/in/tanvi-vandermolen-5462,profile_url,tanvi vandermolen,Tanvi Vandermolen,linkedin.com/in/tanvi-vandermolen-5462,Tannerly Design,"Senior Manager, Engineering",Dana Whitfield,1,1,False,0
linkedin.com/in/tanvi-vasquez-2825,profile_url,tanvi vasquez,Tanvi Vasquez,linkedin.com/in/tanvi-vasquez-2825,Tannerly Design,Staff Engineer,Tomás Beckett,1,1,False,0
linkedin.com/in/tanvi-wexford-5459,profile_url,tanvi wexford,Tanvi Wexford,linkedin.com/in/tanvi-wexford-5459,Ambrose Trading,Chief Operating Officer,Tomás Beckett,1,1,False,0
linkedin.com/in/tanvi-wolstenholme-1208,profile_url,tanvi wolstenholme,Tanvi Wolstenholme,linkedin.com/in/tanvi-wolstenholme-1208,Bellchamber Media,SVP Digital,Tomás Beckett,1,1,False,0
linkedin.com/in/tanvi-yarrow-3567,profile_url,tanvi yarrow,Tanvi Yarrow,linkedin.com/in/tanvi-yarrow-3567,Underwood & Vale,Platform Lead,Tomás Beckett,1,1,False,0
linkedin.com/in/tanvi-yarrow-crowther-4830,profile_url,tanvi yarrow crowther,Tanvi Yarrow-Crowther,linkedin.com/in/tanvi-yarrow-crowther-4830,Quintrell Advisory,Chief Data Officer,Elena Duvall,1,1,False,0
linkedin.com/in/tanvi-zettergren-9415,profile_url,tanvi zettergren,Tanvi Zettergren,linkedin.com/in/tanvi-zettergren-9415,Garrowby Books,"Senior Manager, Engineering",Marcus Aldridge,1,1,False,0
linkedin.com/in/tanvi-zubkov-8779,profile_url,tanvi zubkov,Tanvi Zubkov,linkedin.com/in/tanvi-zubkov-8779,Corbridge Realty,VP Engineering,Tomás Beckett,1,1,False,0
linkedin.com/in/teodor-achterberg-4653,profile_url,teodor achterberg,Teodor Achterberg,linkedin.com/in/teodor-achterberg-4653,Bellchamber Media,Principal Architect,Tomás Beckett,1,1,False,0
linkedin.com/in/teodor-ashdown-6017,profile_url,teodor ashdown,Teodor Ashdown,linkedin.com/in/teodor-ashdown-6017,Highmoor Cycles,Chief Digital Officer,Tomás Beckett,1,1,False,0
name:teodor balogun,name_only,teodor balogun,Teodor Balogun,,Ondermark Consulting,Chief Digital Officer,Marcus Aldridge,1,1,False,1
linkedin.com/in/teodor-bellinger-1189,profile_url,teodor bellinger,Teodor Bellinger,linkedin.com/in/teodor-bellinger-1189,Yardley Print,Staff Engineer,Marcus Aldridge,1,1,False,0
linkedin.com/in/teodor-brenneman-8142,profile_url,teodor brenneman,Teodor Brenneman,linkedin.com/in/teodor-brenneman-8142,Yardley Print,Platform Lead,Tomás Beckett,1,1,False,0
linkedin.com/in/teodor-cardoso-3386,profile_url,teodor cardoso,Teodor Cardoso,linkedin.com/in/teodor-cardoso-3386,Dunmowe Travel,Product Director,Marcus Aldridge,1,1,False,0
linkedin.com/in/teodor-cathcart-6400,profile_url,teodor cathcart,Teodor Cathcart,linkedin.com/in/teodor-cathcart-6400,Whitlock Staffing,Head of Innovation,Dana Whitfield,1,1,False,0
linkedin.com/in/teodor-cathcart-fairweather-8234,profile_url,teodor cathcart fairweather,Teodor Cathcart-Fairweather,linkedin.com/in/teodor-cathcart-fairweather-8234,Pale Harbour Studio,Product Director,Elena Duvall,1,1,False,0
name:teodor cathcart rushworth,name_only,teodor cathcart rushworth,Teodor Cathcart-Rushworth,,Tannerly Design,Program Manager,Tomás Beckett,1,1,False,1
linkedin.com/in/teodor-crowther-1283,profile_url,teodor crowther,Teodor Crowther,linkedin.com/in/teodor-crowther-1283,Yardley Print,SVP Digital,Dana Whitfield,1,1,False,0
linkedin.com/in/teodor-dellinger-2987,profile_url,teodor dellinger,Teodor Dellinger,linkedin.com/in/teodor-dellinger-2987,Fairbourne Fitness,VP Engineering,Dana Whitfield,1,1,False,0
linkedin.com/in/teodor-dellinger-dobrescu-2509,profile_url,teodor dellinger dobrescu,Teodor Dellinger-Dobrescu,linkedin.com/in/teodor-dellinger-dobrescu-2509,Vespermill Analytics,"Senior Manager, Engineering",Tomás Beckett,1,1,False,0
linkedin.com/in/teodor-dellinger-havercamp-3730,profile_url,teodor dellinger havercamp,Teodor Dellinger-Havercamp,linkedin.com/in/teodor-dellinger-havercamp-3730,Rooksby Legal,Platform Lead,Elena Duvall,1,1,False,0
linkedin.com/in/teodor-dobrescu-6906,profile_url,teodor dobrescu,Teodor Dobrescu,linkedin.com/in/teodor-dobrescu-6906,Tannerly Design,Product Director,Priya Raghunathan,1,1,False,0
name:teodor drummond,name_only,teodor drummond,Teodor Drummond,,Fairbourne Fitness,Principal Architect,Dana Whitfield,1,1,False,1
linkedin.com/in/teodor-eastcott-1976,profile_url,teodor eastcott,Teodor Eastcott,linkedin.com/in/teodor-eastcott-1976,Tannerly Design,"Senior Manager, Engineering",Priya Raghunathan,1,1,False,0
linkedin.com/in/teodor-egerton-1544,profile_url,teodor egerton,Teodor Egerton,linkedin.com/in/teodor-egerton-1544,Ondermark Consulting,Product Director,Dana Whitfield,1,1,False,0
linkedin.com/in/teodor-fairweather-2446,profile_url,teodor fairweather,Teodor Fairweather,linkedin.com/in/teodor-fairweather-2446,Underwood & Vale,Director of IT,Dana Whitfield,1,1,False,0
linkedin.com/in/teodor-falkenrath-7866,profile_url,teodor falkenrath,Teodor Falkenrath,linkedin.com/in/teodor-falkenrath-7866,Bellchamber Media,Head of Platform Engineering,Marcus Aldridge,1,1,False,0
linkedin.com/in/teodor-ferreira-4392,profile_url,teodor ferreira,Teodor Ferreira,linkedin.com/in/teodor-ferreira-4392,Corbridge Realty,Platform Lead,Priya Raghunathan,1,1,False,0
linkedin.com/in/teodor-fontaine-2895,profile_url,teodor fontaine,Teodor Fontaine,linkedin.com/in/teodor-fontaine-2895,Corbridge Realty,Head of Developer Productivity,Marcus Aldridge,1,1,False,0
linkedin.com/in/teodor-gluckstein-5134,profile_url,teodor gluckstein,Teodor Glückstein,linkedin.com/in/teodor-gluckstein-5134,Bellchamber Media,Program Manager,Priya Raghunathan,1,1,False,0
linkedin.com/in/teodor-grimsby-4302,profile_url,teodor grimsby,Teodor Grimsby,linkedin.com/in/teodor-grimsby-4302,Underwood & Vale,Product Director,Dana Whitfield,1,1,False,0
linkedin.com/in/teodor-halloran-1569,profile_url,teodor halloran,Teodor Halloran,linkedin.com/in/teodor-halloran-1569,Whitlock Staffing,Platform Lead,Tomás Beckett,1,1,False,0
linkedin.com/in/teodor-hartigan-3429,profile_url,teodor hartigan,Teodor Hartigan,linkedin.com/in/teodor-hartigan-3429,Dunmowe Travel,VP Data & Analytics,Marcus Aldridge,1,1,False,0
linkedin.com/in/teodor-havercamp-4186,profile_url,teodor havercamp,Teodor Havercamp,linkedin.com/in/teodor-havercamp-4186,Yardley Print,Product Director,Marcus Aldridge,1,1,False,0
linkedin.com/in/teodor-havercamp-vasquez-4303,profile_url,teodor havercamp vasquez,Teodor Havercamp-Vasquez,linkedin.com/in/teodor-havercamp-vasquez-4303,Bellchamber Media,Engineering Manager,Elena Duvall,1,1,False,0
linkedin.com/in/teodor-hojgaard-2302,profile_url,teodor hojgaard,Teodor Højgaard,linkedin.com/in/teodor-hojgaard-2302,Inglenook Bakery,Head of Innovation,Marcus Aldridge,1,1,False,0
linkedin.com/in/teodor-ibarra-6315,profile_url,teodor ibarra,Teodor Ibarra,linkedin.com/in/teodor-ibarra-6315,Garrowby Books,Platform Lead,Tomás Beckett,1,1,False,0
linkedin.com/in/teodor-ingleby-4010,profile_url,teodor ingleby,Teodor Ingleby,linkedin.com/in/teodor-ingleby-4010,Zenner Foods,Director of IT,Tomás Beckett,1,1,False,0
linkedin.com/in/teodor-isenberg-7298,profile_url,teodor isenberg,Teodor Isenberg,linkedin.com/in/teodor-isenberg-7298,Elmsworth Tutors,SVP Digital,Priya Raghunathan,1,1,False,0
linkedin.com/in/teodor-jarrold-1759,profile_url,teodor jarrold,Teodor Jarrold,linkedin.com/in/teodor-jarrold-1759,Corbridge Realty,Chief Digital Officer,Dana Whitfield,1,1,False,0
linkedin.com/in/teodor-kettleborough-6074,profile_url,teodor kettleborough,Teodor Kettleborough,linkedin.com/in/teodor-kettleborough-6074,Ambrose Trading,Program Manager,Marcus Aldridge,1,1,False,0
linkedin.com/in/teodor-kirkbride-9688,profile_url,teodor kirkbride,Teodor Kirkbride,linkedin.com/in/teodor-kirkbride-9688,Zenner Foods,Platform Lead,Priya Raghunathan,1,1,False,0
linkedin.com/in/teodor-lindqvist-1279,profile_url,teodor lindqvist,Teodor Lindqvist,linkedin.com/in/teodor-lindqvist-1279,Ondermark Consulting,Product Director,Priya Raghunathan,1,1,False,0
linkedin.com/in/teodor-lindqvist-quillane-5202,profile_url,teodor lindqvist quillane,Teodor Lindqvist-Quillane,linkedin.com/in/teodor-lindqvist-quillane-5202,Garrowby Books,Staff Engineer,Elena Duvall,1,1,False,0
linkedin.com/in/teodor-lomsadze-7527,profile_url,teodor lomsadze,Teodor Lomsadze,linkedin.com/in/teodor-lomsadze-7527,Vespermill Analytics,Chief Digital Officer,Dana Whitfield,1,1,False,0
linkedin.com/in/teodor-marchetti-8263,profile_url,teodor marchetti,Teodor Marchetti,linkedin.com/in/teodor-marchetti-8263,Xanthe Labs,Chief Digital Officer,Dana Whitfield,1,1,False,0
linkedin.com/in/teodor-merriweather-8204,profile_url,teodor merriweather,Teodor Merriweather,linkedin.com/in/teodor-merriweather-8204,Garrowby Books,Staff Engineer,Tomás Beckett,1,1,False,0
linkedin.com/in/teodor-mkhize-3765,profile_url,teodor mkhize,Teodor Mkhize,linkedin.com/in/teodor-mkhize-3765,Highmoor Cycles,Director of Software Engineering,Dana Whitfield,1,1,False,0
linkedin.com/in/teodor-nakashima-2362,profile_url,teodor nakashima,Teodor Nakashima,linkedin.com/in/teodor-nakashima-2362,Ondermark Consulting,"Senior Manager, Engineering",Marcus Aldridge,1,1,False,0
linkedin.com/in/teodor-norrington-4599,profile_url,teodor norrington,Teodor Norrington,linkedin.com/in/teodor-norrington-4599,Underwood & Vale,Chief Information Officer,Marcus Aldridge,1,1,False,0
linkedin.com/in/teodor-norrington-hartigan-2159,profile_url,teodor norrington hartigan,Teodor Norrington-Hartigan,linkedin.com/in/teodor-norrington-hartigan-2159,Quintrell Advisory,Chief Technology Officer,Elena Duvall,1,1,False,0
linkedin.com/in/teodor-okonkwo-4999,profile_url,teodor okonkwo,Teodor Okonkwo,linkedin.com/in/teodor-okonkwo-4999,Dunmowe Travel,Principal Architect,Tomás Beckett,1,1,False,0
linkedin.com/in/teodor-oldfield-2782,profile_url,teodor oldfield,Teodor Oldfield,linkedin.com/in/teodor-oldfield-2782,Bellchamber Media,VP Engineering,Dana Whitfield,1,1,False,0
linkedin.com/in/teodor-oyelaran-8889,profile_url,teodor oyelaran,Teodor Oyelaran,linkedin.com/in/teodor-oyelaran-8889,Zenner Foods,Platform Lead,Marcus Aldridge,1,1,False,0
linkedin.com/in/teodor-petrossian-7571,profile_url,teodor petrossian,Teodor Petrossian,linkedin.com/in/teodor-petrossian-7571,Whitlock Staffing,Head of Platform Engineering,Marcus Aldridge,1,1,False,0
linkedin.com/in/teodor-prendergast-1531,profile_url,teodor prendergast,Teodor Prendergast,linkedin.com/in/teodor-prendergast-1531,Rooksby Legal,Director of Software Engineering,Priya Raghunathan,1,1,False,0
linkedin.com/in/teodor-quillane-3546,profile_url,teodor quillane,Teodor Quillane,linkedin.com/in/teodor-quillane-3546,Corbridge Realty,Engineering Manager,Marcus Aldridge,1,1,False,0
linkedin.com/in/teodor-quillane-achterberg-6002,profile_url,teodor quillane achterberg,Teodor Quillane-Achterberg,linkedin.com/in/teodor-quillane-achterberg-6002,Ondermark Consulting,Engineering Manager,Owen Trask,1,1,False,0
linkedin.com/in/teodor-rushworth-7749,profile_url,teodor rushworth,Teodor Rushworth,linkedin.com/in/teodor-rushworth-7749,Pale Harbour Studio,"Senior Manager, Engineering",Marcus Aldridge,1,1,False,0
linkedin.com/in/teodor-salcedo-4001,profile_url,teodor salcedo,Teodor Salcedo,linkedin.com/in/teodor-salcedo-4001,Xanthe Labs,Chief Data Officer,Marcus Aldridge,1,1,False,0
linkedin.com/in/teodor-salcedo-yarrow-7362,profile_url,teodor salcedo yarrow,Teodor Salcedo-Yarrow,linkedin.com/in/teodor-salcedo-yarrow-7362,Rooksby Legal,Director of IT,Tomás Beckett,1,1,False,0
linkedin.com/in/teodor-sandoval-9833,profile_url,teodor sandoval,Teodor Sandoval,linkedin.com/in/teodor-sandoval-9833,Dunmowe Travel,Principal Architect,Dana Whitfield,1,1,False,0
linkedin.com/in/teodor-thackeray-5594,profile_url,teodor thackeray,Teodor Thackeray,linkedin.com/in/teodor-thackeray-5594,Inglenook Bakery,Principal Architect,Marcus Aldridge,1,1,False,0
linkedin.com/in/teodor-thackeray-balogun-9962,profile_url,teodor thackeray balogun,Teodor Thackeray-Balogun,linkedin.com/in/teodor-thackeray-balogun-9962,Zenner Foods,Principal Architect,Elena Duvall,1,1,False,0
linkedin.com/in/teodor-underhill-1775,profile_url,teodor underhill,Teodor Underhill,linkedin.com/in/teodor-underhill-1775,Corbridge Realty,Platform Lead,Dana Whitfield,1,1,False,0
linkedin.com/in/teodor-underhill-egerton-1866,profile_url,teodor underhill egerton,Teodor Underhill-Egerton,linkedin.com/in/teodor-underhill-egerton-1866,Rooksby Legal,Director of IT,Tomás Beckett,1,1,False,0
linkedin.com/in/teodor-vandermolen-4963,profile_url,teodor vandermolen,Teodor Vandermolen,linkedin.com/in/teodor-vandermolen-4963,Dunmowe Travel,Director of IT,Dana Whitfield,1,1,False,0
linkedin.com/in/teodor-vasquez-7286,profile_url,teodor vasquez,Teodor Vasquez,linkedin.com/in/teodor-vasquez-7286,Underwood & Vale,VP Engineering,Priya Raghunathan,1,1,False,0
linkedin.com/in/teodor-wexford-1546,profile_url,teodor wexford,Teodor Wexford,linkedin.com/in/teodor-wexford-1546,Quintrell Advisory,Program Manager,Tomás Beckett,1,1,False,0
linkedin.com/in/teodor-wolstenholme-7476,profile_url,teodor wolstenholme,Teodor Wolstenholme,linkedin.com/in/teodor-wolstenholme-7476,Inglenook Bakery,Head of Platform Engineering,Tomás Beckett,1,1,False,0
linkedin.com/in/teodor-yarrow-7506,profile_url,teodor yarrow,Teodor Yarrow,linkedin.com/in/teodor-yarrow-7506,Bellchamber Media,Principal Architect,Marcus Aldridge,1,1,False,0
linkedin.com/in/teodor-zettergren-5877,profile_url,teodor zettergren,Teodor Zettergren,linkedin.com/in/teodor-zettergren-5877,Pale Harbour Studio,Head of Automation,Marcus Aldridge,1,1,False,0
linkedin.com/in/teodor-zettergren-ibarra-3248,profile_url,teodor zettergren ibarra,Teodor Zettergren-Ibarra,linkedin.com/in/teodor-zettergren-ibarra-3248,Quintrell Advisory,Product Director,Tomás Beckett,1,1,False,0
linkedin.com/in/teodor-zubkov-8878,profile_url,teodor zubkov,Teodor Zubkov,linkedin.com/in/teodor-zubkov-8878,Marchford Clinics,Program Manager,Owen Trask; Priya Raghunathan,2,1,False,0
linkedin.com/in/tilda-achterberg-7692,profile_url,tilda achterberg,Tilda Achterberg,linkedin.com/in/tilda-achterberg-7692,Whitlock Staffing,Principal Architect,Marcus Aldridge,1,1,False,0
linkedin.com/in/tilda-ashdown-1114,profile_url,tilda ashdown,Tilda Ashdown,linkedin.com/in/tilda-ashdown-1114,Xanthe Labs,Engineering Manager,Marcus Aldridge,1,1,False,0
linkedin.com/in/tilda-balogun-5027,profile_url,tilda balogun,Tilda Balogun,linkedin.com/in/tilda-balogun-5027,Rooksby Legal,VP Enterprise Architecture,Dana Whitfield,1,1,False,0
name:tilda bellinger,name_only,tilda bellinger,Tilda Bellinger,,Highmoor Cycles,Principal Architect,Tomás Beckett,1,1,False,1
linkedin.com/in/tilda-brenneman-2030,profile_url,tilda brenneman,Tilda Brenneman,linkedin.com/in/tilda-brenneman-2030,Tannerly Design,Engineering Manager,Marcus Aldridge,1,1,False,0
linkedin.com/in/tilda-cardoso-5976,profile_url,tilda cardoso,Tilda Cardoso,linkedin.com/in/tilda-cardoso-5976,Ambrose Trading,Head of Innovation,Tomás Beckett,1,1,False,0
linkedin.com/in/tilda-cardoso-quillane-3669,profile_url,tilda cardoso quillane,Tilda Cardoso-Quillane,linkedin.com/in/tilda-cardoso-quillane-3669,Inglenook Bakery,Director of IT,Tomás Beckett,1,1,False,0
linkedin.com/in/tilda-cathcart-3602,profile_url,tilda cathcart,Tilda Cathcart,linkedin.com/in/tilda-cathcart-3602,Ambrose Trading,Engineering Manager,Marcus Aldridge,1,1,False,0
linkedin.com/in/tilda-crowther-4298,profile_url,tilda crowther,Tilda Crowther,linkedin.com/in/tilda-crowther-4298,Whitlock Staffing,Head of Automation,Tomás Beckett,1,1,False,0
linkedin.com/in/tilda-dellinger-1940,profile_url,tilda dellinger,Tilda Dellinger,linkedin.com/in/tilda-dellinger-1940,Inglenook Bakery,Platform Lead,Priya Raghunathan,1,1,False,0
linkedin.com/in/tilda-dobrescu-6325,profile_url,tilda dobrescu,Tilda Dobrescu,linkedin.com/in/tilda-dobrescu-6325,Zenner Foods,Head of Automation,Priya Raghunathan,1,1,False,0
linkedin.com/in/tilda-dobrescu-oldfield-1472,profile_url,tilda dobrescu oldfield,Tilda Dobrescu-Oldfield,linkedin.com/in/tilda-dobrescu-oldfield-1472,Garrowby Books,Chief Information Officer,Owen Trask,1,1,False,0
linkedin.com/in/tilda-drummond-8240,profile_url,tilda drummond,Tilda Drummond,linkedin.com/in/tilda-drummond-8240,Garrowby Books,VP Enterprise Architecture,Tomás Beckett,1,1,False,0
linkedin.com/in/tilda-eastcott-9201,profile_url,tilda eastcott,Tilda Eastcott,linkedin.com/in/tilda-eastcott-9201,Corbridge Realty,SVP Digital,Dana Whitfield,1,1,False,0
linkedin.com/in/tilda-egerton-2639,profile_url,tilda egerton,Tilda Egerton,linkedin.com/in/tilda-egerton-2639,Vespermill Analytics,Engineering Manager,Marcus Aldridge,1,1,False,0
linkedin.com/in/tilda-fairweather-5562,profile_url,tilda fairweather,Tilda Fairweather,linkedin.com/in/tilda-fairweather-5562,Quintrell Advisory,Program Manager,Tomás Beckett,1,1,False,0
linkedin.com/in/tilda-falkenrath-6703,profile_url,tilda falkenrath,Tilda Falkenrath,linkedin.com/in/tilda-falkenrath-6703,Xanthe Labs,Product Director,Marcus Aldridge,1,1,False,0
linkedin.com/in/tilda-ferreira-9308,profile_url,tilda ferreira,Tilda Ferreira,linkedin.com/in/tilda-ferreira-9308,Bellchamber Media,Program Manager,Dana Whitfield,1,1,False,0
linkedin.com/in/tilda-fontaine-7200,profile_url,tilda fontaine,Tilda Fontaine,linkedin.com/in/tilda-fontaine-7200,Dunmowe Travel,Head of Innovation,Priya Raghunathan,1,1,False,0
linkedin.com/in/tilda-fontaine-hartigan-8370,profile_url,tilda fontaine hartigan,Tilda Fontaine-Hartigan,linkedin.com/in/tilda-fontaine-hartigan-8370,Garrowby Books,Chief Operating Officer,Tomás Beckett,1,1,False,0
linkedin.com/in/tilda-gluckstein-9493,profile_url,tilda gluckstein,Tilda Glückstein,linkedin.com/in/tilda-gluckstein-9493,Fairbourne Fitness,Product Director,Marcus Aldridge,1,1,False,0
linkedin.com/in/tilda-grimsby-6837,profile_url,tilda grimsby,Tilda Grimsby,linkedin.com/in/tilda-grimsby-6837,Xanthe Labs,Head of Innovation,Dana Whitfield,1,1,False,0
linkedin.com/in/tilda-halloran-5548,profile_url,tilda halloran,Tilda Halloran,linkedin.com/in/tilda-halloran-5548,Elmsworth Tutors,Head of Platform Engineering,Dana Whitfield,1,1,False,0
linkedin.com/in/tilda-hartigan-7558,profile_url,tilda hartigan,Tilda Hartigan,linkedin.com/in/tilda-hartigan-7558,Ondermark Consulting,VP Data & Analytics,Marcus Aldridge,1,1,False,0
linkedin.com/in/tilda-hartigan-fontaine-1348,profile_url,tilda hartigan fontaine,Tilda Hartigan-Fontaine,linkedin.com/in/tilda-hartigan-fontaine-1348,Tannerly Design,Engineering Manager,Elena Duvall,1,1,False,0
linkedin.com/in/tilda-havercamp-9069,profile_url,tilda havercamp,Tilda Havercamp,linkedin.com/in/tilda-havercamp-9069,Inglenook Bakery,Director of IT,Marcus Aldridge,1,1,False,0
linkedin.com/in/tilda-havercamp-vasquez-8393,profile_url,tilda havercamp vasquez,Tilda Havercamp-Vasquez,linkedin.com/in/tilda-havercamp-vasquez-8393,Tannerly Design,Platform Lead,Elena Duvall,1,1,False,0
linkedin.com/in/tilda-havercamp-zettergren-2842,profile_url,tilda havercamp zettergren,Tilda Havercamp-Zettergren,linkedin.com/in/tilda-havercamp-zettergren-2842,Garrowby Books,Engineering Manager,Elena Duvall,1,1,False,0
linkedin.com/in/tilda-hojgaard-2431,profile_url,tilda hojgaard,Tilda Højgaard,linkedin.com/in/tilda-hojgaard-2431,Elmsworth Tutors,Chief Data Officer,Priya Raghunathan,1,1,False,0
linkedin.com/in/tilda-ibarra-4443,profile_url,tilda ibarra,Tilda Ibarra,linkedin.com/in/tilda-ibarra-4443,Bellchamber Media,Staff Engineer,Dana Whitfield,1,1,False,0
linkedin.com/in/tilda-ingleby-9769,profile_url,tilda ingleby,Tilda Ingleby,linkedin.com/in/tilda-ingleby-9769,Quintrell Advisory,Chief Data Officer,Marcus Aldridge,1,1,False,0
linkedin.com/in/tilda-ingleby-hartigan-9514,profile_url,tilda ingleby hartigan,Tilda Ingleby-Hartigan,linkedin.com/in/tilda-ingleby-hartigan-9514,Vespermill Analytics,Head of Automation,Tomás Beckett,1,1,False,0
linkedin.com/in/tilda-isenberg-6234,profile_url,tilda isenberg,Tilda Isenberg,linkedin.com/in/tilda-isenberg-6234,Yardley Print,Head of Developer Productivity,Tomás Beckett,1,1,False,0
name:tilda isenberg petrossian,name_only,tilda isenberg petrossian,Tilda Isenberg-Petrossian,,Corbridge Realty,Head of Innovation,Tomás Beckett,1,1,False,1
linkedin.com/in/tilda-jarrold-9754,profile_url,tilda jarrold,Tilda Jarrold,linkedin.com/in/tilda-jarrold-9754,Ondermark Consulting,Principal Architect,Marcus Aldridge,1,1,False,0
linkedin.com/in/tilda-jarrold-isenberg-8032,profile_url,tilda jarrold isenberg,Tilda Jarrold-Isenberg,linkedin.com/in/tilda-jarrold-isenberg-8032,Pale Harbour Studio,Product Director,Owen Trask,1,1,False,0
linkedin.com/in/tilda-kettleborough-7613,profile_url,tilda kettleborough,Tilda Kettleborough,linkedin.com/in/tilda-kettleborough-7613,Dunmowe Travel,"Senior Manager, Engineering",Tomás Beckett,1,1,False,0
linkedin.com/in/tilda-kirkbride-5510,profile_url,tilda kirkbride,Tilda Kirkbride,linkedin.com/in/tilda-kirkbride-5510,Ondermark Consulting,Director of IT,Priya Raghunathan,1,1,False,0
linkedin.com/in/tilda-lindqvist-2110,profile_url,tilda lindqvist,Tilda Lindqvist,linkedin.com/in/tilda-lindqvist-2110,Inglenook Bakery,Head of Automation,Marcus Aldridge,1,1,False,0
linkedin.com/in/tilda-lomsadze-2774,profile_url,tilda lomsadze,Tilda Lomsadze,linkedin.com/in/tilda-lomsadze-2774,Pale Harbour Studio,Staff Engineer,Tomás Beckett,1,1,False,0
linkedin.com/in/tilda-marchetti-8462,profile_url,tilda marchetti,Tilda Marchetti,linkedin.com/in/tilda-marchetti-8462,Corbridge Realty,Product Director,Marcus Aldridge,1,1,False,0
linkedin.com/in/tilda-merriweather-4617,profile_url,tilda merriweather,Tilda Merriweather,linkedin.com/in/tilda-merriweather-4617,Corbridge Realty,"Senior Manager, Engineering",Marcus Aldridge,1,1,False,0
linkedin.com/in/tilda-merriweather-okonkwo-3600,profile_url,tilda merriweather okonkwo,Tilda Merriweather-Okonkwo,linkedin.com/in/tilda-merriweather-okonkwo-3600,Ondermark Consulting,SVP Digital,Elena Duvall,1,1,False,0
linkedin.com/in/tilda-mkhize-1143,profile_url,tilda mkhize,Tilda Mkhize,linkedin.com/in/tilda-mkhize-1143,Garrowby Books,Product Director,Marcus Aldridge,1,1,False,0
linkedin.com/in/tilda-nakashima-3364,profile_url,tilda nakashima,Tilda Nakashima,linkedin.com/in/tilda-nakashima-3364,Garrowby Books,Director of IT,Tomás Beckett,1,1,False,0
linkedin.com/in/tilda-norrington-8679,profile_url,tilda norrington,Tilda Norrington,linkedin.com/in/tilda-norrington-8679,Whitlock Staffing,Engineering Manager,Marcus Aldridge,1,1,False,0
linkedin.com/in/tilda-okonkwo-4670,profile_url,tilda okonkwo,Tilda Okonkwo,linkedin.com/in/tilda-okonkwo-4670,Tannerly Design,VP Enterprise Architecture,Dana Whitfield,1,1,False,0
linkedin.com/in/tilda-okonkwo-achterberg-6199,profile_url,tilda okonkwo achterberg,Tilda Okonkwo-Achterberg,linkedin.com/in/tilda-okonkwo-achterberg-6199,Zenner Foods,Head of Innovation,Tomás Beckett,1,1,False,0
linkedin.com/in/tilda-oldfield-2770,profile_url,tilda oldfield,Tilda Oldfield,linkedin.com/in/tilda-oldfield-2770,Corbridge Realty,Head of Innovation,Marcus Aldridge,1,1,False,0
linkedin.com/in/tilda-oyelaran-7371,profile_url,tilda oyelaran,Tilda Oyelaran,linkedin.com/in/tilda-oyelaran-7371,Quintrell Advisory,Head of Automation,Tomás Beckett,1,1,False,0
linkedin.com/in/tilda-petrossian-8174,profile_url,tilda petrossian,Tilda Petrossian,linkedin.com/in/tilda-petrossian-8174,Elmsworth Tutors,Head of Innovation,Tomás Beckett,1,1,False,0
linkedin.com/in/tilda-prendergast-1527,profile_url,tilda prendergast,Tilda Prendergast,linkedin.com/in/tilda-prendergast-1527,Fairbourne Fitness,"Senior Manager, Engineering",Dana Whitfield,1,1,False,0
linkedin.com/in/tilda-quillane-4559,profile_url,tilda quillane,Tilda Quillane,linkedin.com/in/tilda-quillane-4559,Tannerly Design,Platform Lead,Priya Raghunathan,1,1,False,0
name:tilda rushworth,name_only,tilda rushworth,Tilda Rushworth,,Ondermark Consulting,Program Manager,Tomás Beckett,1,1,False,1
name:tilda rushworth fontaine,name_only,tilda rushworth fontaine,Tilda Rushworth-Fontaine,,Rooksby Legal,Chief Digital Officer,Tomás Beckett,1,1,False,1
linkedin.com/in/tilda-rushworth-prendergast-7655,profile_url,tilda rushworth prendergast,Tilda Rushworth-Prendergast,linkedin.com/in/tilda-rushworth-prendergast-7655,Inglenook Bakery,Director of Software Engineering,Tomás Beckett,1,1,False,0
linkedin.com/in/tilda-salcedo-2539,profile_url,tilda salcedo,Tilda Salcedo,linkedin.com/in/tilda-salcedo-2539,Tannerly Design,Head of Developer Productivity,Marcus Aldridge,1,1,False,0
linkedin.com/in/tilda-sandoval-8911,profile_url,tilda sandoval,Tilda Sandoval,linkedin.com/in/tilda-sandoval-8911,Ambrose Trading,VP Enterprise Architecture,Priya Raghunathan,1,1,False,0
linkedin.com/in/tilda-thackeray-7226,profile_url,tilda thackeray,Tilda Thackeray,linkedin.com/in/tilda-thackeray-7226,Vespermill Analytics,Staff Engineer,Marcus Aldridge,1,1,False,0
linkedin.com/in/tilda-underhill-7259,profile_url,tilda underhill,Tilda Underhill,linkedin.com/in/tilda-underhill-7259,Yardley Print,Chief Technology Officer,Tomás Beckett,1,1,False,0
linkedin.com/in/tilda-underhill-lindqvist-8047,profile_url,tilda underhill lindqvist,Tilda Underhill-Lindqvist,linkedin.com/in/tilda-underhill-lindqvist-8047,Whitlock Staffing,Director of IT,Elena Duvall,1,1,False,0
linkedin.com/in/tilda-vandermolen-9233,profile_url,tilda vandermolen,Tilda Vandermolen,linkedin.com/in/tilda-vandermolen-9233,Whitlock Staffing,Chief Digital Officer,Tomás Beckett,1,1,False,0
linkedin.com/in/tilda-vasquez-8350,profile_url,tilda vasquez,Tilda Vasquez,linkedin.com/in/tilda-vasquez-8350,Vespermill Analytics,Chief Data Officer,Priya Raghunathan,1,1,False,0
linkedin.com/in/tilda-wexford-5426,profile_url,tilda wexford,Tilda Wexford,linkedin.com/in/tilda-wexford-5426,Bellchamber Media,Platform Lead,Dana Whitfield,1,1,False,0
linkedin.com/in/tilda-wolstenholme-1365,profile_url,tilda wolstenholme,Tilda Wolstenholme,linkedin.com/in/tilda-wolstenholme-1365,Dunmowe Travel,Head of Automation,Tomás Beckett,1,1,False,0
linkedin.com/in/tilda-yarrow-5518,profile_url,tilda yarrow,Tilda Yarrow,linkedin.com/in/tilda-yarrow-5518,Pale Harbour Studio,Product Director,Tomás Beckett,1,1,False,0
linkedin.com/in/tilda-zettergren-4715,profile_url,tilda zettergren,Tilda Zettergren,linkedin.com/in/tilda-zettergren-4715,Highmoor Cycles,Director of Software Engineering,Dana Whitfield,1,1,False,0
linkedin.com/in/tilda-zubkov-7827,profile_url,tilda zubkov,Tilda Zubkov,linkedin.com/in/tilda-zubkov-7827,Dunmowe Travel,Engineering Manager,Tomás Beckett,1,1,False,0
linkedin.com/in/tomas-achterberg-7658,profile_url,tomas achterberg,Tomás Achterberg,linkedin.com/in/tomas-achterberg-7658,Ambrose Trading,Head of Automation,Marcus Aldridge,1,1,False,0
linkedin.com/in/tomas-achterberg-prendergast-3766,profile_url,tomas achterberg prendergast,Tomás Achterberg-Prendergast,linkedin.com/in/tomas-achterberg-prendergast-3766,Zenner Foods,Chief Data Officer,Elena Duvall,1,1,False,0
linkedin.com/in/tomas-ashdown-9454,profile_url,tomas ashdown,Tomás Ashdown,linkedin.com/in/tomas-ashdown-9454,Ondermark Consulting,Engineering Manager,Dana Whitfield,1,1,False,0
linkedin.com/in/tomas-balogun-1780,profile_url,tomas balogun,Tomás Balogun,linkedin.com/in/tomas-balogun-1780,Fairbourne Fitness,Engineering Manager,Dana Whitfield,1,1,False,0
linkedin.com/in/tomas-balogun-hartigan-5365,profile_url,tomas balogun hartigan,Tomás Balogun-Hartigan,linkedin.com/in/tomas-balogun-hartigan-5365,Underwood & Vale,Product Director,Tomás Beckett,1,1,False,0
linkedin.com/in/tomas-bellinger-5360,profile_url,tomas bellinger,Tomás Bellinger,linkedin.com/in/tomas-bellinger-5360,Ondermark Consulting,Product Director,Marcus Aldridge,1,1,False,0
linkedin.com/in/tomas-bellinger-eastcott-6975,profile_url,tomas bellinger eastcott,Tomás Bellinger-Eastcott,linkedin.com/in/tomas-bellinger-eastcott-6975,Zenner Foods,Director of IT,Tomás Beckett,1,1,False,0
linkedin.com/in/tomas-brenneman-3695,profile_url,tomas brenneman,Tomás Brenneman,linkedin.com/in/tomas-brenneman-3695,Tannerly Design,Program Manager,Dana Whitfield,1,1,False,0
linkedin.com/in/tomas-cardoso-6583,profile_url,tomas cardoso,Tomás Cardoso,linkedin.com/in/tomas-cardoso-6583,Quintrell Advisory,"Senior Manager, Engineering",Marcus Aldridge,1,1,False,0
linkedin.com/in/tomas-cathcart-7355,profile_url,tomas cathcart,Tomás Cathcart,linkedin.com/in/tomas-cathcart-7355,Underwood & Vale,Chief Digital Officer,Tomás Beckett,1,1,False,0
linkedin.com/in/tomas-crowther-3550,profile_url,tomas crowther,Tomás Crowther,linkedin.com/in/tomas-crowther-3550,Inglenook Bakery,Program Manager,Marcus Aldridge,1,1,False,0
linkedin.com/in/tomas-crowther-lindqvist-5446,profile_url,tomas crowther lindqvist,Tomás Crowther-Lindqvist,linkedin.com/in/tomas-crowther-lindqvist-5446,Bellchamber Media,Staff Engineer,Tomás Beckett,1,1,False,0
linkedin.com/in/tomas-dellinger-9313,profile_url,tomas dellinger,Tomás Dellinger,linkedin.com/in/tomas-dellinger-9313,Corbridge Realty,VP Data & Analytics,Marcus Aldridge,1,1,False,0
linkedin.com/in/tomas-dobrescu-3794,profile_url,tomas dobrescu,Tomás Dobrescu,linkedin.com/in/tomas-dobrescu-3794,Strathmore Rail,VP Engineering,Marcus Aldridge; Tomás Beckett,2,1,False,0
linkedin.com/in/tomas-drummond-4145,profile_url,tomas drummond,Tomás Drummond,linkedin.com/in/tomas-drummond-4145,Tannerly Design,Head of Automation,Marcus Aldridge,1,1,False,0
name:tomas eastcott,name_only,tomas eastcott,Tomás Eastcott,,Underwood & Vale,VP Data & Analytics,Marcus Aldridge,1,1,False,1
linkedin.com/in/tomas-eastcott-merriweather-8206,profile_url,tomas eastcott merriweather,Tomás Eastcott-Merriweather,linkedin.com/in/tomas-eastcott-merriweather-8206,Dunmowe Travel,VP Engineering,Owen Trask,1,1,False,0
linkedin.com/in/tomas-egerton-5138,profile_url,tomas egerton,Tomás Egerton,linkedin.com/in/tomas-egerton-5138,Highmoor Cycles,Chief Information Officer,Tomás Beckett,1,1,False,0
linkedin.com/in/tomas-egerton-vasquez-1593,profile_url,tomas egerton vasquez,Tomás Egerton-Vasquez,linkedin.com/in/tomas-egerton-vasquez-1593,Bellchamber Media,Program Manager,Owen Trask,1,1,False,0
linkedin.com/in/tomas-fairweather-4214,profile_url,tomas fairweather,Tomás Fairweather,linkedin.com/in/tomas-fairweather-4214,Tannerly Design,Head of Automation,Dana Whitfield,1,1,False,0
linkedin.com/in/tomas-falkenrath-9500,profile_url,tomas falkenrath,Tomás Falkenrath,linkedin.com/in/tomas-falkenrath-9500,Pale Harbour Studio,VP Enterprise Architecture,Marcus Aldridge,1,1,False,0
linkedin.com/in/tomas-ferreira-1145,profile_url,tomas ferreira,Tomás Ferreira,linkedin.com/in/tomas-ferreira-1145,Ironvale Steel,VP Enterprise Architecture,Marcus Aldridge; Priya Raghunathan,2,1,False,0
name:tomas fontaine,name_only,tomas fontaine,Tomás Fontaine,,Inglenook Bakery,Platform Lead,Dana Whitfield,1,1,False,1
linkedin.com/in/tomas-gluckstein-8198,profile_url,tomas gluckstein,Tomás Glückstein,linkedin.com/in/tomas-gluckstein-8198,Yardley Print,Staff Engineer,Marcus Aldridge,1,1,False,0
linkedin.com/in/tomas-grimsby-6872,profile_url,tomas grimsby,Tomás Grimsby,linkedin.com/in/tomas-grimsby-6872,Zenner Foods,Head of Platform Engineering,Dana Whitfield,1,1,False,0
linkedin.com/in/tomas-halloran-7554,profile_url,tomas halloran,Tomás Halloran,linkedin.com/in/tomas-halloran-7554,Bellchamber Media,Platform Lead,Marcus Aldridge,1,1,False,0
linkedin.com/in/tomas-hartigan-3299,profile_url,tomas hartigan,Tomás Hartigan,linkedin.com/in/tomas-hartigan-3299,Dunmowe Travel,Chief Information Officer,Priya Raghunathan,1,1,False,0
linkedin.com/in/tomas-havercamp-2422,profile_url,tomas havercamp,Tomás Havercamp,linkedin.com/in/tomas-havercamp-2422,Elmsworth Tutors,Chief Data Officer,Dana Whitfield,1,1,False,0
linkedin.com/in/tomas-havercamp-gluckstein-3355,profile_url,tomas havercamp gluckstein,Tomás Havercamp-Glückstein,linkedin.com/in/tomas-havercamp-gluckstein-3355,Rooksby Legal,Head of Platform Engineering,Tomás Beckett,1,1,False,0
name:tomas hojgaard,name_only,tomas hojgaard,Tomás Højgaard,,Vespermill Analytics,Platform Lead,Priya Raghunathan,1,1,False,1
linkedin.com/in/tomas-ibarra-1166,profile_url,tomas ibarra,Tomás Ibarra,linkedin.com/in/tomas-ibarra-1166,Dunmowe Travel,Chief Information Officer,Dana Whitfield,1,1,False,0
linkedin.com/in/tomas-ingleby-7126,profile_url,tomas ingleby,Tomás Ingleby,linkedin.com/in/tomas-ingleby-7126,Whitlock Staffing,"Senior Manager, Engineering",Marcus Aldridge,1,1,False,0
linkedin.com/in/tomas-ingleby-egerton-3108,profile_url,tomas ingleby egerton,Tomás Ingleby-Egerton,linkedin.com/in/tomas-ingleby-egerton-3108,Garrowby Books,VP Engineering,Elena Duvall,1,1,False,0
linkedin.com/in/tomas-ingleby-ferreira-2774,profile_url,tomas ingleby ferreira,Tomás Ingleby-Ferreira,linkedin.com/in/tomas-ingleby-ferreira-2774,Whitlock Staffing,"Senior Manager, Engineering",Owen Trask,1,1,False,0
linkedin.com/in/tomas-isenberg-2827,profile_url,tomas isenberg,Tomás Isenberg,linkedin.com/in/tomas-isenberg-2827,Rooksby Legal,Head of Innovation,Dana Whitfield,1,1,False,0
linkedin.com/in/tomas-isenberg-zubkov-7977,profile_url,tomas isenberg zubkov,Tomás Isenberg-Zubkov,linkedin.com/in/tomas-isenberg-zubkov-7977,Dunmowe Travel,Head of Automation,Owen Trask,1,1,False,0
linkedin.com/in/tomas-jarrold-3954,profile_url,tomas jarrold,Tomás Jarrold,linkedin.com/in/tomas-jarrold-3954,Yardley Print,Head of Platform Engineering,Marcus Aldridge,1,1,False,0
linkedin.com/in/tomas-kettleborough-4073,profile_url,tomas kettleborough,Tomás Kettleborough,linkedin.com/in/tomas-kettleborough-4073,Inglenook Bakery,Head of Automation,Marcus Aldridge,1,1,False,0
linkedin.com/in/tomas-kettleborough-ibarra-6886,profile_url,tomas kettleborough ibarra,Tomás Kettleborough-Ibarra,linkedin.com/in/tomas-kettleborough-ibarra-6886,Rooksby Legal,Head of Automation,Elena Duvall,1,1,False,0
linkedin.com/in/tomas-kirkbride-9281,profile_url,tomas kirkbride,Tomás Kirkbride,linkedin.com/in/tomas-kirkbride-9281,Tannerly Design,Chief Operating Officer,Tomás Beckett,1,1,False,0
name:tomas kirkbride zubkov,name_only,tomas kirkbride zubkov,Tomás Kirkbride-Zubkov,,Fairbourne Fitness,VP Enterprise Architecture,Tomás Beckett,1,1,False,1
name:tomas lindqvist,name_only,tomas lindqvist,Tomás Lindqvist,,Vespermill Analytics,Staff Engineer,Tomás Beckett,1,1,False,1
linkedin.com/in/tomas-lomsadze-4288,profile_url,tomas lomsadze,Tomás Lomsadze,linkedin.com/in/tomas-lomsadze-4288,Zenner Foods,Head of Automation,Tomás Beckett,1,1,False,0
linkedin.com/in/tomas-marchetti-5306,profile_url,tomas marchetti,Tomás Marchetti,linkedin.com/in/tomas-marchetti-5306,Tannerly Design,Platform Lead,Marcus Aldridge,1,1,False,0
linkedin.com/in/tomas-marchetti-halloran-1583,profile_url,tomas marchetti halloran,Tomás Marchetti-Halloran,linkedin.com/in/tomas-marchetti-halloran-1583,Underwood & Vale,Product Director,Tomás Beckett,1,1,False,0
linkedin.com/in/tomas-merriweather-9243,profile_url,tomas merriweather,Tomás Merriweather,linkedin.com/in/tomas-merriweather-9243,Corbridge Realty,Engineering Manager,Marcus Aldridge,1,1,False,0
linkedin.com/in/tomas-mkhize-5153,profile_url,tomas mkhize,Tomás Mkhize,linkedin.com/in/tomas-mkhize-5153,Whitlock Staffing,Product Director,Dana Whitfield,1,1,False,0
linkedin.com/in/tomas-nakashima-6432,profile_url,tomas nakashima,Tomás Nakashima,linkedin.com/in/tomas-nakashima-6432,Garrowby Books,Principal Architect,Priya Raghunathan,1,1,False,0
linkedin.com/in/tomas-norrington-7597,profile_url,tomas norrington,Tomás Norrington,linkedin.com/in/tomas-norrington-7597,Whitlock Staffing,SVP Digital,Marcus Aldridge,1,1,False,0
linkedin.com/in/tomas-okonkwo-7911,profile_url,tomas okonkwo,Tomás Okonkwo,linkedin.com/in/tomas-okonkwo-7911,Elmsworth Tutors,Director of Software Engineering,Dana Whitfield,1,1,False,0
linkedin.com/in/tomas-oldfield-9552,profile_url,tomas oldfield,Tomás Oldfield,linkedin.com/in/tomas-oldfield-9552,Elmsworth Tutors,Principal Architect,Marcus Aldridge,1,1,False,0
linkedin.com/in/tomas-oyelaran-9445,profile_url,tomas oyelaran,Tomás Oyelaran,linkedin.com/in/tomas-oyelaran-9445,Ambrose Trading,Head of Platform Engineering,Dana Whitfield,1,1,False,0
linkedin.com/in/tomas-petrossian-8328,profile_url,tomas petrossian,Tomás Petrossian,linkedin.com/in/tomas-petrossian-8328,Ambrose Trading,Director of IT,Marcus Aldridge,1,1,False,0
linkedin.com/in/tomas-prendergast-4926,profile_url,tomas prendergast,Tomás Prendergast,linkedin.com/in/tomas-prendergast-4926,Underwood & Vale,"Senior Manager, Engineering",Tomás Beckett,1,1,False,0
linkedin.com/in/tomas-quillane-3201,profile_url,tomas quillane,Tomás Quillane,linkedin.com/in/tomas-quillane-3201,Quintrell Advisory,Head of Innovation,Priya Raghunathan,1,1,False,0
linkedin.com/in/tomas-quillane-egerton-3347,profile_url,tomas quillane egerton,Tomás Quillane-Egerton,linkedin.com/in/tomas-quillane-egerton-3347,Ondermark Consulting,Head of Innovation,Elena Duvall,1,1,False,0
name:tomas rushworth,name_only,tomas rushworth,Tomás Rushworth,,Rooksby Legal,Staff Engineer,Tomás Beckett,1,1,False,1
linkedin.com/in/tomas-salcedo-4849,profile_url,tomas salcedo,Tomás Salcedo,linkedin.com/in/tomas-salcedo-4849,Yardley Print,Program Manager,Tomás Beckett,1,1,False,0
linkedin.com/in/tomas-sandoval-4559,profile_url,tomas sandoval,Tomás Sandoval,linkedin.com/in/tomas-sandoval-4559,Whitlock Staffing,Principal Architect,Dana Whitfield,1,1,False,0
linkedin.com/in/tomas-sandoval-quillane-8910,profile_url,tomas sandoval quillane,Tomás Sandoval-Quillane,linkedin.com/in/tomas-sandoval-quillane-8910,Bellchamber Media,Platform Lead,Tomás Beckett,1,1,False,0
linkedin.com/in/tomas-thackeray-6419,profile_url,tomas thackeray,Tomás Thackeray,linkedin.com/in/tomas-thackeray-6419,Zenner Foods,Head of Automation,Marcus Aldridge,1,1,False,0
name:tomas underhill,name_only,tomas underhill,Tomás Underhill,,Yardley Print,Staff Engineer,Marcus Aldridge,1,1,False,1
linkedin.com/in/tomas-vandermolen-1559,profile_url,tomas vandermolen,Tomás Vandermolen,linkedin.com/in/tomas-vandermolen-1559,Elmsworth Tutors,Product Director,Dana Whitfield,1,1,False,0
linkedin.com/in/tomas-vasquez-6363,profile_url,tomas vasquez,Tomás Vasquez,linkedin.com/in/tomas-vasquez-6363,Xanthe Labs,"Senior Manager, Engineering",Marcus Aldridge,1,1,False,0
linkedin.com/in/tomas-wexford-8108,profile_url,tomas wexford,Tomás Wexford,linkedin.com/in/tomas-wexford-8108,Xanthe Labs,Chief Operating Officer,Marcus Aldridge,1,1,False,0
linkedin.com/in/tomas-wolstenholme-4567,profile_url,tomas wolstenholme,Tomás Wolstenholme,linkedin.com/in/tomas-wolstenholme-4567,Ondermark Consulting,Program Manager,Dana Whitfield,1,1,False,0
linkedin.com/in/tomas-yarrow-9685,profile_url,tomas yarrow,Tomás Yarrow,linkedin.com/in/tomas-yarrow-9685,Bellchamber Media,Product Director,Tomás Beckett,1,1,False,0
linkedin.com/in/tomas-zettergren-4742,profile_url,tomas zettergren,Tomás Zettergren,linkedin.com/in/tomas-zettergren-4742,Tannerly Design,Director of IT,Tomás Beckett,1,1,False,0
linkedin.com/in/tomas-zubkov-9464,profile_url,tomas zubkov,Tomás Zubkov,linkedin.com/in/tomas-zubkov-9464,Quintrell Advisory,Head of Innovation,Tomás Beckett,1,1,False,0
linkedin.com/in/wren-achterberg-6506,profile_url,wren achterberg,Wren Achterberg,linkedin.com/in/wren-achterberg-6506,Whitlock Staffing,Staff Engineer,Tomás Beckett,1,1,False,0
linkedin.com/in/wren-ashdown-5761,profile_url,wren ashdown,Wren Ashdown,linkedin.com/in/wren-ashdown-5761,Yardley Print,Head of Automation,Priya Raghunathan,1,1,False,0
linkedin.com/in/wren-ashdown-lindqvist-9374,profile_url,wren ashdown lindqvist,Wren Ashdown-Lindqvist,linkedin.com/in/wren-ashdown-lindqvist-9374,Fairbourne Fitness,Head of Automation,Tomás Beckett,1,1,False,0
linkedin.com/in/wren-balogun-7217,profile_url,wren balogun,Wren Balogun,linkedin.com/in/wren-balogun-7217,Bellchamber Media,Chief Operating Officer,Marcus Aldridge,1,1,False,0
linkedin.com/in/wren-bellinger-7597,profile_url,wren bellinger,Wren Bellinger,linkedin.com/in/wren-bellinger-7597,Dunmowe Travel,"Senior Manager, Engineering",Marcus Aldridge,1,1,False,0
linkedin.com/in/wren-brenneman-8567,profile_url,wren brenneman,Wren Brenneman,linkedin.com/in/wren-brenneman-8567,Highmoor Cycles,VP Data & Analytics,Marcus Aldridge,1,1,False,0
linkedin.com/in/wren-brenneman-vandermolen-6716,profile_url,wren brenneman vandermolen,Wren Brenneman-Vandermolen,linkedin.com/in/wren-brenneman-vandermolen-6716,Xanthe Labs,SVP Digital,Owen Trask,1,1,False,0
linkedin.com/in/wren-cardoso-4390,profile_url,wren cardoso,Wren Cardoso,linkedin.com/in/wren-cardoso-4390,Whitlock Staffing,Head of Automation,Priya Raghunathan,1,1,False,0
linkedin.com/in/wren-cardoso-petrossian-1453,profile_url,wren cardoso petrossian,Wren Cardoso-Petrossian,linkedin.com/in/wren-cardoso-petrossian-1453,Zenner Foods,Engineering Manager,Elena Duvall,1,1,False,0
linkedin.com/in/wren-cathcart-7214,profile_url,wren cathcart,Wren Cathcart,linkedin.com/in/wren-cathcart-7214,Zenner Foods,VP Enterprise Architecture,Priya Raghunathan,1,1,False,0
linkedin.com/in/wren-crowther-7078,profile_url,wren crowther,Wren Crowther,linkedin.com/in/wren-crowther-7078,Quintrell Advisory,Product Director,Marcus Aldridge,1,1,False,0
linkedin.com/in/wren-crowther-oyelaran-9070,profile_url,wren crowther oyelaran,Wren Crowther-Oyelaran,linkedin.com/in/wren-crowther-oyelaran-9070,Pale Harbour Studio,Engineering Manager,Tomás Beckett,1,1,False,0
linkedin.com/in/wren-dellinger-6509,profile_url,wren dellinger,Wren Dellinger,linkedin.com/in/wren-dellinger-6509,Yardley Print,Platform Lead,Marcus Aldridge,1,1,False,0
linkedin.com/in/wren-dobrescu-5565,profile_url,wren dobrescu,Wren Dobrescu,linkedin.com/in/wren-dobrescu-5565,Quintrell Advisory,VP Data & Analytics,Dana Whitfield,1,1,False,0
linkedin.com/in/wren-drummond-4112,profile_url,wren drummond,Wren Drummond,linkedin.com/in/wren-drummond-4112,Quintrell Advisory,Head of Automation,Marcus Aldridge,1,1,False,0
linkedin.com/in/wren-eastcott-8767,profile_url,wren eastcott,Wren Eastcott,linkedin.com/in/wren-eastcott-8767,Corbridge Realty,SVP Digital,Marcus Aldridge,1,1,False,0
linkedin.com/in/wren-egerton-3043,profile_url,wren egerton,Wren Egerton,linkedin.com/in/wren-egerton-3043,Ondermark Consulting,"Senior Manager, Engineering",Dana Whitfield,1,1,False,0
linkedin.com/in/wren-fairweather-6746,profile_url,wren fairweather,Wren Fairweather,linkedin.com/in/wren-fairweather-6746,Fairbourne Fitness,Head of Platform Engineering,Marcus Aldridge,1,1,False,0
linkedin.com/in/wren-fairweather-lomsadze-6966,profile_url,wren fairweather lomsadze,Wren Fairweather-Lomsadze,linkedin.com/in/wren-fairweather-lomsadze-6966,Zenner Foods,Product Director,Elena Duvall,1,1,False,0
linkedin.com/in/wren-falkenrath-3366,profile_url,wren falkenrath,Wren Falkenrath,linkedin.com/in/wren-falkenrath-3366,Xanthe Labs,Director of IT,Marcus Aldridge,1,1,False,0
linkedin.com/in/wren-ferreira-1030,profile_url,wren ferreira,Wren Ferreira,linkedin.com/in/wren-ferreira-1030,Inglenook Bakery,Head of Platform Engineering,Dana Whitfield,1,1,False,0
linkedin.com/in/wren-fontaine-8204,profile_url,wren fontaine,Wren Fontaine,linkedin.com/in/wren-fontaine-8204,Garrowby Books,Program Manager,Tomás Beckett,1,1,False,0
linkedin.com/in/wren-gluckstein-4058,profile_url,wren gluckstein,Wren Glückstein,linkedin.com/in/wren-gluckstein-4058,Garrowby Books,VP Enterprise Architecture,Marcus Aldridge,1,1,False,0
linkedin.com/in/wren-grimsby-8036,profile_url,wren grimsby,Wren Grimsby,linkedin.com/in/wren-grimsby-8036,Fairbourne Fitness,Program Manager,Tomás Beckett,1,1,False,0
linkedin.com/in/wren-halloran-4478,profile_url,wren halloran,Wren Halloran,linkedin.com/in/wren-halloran-4478,Xanthe Labs,Head of Innovation,Marcus Aldridge,1,1,False,0
linkedin.com/in/wren-hartigan-3989,profile_url,wren hartigan,Wren Hartigan,linkedin.com/in/wren-hartigan-3989,Yardley Print,Head of Platform Engineering,Dana Whitfield,1,1,False,0
linkedin.com/in/wren-havercamp-2260,profile_url,wren havercamp,Wren Havercamp,linkedin.com/in/wren-havercamp-2260,Xanthe Labs,Program Manager,Tomás Beckett,1,1,False,0
linkedin.com/in/wren-hojgaard-3560,profile_url,wren hojgaard,Wren Højgaard,linkedin.com/in/wren-hojgaard-3560,Dunmowe Travel,Head of Developer Productivity,Marcus Aldridge,1,1,False,0
linkedin.com/in/wren-ibarra-7267,profile_url,wren ibarra,Wren Ibarra,linkedin.com/in/wren-ibarra-7267,Corbridge Realty,Chief Information Officer,Dana Whitfield,1,1,False,0
linkedin.com/in/wren-ibarra-sandoval-2522,profile_url,wren ibarra sandoval,Wren Ibarra-Sandoval,linkedin.com/in/wren-ibarra-sandoval-2522,Quintrell Advisory,Product Director,Tomás Beckett,1,1,False,0
linkedin.com/in/wren-ingleby-6776,profile_url,wren ingleby,Wren Ingleby,linkedin.com/in/wren-ingleby-6776,Corbridge Realty,Program Manager,Tomás Beckett,1,1,False,0
linkedin.com/in/wren-isenberg-2664,profile_url,wren isenberg,Wren Isenberg,linkedin.com/in/wren-isenberg-2664,Dunmowe Travel,Platform Lead,Priya Raghunathan,1,1,False,0
linkedin.com/in/wren-jarrold-2579,profile_url,wren jarrold,Wren Jarrold,linkedin.com/in/wren-jarrold-2579,Dunmowe Travel,Chief Operating Officer,Dana Whitfield,1,1,False,0
linkedin.com/in/wren-kettleborough-4062,profile_url,wren kettleborough,Wren Kettleborough,linkedin.com/in/wren-kettleborough-4062,Xanthe Labs,Head of Platform Engineering,Dana Whitfield,1,1,False,0
name:wren kettleborough oyelaran,name_only,wren kettleborough oyelaran,Wren Kettleborough-Oyelaran,,Ondermark Consulting,"Senior Manager, Engineering",Tomás Beckett,1,1,False,1
linkedin.com/in/wren-kirkbride-6887,profile_url,wren kirkbride,Wren Kirkbride,linkedin.com/in/wren-kirkbride-6887,Whitlock Staffing,VP Data & Analytics,Marcus Aldridge,1,1,False,0
linkedin.com/in/wren-kirkbride-oldfield-3646,profile_url,wren kirkbride oldfield,Wren Kirkbride-Oldfield,linkedin.com/in/wren-kirkbride-oldfield-3646,Highmoor Cycles,"Senior Manager, Engineering",Elena Duvall,1,1,False,0
linkedin.com/in/wren-lindqvist-9601,profile_url,wren lindqvist,Wren Lindqvist,linkedin.com/in/wren-lindqvist-9601,Tannerly Design,Head of Innovation,Dana Whitfield,1,1,False,0
linkedin.com/in/wren-lindqvist-havercamp-3503,profile_url,wren lindqvist havercamp,Wren Lindqvist-Havercamp,linkedin.com/in/wren-lindqvist-havercamp-3503,Fairbourne Fitness,Head of Innovation,Owen Trask,1,1,False,0
linkedin.com/in/wren-lomsadze-9765,profile_url,wren lomsadze,Wren Lomsadze,linkedin.com/in/wren-lomsadze-9765,Inglenook Bakery,Head of Platform Engineering,Marcus Aldridge,1,1,False,0
linkedin.com/in/wren-marchetti-1691,profile_url,wren marchetti,Wren Marchetti,linkedin.com/in/wren-marchetti-1691,Tannerly Design,Principal Architect,Marcus Aldridge,1,1,False,0
linkedin.com/in/wren-marchetti-gluckstein-7056,profile_url,wren marchetti gluckstein,Wren Marchetti-Glückstein,linkedin.com/in/wren-marchetti-gluckstein-7056,Pale Harbour Studio,Chief Data Officer,Elena Duvall,1,1,False,0
linkedin.com/in/wren-marchetti-grimsby-7852,profile_url,wren marchetti grimsby,Wren Marchetti-Grimsby,linkedin.com/in/wren-marchetti-grimsby-7852,Highmoor Cycles,"Senior Manager, Engineering",Elena Duvall,1,1,False,0
linkedin.com/in/wren-merriweather-1219,profile_url,wren merriweather,Wren Merriweather,linkedin.com/in/wren-merriweather-1219,Bellchamber Media,Staff Engineer,Dana Whitfield,1,1,False,0
linkedin.com/in/wren-mkhize-3689,profile_url,wren mkhize,Wren Mkhize,linkedin.com/in/wren-mkhize-3689,Xanthe Labs,Director of IT,Marcus Aldridge,1,1,False,0
linkedin.com/in/wren-nakashima-6144,profile_url,wren nakashima,Wren Nakashima,linkedin.com/in/wren-nakashima-6144,Tannerly Design,VP Data & Analytics,Priya Raghunathan,1,1,False,0
linkedin.com/in/wren-norrington-5268,profile_url,wren norrington,Wren Norrington,linkedin.com/in/wren-norrington-5268,Bellchamber Media,Engineering Manager,Tomás Beckett,1,1,False,0
linkedin.com/in/wren-okonkwo-3727,profile_url,wren okonkwo,Wren Okonkwo,linkedin.com/in/wren-okonkwo-3727,Elmsworth Tutors,"Senior Manager, Engineering",Dana Whitfield,1,1,False,0
linkedin.com/in/wren-oldfield-6636,profile_url,wren oldfield,Wren Oldfield,linkedin.com/in/wren-oldfield-6636,Bellchamber Media,VP Data & Analytics,Priya Raghunathan,1,1,False,0
linkedin.com/in/wren-oyelaran-6291,profile_url,wren oyelaran,Wren Oyelaran,linkedin.com/in/wren-oyelaran-6291,Elmsworth Tutors,SVP Digital,Marcus Aldridge,1,1,False,0
linkedin.com/in/wren-petrossian-8280,profile_url,wren petrossian,Wren Petrossian,linkedin.com/in/wren-petrossian-8280,Pale Harbour Studio,Program Manager,Marcus Aldridge,1,1,False,0
linkedin.com/in/wren-prendergast-7147,profile_url,wren prendergast,Wren Prendergast,linkedin.com/in/wren-prendergast-7147,Garrowby Books,Product Director,Marcus Aldridge,1,1,False,0
name:wren quillane,name_only,wren quillane,Wren Quillane,,Ambrose Trading,Staff Engineer,Marcus Aldridge,1,1,False,1
linkedin.com/in/wren-rushworth-3850,profile_url,wren rushworth,Wren Rushworth,linkedin.com/in/wren-rushworth-3850,Zenner Foods,Platform Lead,Dana Whitfield,1,1,False,0
linkedin.com/in/wren-salcedo-5085,profile_url,wren salcedo,Wren Salcedo,linkedin.com/in/wren-salcedo-5085,Highmoor Cycles,Program Manager,Marcus Aldridge,1,1,False,0
linkedin.com/in/wren-salcedo-prendergast-8587,profile_url,wren salcedo prendergast,Wren Salcedo-Prendergast,linkedin.com/in/wren-salcedo-prendergast-8587,Vespermill Analytics,Chief Data Officer,Owen Trask,1,1,False,0
linkedin.com/in/wren-salcedo-wolstenholme-9951,profile_url,wren salcedo wolstenholme,Wren Salcedo-Wolstenholme,linkedin.com/in/wren-salcedo-wolstenholme-9951,Fairbourne Fitness,Program Manager,Elena Duvall,1,1,False,0
linkedin.com/in/wren-sandoval-2470,profile_url,wren sandoval,Wren Sandoval,linkedin.com/in/wren-sandoval-2470,Vespermill Analytics,VP Enterprise Architecture,Dana Whitfield,1,1,False,0
linkedin.com/in/wren-thackeray-1740,profile_url,wren thackeray,Wren Thackeray,linkedin.com/in/wren-thackeray-1740,Ambrose Trading,Principal Architect,Priya Raghunathan,1,1,False,0
linkedin.com/in/wren-thackeray-havercamp-8664,profile_url,wren thackeray havercamp,Wren Thackeray-Havercamp,linkedin.com/in/wren-thackeray-havercamp-8664,Garrowby Books,Product Director,Elena Duvall,1,1,False,0
linkedin.com/in/wren-underhill-4584,profile_url,wren underhill,Wren Underhill,linkedin.com/in/wren-underhill-4584,Tannerly Design,Director of IT,Tomás Beckett,1,1,False,0
linkedin.com/in/wren-underhill-oyelaran-9614,profile_url,wren underhill oyelaran,Wren Underhill-Oyelaran,linkedin.com/in/wren-underhill-oyelaran-9614,Quintrell Advisory,Program Manager,Owen Trask,1,1,False,0
linkedin.com/in/wren-vandermolen-3383,profile_url,wren vandermolen,Wren Vandermolen,linkedin.com/in/wren-vandermolen-3383,Dunmowe Travel,Platform Lead,Marcus Aldridge,1,1,False,0
linkedin.com/in/wren-vasquez-8480,profile_url,wren vasquez,Wren Vasquez,linkedin.com/in/wren-vasquez-8480,Zenner Foods,Product Director,Tomás Beckett,1,1,False,0
linkedin.com/in/wren-vasquez-mkhize-5348,profile_url,wren vasquez mkhize,Wren Vasquez-Mkhize,linkedin.com/in/wren-vasquez-mkhize-5348,Vespermill Analytics,VP Enterprise Architecture,Owen Trask,1,1,False,0
linkedin.com/in/wren-wexford-3054,profile_url,wren wexford,Wren Wexford,linkedin.com/in/wren-wexford-3054,Inglenook Bakery,Program Manager,Marcus Aldridge,1,1,False,0
linkedin.com/in/wren-wolstenholme-4823,profile_url,wren wolstenholme,Wren Wolstenholme,linkedin.com/in/wren-wolstenholme-4823,Pale Harbour Studio,Head of Innovation,Dana Whitfield,1,1,False,0
linkedin.com/in/wren-yarrow-4482,profile_url,wren yarrow,Wren Yarrow,linkedin.com/in/wren-yarrow-4482,Ambrose Trading,Engineering Manager,Priya Raghunathan,1,1,False,0
linkedin.com/in/wren-zettergren-6910,profile_url,wren zettergren,Wren Zettergren,linkedin.com/in/wren-zettergren-6910,Dunmowe Travel,Program Manager,Marcus Aldridge,1,1,False,0
linkedin.com/in/wren-zubkov-5173,profile_url,wren zubkov,Wren Zubkov,linkedin.com/in/wren-zubkov-5173,Dunmowe Travel,VP Engineering,Priya Raghunathan,1,1,False,0
linkedin.com/in/xiomara-achterberg-1399,profile_url,xiomara achterberg,Xiomara Achterberg,linkedin.com/in/xiomara-achterberg-1399,Corbridge Realty,Head of Automation,Marcus Aldridge,1,1,False,0
linkedin.com/in/xiomara-achterberg-havercamp-2017,profile_url,xiomara achterberg havercamp,Xiomara Achterberg-Havercamp,linkedin.com/in/xiomara-achterberg-havercamp-2017,Highmoor Cycles,Engineering Manager,Owen Trask,1,1,False,0
linkedin.com/in/xiomara-ashdown-6082,profile_url,xiomara ashdown,Xiomara Ashdown,linkedin.com/in/xiomara-ashdown-6082,Highmoor Cycles,Principal Architect,Tomás Beckett,1,1,False,0
linkedin.com/in/xiomara-balogun-2040,profile_url,xiomara balogun,Xiomara Balogun,linkedin.com/in/xiomara-balogun-2040,Inglenook Bakery,"Senior Manager, Engineering",Tomás Beckett,1,1,False,0
linkedin.com/in/xiomara-bellinger-7658,profile_url,xiomara bellinger,Xiomara Bellinger,linkedin.com/in/xiomara-bellinger-7658,Elmsworth Tutors,Engineering Manager,Marcus Aldridge,1,1,False,0
linkedin.com/in/xiomara-brenneman-6206,profile_url,xiomara brenneman,Xiomara Brenneman,linkedin.com/in/xiomara-brenneman-6206,Yardley Print,Product Director,Tomás Beckett,1,1,False,0
linkedin.com/in/xiomara-cardoso-8275,profile_url,xiomara cardoso,Xiomara Cardoso,linkedin.com/in/xiomara-cardoso-8275,Quintrell Advisory,Chief Technology Officer,Marcus Aldridge,1,1,False,0
linkedin.com/in/xiomara-cathcart-8929,profile_url,xiomara cathcart,Xiomara Cathcart,linkedin.com/in/xiomara-cathcart-8929,Tannerly Design,Platform Lead,Tomás Beckett,1,1,False,0
linkedin.com/in/xiomara-crowther-9167,profile_url,xiomara crowther,Xiomara Crowther,linkedin.com/in/xiomara-crowther-9167,Quintrell Advisory,Head of Innovation,Tomás Beckett,1,1,False,0
name:xiomara crowther quillane,name_only,xiomara crowther quillane,Xiomara Crowther-Quillane,,Pale Harbour Studio,Head of Automation,Tomás Beckett,1,1,False,1
linkedin.com/in/xiomara-dellinger-7812,profile_url,xiomara dellinger,Xiomara Dellinger,linkedin.com/in/xiomara-dellinger-7812,Underwood & Vale,Director of IT,Dana Whitfield,1,1,False,0
linkedin.com/in/xiomara-dobrescu-9457,profile_url,xiomara dobrescu,Xiomara Dobrescu,linkedin.com/in/xiomara-dobrescu-9457,Xanthe Labs,Chief Technology Officer,Dana Whitfield,1,1,False,0
linkedin.com/in/xiomara-drummond-2578,profile_url,xiomara drummond,Xiomara Drummond,linkedin.com/in/xiomara-drummond-2578,Elmsworth Tutors,Platform Lead,Dana Whitfield,1,1,False,0
linkedin.com/in/xiomara-drummond-wolstenholme-8822,profile_url,xiomara drummond wolstenholme,Xiomara Drummond-Wolstenholme,linkedin.com/in/xiomara-drummond-wolstenholme-8822,Highmoor Cycles,Principal Architect,Elena Duvall,1,1,False,0
linkedin.com/in/xiomara-eastcott-6164,profile_url,xiomara eastcott,Xiomara Eastcott,linkedin.com/in/xiomara-eastcott-6164,Pale Harbour Studio,"Senior Manager, Engineering",Dana Whitfield,1,1,False,0
linkedin.com/in/xiomara-egerton-6766,profile_url,xiomara egerton,Xiomara Egerton,linkedin.com/in/xiomara-egerton-6766,Elmsworth Tutors,Head of Automation,Tomás Beckett,1,1,False,0
linkedin.com/in/xiomara-fairweather-8448,profile_url,xiomara fairweather,Xiomara Fairweather,linkedin.com/in/xiomara-fairweather-8448,Garrowby Books,Platform Lead,Priya Raghunathan,1,1,False,0
linkedin.com/in/xiomara-fairweather-falkenrath-5791,profile_url,xiomara fairweather falkenrath,Xiomara Fairweather-Falkenrath,linkedin.com/in/xiomara-fairweather-falkenrath-5791,Pale Harbour Studio,"Senior Manager, Engineering",Tomás Beckett,1,1,False,0
linkedin.com/in/xiomara-fairweather-sandoval-5428,profile_url,xiomara fairweather sandoval,Xiomara Fairweather-Sandoval,linkedin.com/in/xiomara-fairweather-sandoval-5428,Inglenook Bakery,Product Director,Tomás Beckett,1,1,False,0
linkedin.com/in/xiomara-falkenrath-2549,profile_url,xiomara falkenrath,Xiomara Falkenrath,linkedin.com/in/xiomara-falkenrath-2549,Fairbourne Fitness,"Senior Manager, Engineering",Tomás Beckett,1,1,False,0
linkedin.com/in/xiomara-ferreira-6268,profile_url,xiomara ferreira,Xiomara Ferreira,linkedin.com/in/xiomara-ferreira-6268,Highmoor Cycles,Director of IT,Dana Whitfield,1,1,False,0
linkedin.com/in/xiomara-ferreira-vandermolen-3010,profile_url,xiomara ferreira vandermolen,Xiomara Ferreira-Vandermolen,linkedin.com/in/xiomara-ferreira-vandermolen-3010,Fairbourne Fitness,Director of Software Engineering,Elena Duvall,1,1,False,0
name:xiomara fontaine,name_only,xiomara fontaine,Xiomara Fontaine,,Ondermark Consulting,Head of Innovation,Marcus Aldridge,1,1,False,1
linkedin.com/in/xiomara-gluckstein-5512,profile_url,xiomara gluckstein,Xiomara Glückstein,linkedin.com/in/xiomara-gluckstein-5512,Inglenook Bakery,Staff Engineer,Priya Raghunathan,1,1,False,0
linkedin.com/in/xiomara-grimsby-2980,profile_url,xiomara grimsby,Xiomara Grimsby,linkedin.com/in/xiomara-grimsby-2980,Underwood & Vale,Director of Software Engineering,Priya Raghunathan,1,1,False,0
linkedin.com/in/xiomara-grimsby-ingleby-4633,profile_url,xiomara grimsby ingleby,Xiomara Grimsby-Ingleby,linkedin.com/in/xiomara-grimsby-ingleby-4633,Corbridge Realty,Product Director,Elena Duvall,1,1,False,0
linkedin.com/in/xiomara-halloran-9578,profile_url,xiomara halloran,Xiomara Halloran,linkedin.com/in/xiomara-halloran-9578,Zenner Foods,Chief Digital Officer,Tomás Beckett,1,1,False,0
linkedin.com/in/xiomara-hartigan-2330,profile_url,xiomara hartigan,Xiomara Hartigan,linkedin.com/in/xiomara-hartigan-2330,Elmsworth Tutors,Head of Automation,Tomás Beckett,1,1,False,0
linkedin.com/in/xiomara-hartigan-lomsadze-3368,profile_url,xiomara hartigan lomsadze,Xiomara Hartigan-Lomsadze,linkedin.com/in/xiomara-hartigan-lomsadze-3368,Quintrell Advisory,Director of IT,Elena Duvall,1,1,False,0
linkedin.com/in/xiomara-hartigan-wolstenholme-3017,profile_url,xiomara hartigan wolstenholme,Xiomara Hartigan-Wolstenholme,linkedin.com/in/xiomara-hartigan-wolstenholme-3017,Dunmowe Travel,Principal Architect,Tomás Beckett,1,1,False,0
linkedin.com/in/xiomara-havercamp-4111,profile_url,xiomara havercamp,Xiomara Havercamp,linkedin.com/in/xiomara-havercamp-4111,Whitlock Staffing,Head of Innovation,Priya Raghunathan,1,1,False,0
linkedin.com/in/xiomara-hojgaard-9930,profile_url,xiomara hojgaard,Xiomara Højgaard,linkedin.com/in/xiomara-hojgaard-9930,Tannerly Design,Director of IT,Dana Whitfield,1,1,False,0
linkedin.com/in/xiomara-hojgaard-ashdown-1481,profile_url,xiomara hojgaard ashdown,Xiomara Højgaard-Ashdown,linkedin.com/in/xiomara-hojgaard-ashdown-1481,Underwood & Vale,Head of Innovation,Tomás Beckett,1,1,False,0
linkedin.com/in/xiomara-ibarra-6719,profile_url,xiomara ibarra,Xiomara Ibarra,linkedin.com/in/xiomara-ibarra-6719,Quintrell Advisory,Engineering Manager,Marcus Aldridge,1,1,False,0
linkedin.com/in/xiomara-ingleby-9384,profile_url,xiomara ingleby,Xiomara Ingleby,linkedin.com/in/xiomara-ingleby-9384,Whitlock Staffing,VP Data & Analytics,Dana Whitfield,1,1,False,0
linkedin.com/in/xiomara-isenberg-3566,profile_url,xiomara isenberg,Xiomara Isenberg,linkedin.com/in/xiomara-isenberg-3566,Quintrell Advisory,Director of IT,Dana Whitfield,1,1,False,0
linkedin.com/in/xiomara-jarrold-8738,profile_url,xiomara jarrold,Xiomara Jarrold,linkedin.com/in/xiomara-jarrold-8738,Bellchamber Media,Head of Developer Productivity,Priya Raghunathan,1,1,False,0
linkedin.com/in/xiomara-kettleborough-4634,profile_url,xiomara kettleborough,Xiomara Kettleborough,linkedin.com/in/xiomara-kettleborough-4634,Underwood & Vale,Product Director,Dana Whitfield,1,1,False,0
linkedin.com/in/xiomara-kettleborough-yarrow-4878,profile_url,xiomara kettleborough yarrow,Xiomara Kettleborough-Yarrow,linkedin.com/in/xiomara-kettleborough-yarrow-4878,Corbridge Realty,Product Director,Tomás Beckett,1,1,False,0
linkedin.com/in/xiomara-kirkbride-2765,profile_url,xiomara kirkbride,Xiomara Kirkbride,linkedin.com/in/xiomara-kirkbride-2765,Ondermark Consulting,Engineering Manager,Marcus Aldridge,1,1,False,0
linkedin.com/in/xiomara-lindqvist-7888,profile_url,xiomara lindqvist,Xiomara Lindqvist,linkedin.com/in/xiomara-lindqvist-7888,Rooksby Legal,Director of IT,Marcus Aldridge,1,1,False,0
linkedin.com/in/xiomara-lindqvist-halloran-2745,profile_url,xiomara lindqvist halloran,Xiomara Lindqvist-Halloran,linkedin.com/in/xiomara-lindqvist-halloran-2745,Zenner Foods,Staff Engineer,Owen Trask,1,1,False,0
linkedin.com/in/xiomara-lomsadze-1391,profile_url,xiomara lomsadze,Xiomara Lomsadze,linkedin.com/in/xiomara-lomsadze-1391,Elmsworth Tutors,Product Director,Tomás Beckett,1,1,False,0
linkedin.com/in/xiomara-marchetti-7891,profile_url,xiomara marchetti,Xiomara Marchetti,linkedin.com/in/xiomara-marchetti-7891,Ambrose Trading,Engineering Manager,Marcus Aldridge,1,1,False,0
linkedin.com/in/xiomara-merriweather-9892,profile_url,xiomara merriweather,Xiomara Merriweather,linkedin.com/in/xiomara-merriweather-9892,Quintrell Advisory,Chief Operating Officer,Marcus Aldridge,1,1,False,0
linkedin.com/in/xiomara-mkhize-2596,profile_url,xiomara mkhize,Xiomara Mkhize,linkedin.com/in/xiomara-mkhize-2596,Ondermark Consulting,Head of Automation,Marcus Aldridge,1,1,False,0
linkedin.com/in/xiomara-mkhize-drummond-5206,profile_url,xiomara mkhize drummond,Xiomara Mkhize-Drummond,linkedin.com/in/xiomara-mkhize-drummond-5206,Rooksby Legal,Chief Digital Officer,Tomás Beckett,1,1,False,0
linkedin.com/in/xiomara-nakashima-4806,profile_url,xiomara nakashima,Xiomara Nakashima,linkedin.com/in/xiomara-nakashima-4806,Rooksby Legal,Director of IT,Dana Whitfield,1,1,False,0
linkedin.com/in/xiomara-norrington-7717,profile_url,xiomara norrington,Xiomara Norrington,linkedin.com/in/xiomara-norrington-7717,Xanthe Labs,Chief Data Officer,Marcus Aldridge,1,1,False,0
linkedin.com/in/xiomara-okonkwo-4474,profile_url,xiomara okonkwo,Xiomara Okonkwo,linkedin.com/in/xiomara-okonkwo-4474,Elmsworth Tutors,SVP Digital,Marcus Aldridge,1,1,False,0
linkedin.com/in/xiomara-oldfield-6465,profile_url,xiomara oldfield,Xiomara Oldfield,linkedin.com/in/xiomara-oldfield-6465,Underwood & Vale,Platform Lead,Priya Raghunathan,1,1,False,0
linkedin.com/in/xiomara-oyelaran-4680,profile_url,xiomara oyelaran,Xiomara Oyelaran,linkedin.com/in/xiomara-oyelaran-4680,Underwood & Vale,Principal Architect,Marcus Aldridge,1,1,False,0
linkedin.com/in/xiomara-oyelaran-fontaine-9412,profile_url,xiomara oyelaran fontaine,Xiomara Oyelaran-Fontaine,linkedin.com/in/xiomara-oyelaran-fontaine-9412,Zenner Foods,Engineering Manager,Tomás Beckett,1,1,False,0
linkedin.com/in/xiomara-petrossian-3123,profile_url,xiomara petrossian,Xiomara Petrossian,linkedin.com/in/xiomara-petrossian-3123,Bellchamber Media,Chief Information Officer,Marcus Aldridge,1,1,False,0
linkedin.com/in/xiomara-prendergast-8540,profile_url,xiomara prendergast,Xiomara Prendergast,linkedin.com/in/xiomara-prendergast-8540,Quintrell Advisory,Staff Engineer,Marcus Aldridge,1,1,False,0
linkedin.com/in/xiomara-prendergast-gluckstein-3618,profile_url,xiomara prendergast gluckstein,Xiomara Prendergast-Glückstein,linkedin.com/in/xiomara-prendergast-gluckstein-3618,Fairbourne Fitness,Engineering Manager,Tomás Beckett,1,1,False,0
linkedin.com/in/xiomara-quillane-9804,profile_url,xiomara quillane,Xiomara Quillane,linkedin.com/in/xiomara-quillane-9804,Whitlock Staffing,Principal Architect,Marcus Aldridge,1,1,False,0
name:xiomara rushworth,name_only,xiomara rushworth,Xiomara Rushworth,,Bellchamber Media,VP Enterprise Architecture,Tomás Beckett,1,1,False,1
linkedin.com/in/xiomara-rushworth-zettergren-7453,profile_url,xiomara rushworth zettergren,Xiomara Rushworth-Zettergren,linkedin.com/in/xiomara-rushworth-zettergren-7453,Tannerly Design,VP Data & Analytics,Tomás Beckett,1,1,False,0
linkedin.com/in/xiomara-salcedo-6452,profile_url,xiomara salcedo,Xiomara Salcedo,linkedin.com/in/xiomara-salcedo-6452,Xanthe Labs,Platform Lead,Marcus Aldridge,1,1,False,0
linkedin.com/in/xiomara-sandoval-9161,profile_url,xiomara sandoval,Xiomara Sandoval,linkedin.com/in/xiomara-sandoval-9161,Pale Harbour Studio,Product Director,Dana Whitfield,1,1,False,0
linkedin.com/in/xiomara-thackeray-7390,profile_url,xiomara thackeray,Xiomara Thackeray,linkedin.com/in/xiomara-thackeray-7390,Zenner Foods,Staff Engineer,Tomás Beckett,1,1,False,0
linkedin.com/in/xiomara-underhill-8673,profile_url,xiomara underhill,Xiomara Underhill,linkedin.com/in/xiomara-underhill-8673,Quintrell Advisory,Head of Platform Engineering,Dana Whitfield,1,1,False,0
linkedin.com/in/xiomara-vandermolen-4069,profile_url,xiomara vandermolen,Xiomara Vandermolen,linkedin.com/in/xiomara-vandermolen-4069,Garrowby Books,Head of Automation,Tomás Beckett,1,1,False,0
linkedin.com/in/xiomara-vandermolen-yarrow-4205,profile_url,xiomara vandermolen yarrow,Xiomara Vandermolen-Yarrow,linkedin.com/in/xiomara-vandermolen-yarrow-4205,Quintrell Advisory,"Senior Manager, Engineering",Elena Duvall,1,1,False,0
linkedin.com/in/xiomara-vasquez-1545,profile_url,xiomara vasquez,Xiomara Vasquez,linkedin.com/in/xiomara-vasquez-1545,Whitlock Staffing,VP Data & Analytics,Dana Whitfield,1,1,False,0
linkedin.com/in/xiomara-wexford-6303,profile_url,xiomara wexford,Xiomara Wexford,linkedin.com/in/xiomara-wexford-6303,Corbridge Realty,Principal Architect,Dana Whitfield,1,1,False,0
linkedin.com/in/xiomara-wolstenholme-6284,profile_url,xiomara wolstenholme,Xiomara Wolstenholme,linkedin.com/in/xiomara-wolstenholme-6284,Corbridge Realty,Head of Automation,Tomás Beckett,1,1,False,0
linkedin.com/in/xiomara-yarrow-5870,profile_url,xiomara yarrow,Xiomara Yarrow,linkedin.com/in/xiomara-yarrow-5870,Rooksby Legal,VP Enterprise Architecture,Marcus Aldridge,1,1,False,0
linkedin.com/in/xiomara-yarrow-balogun-8619,profile_url,xiomara yarrow balogun,Xiomara Yarrow-Balogun,linkedin.com/in/xiomara-yarrow-balogun-8619,Tannerly Design,Program Manager,Elena Duvall,1,1,False,0
linkedin.com/in/xiomara-zettergren-7353,profile_url,xiomara zettergren,Xiomara Zettergren,linkedin.com/in/xiomara-zettergren-7353,Vespermill Analytics,SVP Digital,Dana Whitfield,1,1,False,0
linkedin.com/in/xiomara-zettergren-jarrold-2641,profile_url,xiomara zettergren jarrold,Xiomara Zettergren-Jarrold,linkedin.com/in/xiomara-zettergren-jarrold-2641,Fairbourne Fitness,Engineering Manager,Tomás Beckett,1,1,False,0
linkedin.com/in/xiomara-zubkov-7340,profile_url,xiomara zubkov,Xiomara Zubkov,linkedin.com/in/xiomara-zubkov-7340,Xanthe Labs,Head of Automation,Priya Raghunathan,1,1,False,0
linkedin.com/in/yara-achterberg-6958,profile_url,yara achterberg,Yara Achterberg,linkedin.com/in/yara-achterberg-6958,Corbridge Realty,Engineering Manager,Dana Whitfield,1,1,False,0
linkedin.com/in/yara-ashdown-1002,profile_url,yara ashdown,Yara Ashdown,linkedin.com/in/yara-ashdown-1002,Xanthe Labs,Head of Platform Engineering,Tomás Beckett,1,1,False,0
linkedin.com/in/yara-balogun-9978,profile_url,yara balogun,Yara Balogun,linkedin.com/in/yara-balogun-9978,Underwood & Vale,Head of Innovation,Tomás Beckett,1,1,False,0
linkedin.com/in/yara-balogun-lindqvist-1844,profile_url,yara balogun lindqvist,Yara Balogun-Lindqvist,linkedin.com/in/yara-balogun-lindqvist-1844,Rooksby Legal,"Senior Manager, Engineering",Owen Trask,1,1,False,0
linkedin.com/in/yara-balogun-merriweather-2496,profile_url,yara balogun merriweather,Yara Balogun-Merriweather,linkedin.com/in/yara-balogun-merriweather-2496,Highmoor Cycles,Head of Innovation,Tomás Beckett,1,1,False,0
linkedin.com/in/yara-bellinger-6527,profile_url,yara bellinger,Yara Bellinger,linkedin.com/in/yara-bellinger-6527,Whitlock Staffing,Platform Lead,Priya Raghunathan,1,1,False,0
linkedin.com/in/yara-bellinger-cardoso-3266,profile_url,yara bellinger cardoso,Yara Bellinger-Cardoso,linkedin.com/in/yara-bellinger-cardoso-3266,Whitlock Staffing,Product Director,Owen Trask,1,1,False,0
linkedin.com/in/yara-brenneman-2831,profile_url,yara brenneman,Yara Brenneman,linkedin.com/in/yara-brenneman-2831,Fairbourne Fitness,Head of Platform Engineering,Tomás Beckett,1,1,False,0
linkedin.com/in/yara-cardoso-9992,profile_url,yara cardoso,Yara Cardoso,linkedin.com/in/yara-cardoso-9992,Pale Harbour Studio,Head of Innovation,Dana Whitfield,1,1,False,0
linkedin.com/in/yara-cathcart-4071,profile_url,yara cathcart,Yara Cathcart,linkedin.com/in/yara-cathcart-4071,Rooksby Legal,Product Director,Dana Whitfield,1,1,False,0
linkedin.com/in/yara-cathcart-egerton-5588,profile_url,yara cathcart egerton,Yara Cathcart-Egerton,linkedin.com/in/yara-cathcart-egerton-5588,Zenner Foods,VP Data & Analytics,Tomás Beckett,1,1,False,0
linkedin.com/in/yara-crowther-2955,profile_url,yara crowther,Yara Crowther,linkedin.com/in/yara-crowther-2955,Rooksby Legal,Staff Engineer,Tomás Beckett,1,1,False,0
linkedin.com/in/yara-dellinger-5932,profile_url,yara dellinger,Yara Dellinger,linkedin.com/in/yara-dellinger-5932,Whitlock Staffing,Program Manager,Dana Whitfield,1,1,False,0
name:yara dobrescu,name_only,yara dobrescu,Yara Dobrescu,,Dunmowe Travel,Product Director,Priya Raghunathan,1,1,False,1
linkedin.com/in/yara-drummond-4742,profile_url,yara drummond,Yara Drummond,linkedin.com/in/yara-drummond-4742,Bellchamber Media,VP Data & Analytics,Tomás Beckett,1,1,False,0
linkedin.com/in/yara-eastcott-9792,profile_url,yara eastcott,Yara Eastcott,linkedin.com/in/yara-eastcott-9792,Xanthe Labs,Product Director,Marcus Aldridge,1,1,False,0
linkedin.com/in/yara-egerton-6857,profile_url,yara egerton,Yara Egerton,linkedin.com/in/yara-egerton-6857,Tannerly Design,Staff Engineer,Dana Whitfield,1,1,False,0
linkedin.com/in/yara-fairweather-8140,profile_url,yara fairweather,Yara Fairweather,linkedin.com/in/yara-fairweather-8140,Fairbourne Fitness,Principal Architect,Marcus Aldridge,1,1,False,0
linkedin.com/in/yara-falkenrath-1308,profile_url,yara falkenrath,Yara Falkenrath,linkedin.com/in/yara-falkenrath-1308,Quintrell Advisory,Director of IT,Tomás Beckett,1,1,False,0
linkedin.com/in/yara-ferreira-7050,profile_url,yara ferreira,Yara Ferreira,linkedin.com/in/yara-ferreira-7050,Whitlock Staffing,Head of Innovation,Marcus Aldridge,1,1,False,0
linkedin.com/in/yara-fontaine-4952,profile_url,yara fontaine,Yara Fontaine,linkedin.com/in/yara-fontaine-4952,Xanthe Labs,Staff Engineer,Tomás Beckett,1,1,False,0
linkedin.com/in/yara-gluckstein-7972,profile_url,yara gluckstein,Yara Glückstein,linkedin.com/in/yara-gluckstein-7972,Ambrose Trading,Chief Data Officer,Dana Whitfield,1,1,False,0
linkedin.com/in/yara-gluckstein-norrington-8160,profile_url,yara gluckstein norrington,Yara Glückstein-Norrington,linkedin.com/in/yara-gluckstein-norrington-8160,Ambrose Trading,Staff Engineer,Tomás Beckett,1,1,False,0
linkedin.com/in/yara-grimsby-6082,profile_url,yara grimsby,Yara Grimsby,linkedin.com/in/yara-grimsby-6082,Bellchamber Media,Chief Data Officer,Marcus Aldridge,1,1,False,0
linkedin.com/in/yara-halloran-5352,profile_url,yara halloran,Yara Halloran,linkedin.com/in/yara-halloran-5352,Tannerly Design,Product Director,Dana Whitfield,1,1,False,0
linkedin.com/in/yara-hartigan-8402,profile_url,yara hartigan,Yara Hartigan,linkedin.com/in/yara-hartigan-8402,Yardley Print,Director of IT,Marcus Aldridge,1,1,False,0
linkedin.com/in/yara-hartigan-balogun-7067,profile_url,yara hartigan balogun,Yara Hartigan-Balogun,linkedin.com/in/yara-hartigan-balogun-7067,Inglenook Bakery,Head of Innovation,Tomás Beckett,1,1,False,0
linkedin.com/in/yara-havercamp-2675,profile_url,yara havercamp,Yara Havercamp,linkedin.com/in/yara-havercamp-2675,Garrowby Books,Head of Innovation,Tomás Beckett,1,1,False,0
linkedin.com/in/yara-hojgaard-3896,profile_url,yara hojgaard,Yara Højgaard,linkedin.com/in/yara-hojgaard-3896,Underwood & Vale,Head of Automation,Tomás Beckett,1,1,False,0
linkedin.com/in/yara-ibarra-8855,profile_url,yara ibarra,Yara Ibarra,linkedin.com/in/yara-ibarra-8855,Rooksby Legal,VP Engineering,Dana Whitfield,1,1,False,0
linkedin.com/in/yara-ingleby-8255,profile_url,yara ingleby,Yara Ingleby,linkedin.com/in/yara-ingleby-8255,Ambrose Trading,Head of Automation,Tomás Beckett,1,1,False,0
linkedin.com/in/yara-isenberg-9926,profile_url,yara isenberg,Yara Isenberg,linkedin.com/in/yara-isenberg-9926,Bellchamber Media,Engineering Manager,Marcus Aldridge,1,1,False,0
linkedin.com/in/yara-jarrold-9988,profile_url,yara jarrold,Yara Jarrold,linkedin.com/in/yara-jarrold-9988,Ambrose Trading,"Senior Manager, Engineering",Tomás Beckett,1,1,False,0
linkedin.com/in/yara-kettleborough-6567,profile_url,yara kettleborough,Yara Kettleborough,linkedin.com/in/yara-kettleborough-6567,Whitlock Staffing,Platform Lead,Priya Raghunathan,1,1,False,0
name:yara kirkbride,name_only,yara kirkbride,Yara Kirkbride,,Inglenook Bakery,VP Engineering,Dana Whitfield,1,1,False,1
linkedin.com/in/yara-kirkbride-dobrescu-9861,profile_url,yara kirkbride dobrescu,Yara Kirkbride-Dobrescu,linkedin.com/in/yara-kirkbride-dobrescu-9861,Corbridge Realty,VP Engineering,Owen Trask,1,1,False,0
linkedin.com/in/yara-lindqvist-3509,profile_url,yara lindqvist,Yara Lindqvist,linkedin.com/in/yara-lindqvist-3509,Elmsworth Tutors,Principal Architect,Priya Raghunathan,1,1,False,0
linkedin.com/in/yara-lomsadze-5767,profile_url,yara lomsadze,Yara Lomsadze,linkedin.com/in/yara-lomsadze-5767,Bellchamber Media,Head of Innovation,Dana Whitfield,1,1,False,0
linkedin.com/in/yara-marchetti-5926,profile_url,yara marchetti,Yara Marchetti,linkedin.com/in/yara-marchetti-5926,Vespermill Analytics,"Senior Manager, Engineering",Dana Whitfield,1,1,False,0
linkedin.com/in/yara-merriweather-7148,profile_url,yara merriweather,Yara Merriweather,linkedin.com/in/yara-merriweather-7148,Inglenook Bakery,Engineering Manager,Dana Whitfield,1,1,False,0
linkedin.com/in/yara-mkhize-2049,profile_url,yara mkhize,Yara Mkhize,linkedin.com/in/yara-mkhize-2049,Underwood & Vale,Director of IT,Marcus Aldridge,1,1,False,0
linkedin.com/in/yara-nakashima-6022,profile_url,yara nakashima,Yara Nakashima,linkedin.com/in/yara-nakashima-6022,Vespermill Analytics,Principal Architect,Marcus Aldridge,1,1,False,0
linkedin.com/in/yara-norrington-7113,profile_url,yara norrington,Yara Norrington,linkedin.com/in/yara-norrington-7113,Tannerly Design,Head of Platform Engineering,Dana Whitfield,1,1,False,0
linkedin.com/in/yara-okonkwo-4247,profile_url,yara okonkwo,Yara Okonkwo,linkedin.com/in/yara-okonkwo-4247,Bellchamber Media,Director of IT,Marcus Aldridge,1,1,False,0
linkedin.com/in/yara-oldfield-4760,profile_url,yara oldfield,Yara Oldfield,linkedin.com/in/yara-oldfield-4760,Fairbourne Fitness,Head of Automation,Priya Raghunathan,1,1,False,0
linkedin.com/in/yara-oldfield-balogun-5343,profile_url,yara oldfield balogun,Yara Oldfield-Balogun,linkedin.com/in/yara-oldfield-balogun-5343,Quintrell Advisory,Head of Innovation,Tomás Beckett,1,1,False,0
linkedin.com/in/yara-oyelaran-2756,profile_url,yara oyelaran,Yara Oyelaran,linkedin.com/in/yara-oyelaran-2756,Tannerly Design,Head of Developer Productivity,Dana Whitfield,1,1,False,0
linkedin.com/in/yara-petrossian-6677,profile_url,yara petrossian,Yara Petrossian,linkedin.com/in/yara-petrossian-6677,Tannerly Design,Head of Innovation,Priya Raghunathan,1,1,False,0
linkedin.com/in/yara-petrossian-halloran-8492,profile_url,yara petrossian halloran,Yara Petrossian-Halloran,linkedin.com/in/yara-petrossian-halloran-8492,Whitlock Staffing,Platform Lead,Elena Duvall,1,1,False,0
linkedin.com/in/yara-prendergast-1199,profile_url,yara prendergast,Yara Prendergast,linkedin.com/in/yara-prendergast-1199,Vespermill Analytics,Chief Data Officer,Dana Whitfield,1,1,False,0
linkedin.com/in/yara-quillane-8807,profile_url,yara quillane,Yara Quillane,linkedin.com/in/yara-quillane-8807,Corbridge Realty,Head of Automation,Dana Whitfield,1,1,False,0
linkedin.com/in/yara-rushworth-4635,profile_url,yara rushworth,Yara Rushworth,linkedin.com/in/yara-rushworth-4635,Quintrell Advisory,Program Manager,Dana Whitfield,1,1,False,0
linkedin.com/in/yara-salcedo-3450,profile_url,yara salcedo,Yara Salcedo,linkedin.com/in/yara-salcedo-3450,Highmoor Cycles,Platform Lead,Priya Raghunathan,1,1,False,0
linkedin.com/in/yara-sandoval-1355,profile_url,yara sandoval,Yara Sandoval,linkedin.com/in/yara-sandoval-1355,Dunmowe Travel,"Senior Manager, Engineering",Dana Whitfield,1,1,False,0
linkedin.com/in/yara-thackeray-8354,profile_url,yara thackeray,Yara Thackeray,linkedin.com/in/yara-thackeray-8354,Fairbourne Fitness,Chief Digital Officer,Marcus Aldridge,1,1,False,0
linkedin.com/in/yara-underhill-8816,profile_url,yara underhill,Yara Underhill,linkedin.com/in/yara-underhill-8816,Quintrell Advisory,Engineering Manager,Marcus Aldridge,1,1,False,0
linkedin.com/in/yara-vandermolen-6076,profile_url,yara vandermolen,Yara Vandermolen,linkedin.com/in/yara-vandermolen-6076,Whitlock Staffing,Head of Automation,Tomás Beckett,1,1,False,0
linkedin.com/in/yara-vasquez-5396,profile_url,yara vasquez,Yara Vasquez,linkedin.com/in/yara-vasquez-5396,Xanthe Labs,Platform Lead,Dana Whitfield,1,1,False,0
linkedin.com/in/yara-wexford-9506,profile_url,yara wexford,Yara Wexford,linkedin.com/in/yara-wexford-9506,Corbridge Realty,Staff Engineer,Marcus Aldridge,1,1,False,0
linkedin.com/in/yara-wolstenholme-9719,profile_url,yara wolstenholme,Yara Wolstenholme,linkedin.com/in/yara-wolstenholme-9719,Dunmowe Travel,Platform Lead,Dana Whitfield,1,1,False,0
linkedin.com/in/yara-yarrow-8938,profile_url,yara yarrow,Yara Yarrow,linkedin.com/in/yara-yarrow-8938,Garrowby Books,Director of IT,Marcus Aldridge,1,1,False,0
linkedin.com/in/yara-zettergren-1008,profile_url,yara zettergren,Yara Zettergren,linkedin.com/in/yara-zettergren-1008,Tannerly Design,Principal Architect,Marcus Aldridge,1,1,False,0
linkedin.com/in/yara-zettergren-cathcart-3290,profile_url,yara zettergren cathcart,Yara Zettergren-Cathcart,linkedin.com/in/yara-zettergren-cathcart-3290,Whitlock Staffing,Chief Operating Officer,Tomás Beckett,1,1,False,0
linkedin.com/in/yara-zubkov-3542,profile_url,yara zubkov,Yara Zubkov,linkedin.com/in/yara-zubkov-3542,Inglenook Bakery,"Senior Manager, Engineering",Dana Whitfield,1,1,False,0
linkedin.com/in/yusuf-achterberg-9336,profile_url,yusuf achterberg,Yusuf Achterberg,linkedin.com/in/yusuf-achterberg-9336,Rooksby Legal,Head of Innovation,Marcus Aldridge,1,1,False,0
linkedin.com/in/yusuf-ashdown-9525,profile_url,yusuf ashdown,Yusuf Ashdown,linkedin.com/in/yusuf-ashdown-9525,Underwood & Vale,Platform Lead,Marcus Aldridge,1,1,False,0
linkedin.com/in/yusuf-ashdown-oldfield-9536,profile_url,yusuf ashdown oldfield,Yusuf Ashdown-Oldfield,linkedin.com/in/yusuf-ashdown-oldfield-9536,Highmoor Cycles,Director of IT,Tomás Beckett,1,1,False,0
linkedin.com/in/yusuf-balogun-9912,profile_url,yusuf balogun,Yusuf Balogun,linkedin.com/in/yusuf-balogun-9912,Underwood & Vale,Head of Innovation,Dana Whitfield,1,1,False,0
linkedin.com/in/yusuf-bellinger-1556,profile_url,yusuf bellinger,Yusuf Bellinger,linkedin.com/in/yusuf-bellinger-1556,Pale Harbour Studio,Platform Lead,Dana Whitfield,1,1,False,0
name:yusuf brenneman,name_only,yusuf brenneman,Yusuf Brenneman,,Inglenook Bakery,Head of Automation,Marcus Aldridge,1,1,False,1
linkedin.com/in/yusuf-brenneman-underhill-7121,profile_url,yusuf brenneman underhill,Yusuf Brenneman-Underhill,linkedin.com/in/yusuf-brenneman-underhill-7121,Underwood & Vale,"Senior Manager, Engineering",Elena Duvall,1,1,False,0
linkedin.com/in/yusuf-cardoso-5599,profile_url,yusuf cardoso,Yusuf Cardoso,linkedin.com/in/yusuf-cardoso-5599,Yardley Print,VP Data & Analytics,Dana Whitfield,1,1,False,0
linkedin.com/in/yusuf-cathcart-8721,profile_url,yusuf cathcart,Yusuf Cathcart,linkedin.com/in/yusuf-cathcart-8721,Highmoor Cycles,Product Director,Priya Raghunathan,1,1,False,0
linkedin.com/in/yusuf-crowther-7989,profile_url,yusuf crowther,Yusuf Crowther,linkedin.com/in/yusuf-crowther-7989,Fairbourne Fitness,Staff Engineer,Tomás Beckett,1,1,False,0
linkedin.com/in/yusuf-dellinger-6661,profile_url,yusuf dellinger,Yusuf Dellinger,linkedin.com/in/yusuf-dellinger-6661,Xanthe Labs,Platform Lead,Dana Whitfield,1,1,False,0
linkedin.com/in/yusuf-dellinger-brenneman-7781,profile_url,yusuf dellinger brenneman,Yusuf Dellinger-Brenneman,linkedin.com/in/yusuf-dellinger-brenneman-7781,Quintrell Advisory,Director of IT,Elena Duvall,1,1,False,0
linkedin.com/in/yusuf-dobrescu-8792,profile_url,yusuf dobrescu,Yusuf Dobrescu,linkedin.com/in/yusuf-dobrescu-8792,Underwood & Vale,Head of Innovation,Dana Whitfield,1,1,False,0
linkedin.com/in/yusuf-drummond-2041,profile_url,yusuf drummond,Yusuf Drummond,linkedin.com/in/yusuf-drummond-2041,Quintrell Advisory,Chief Information Officer,Priya Raghunathan,1,1,False,0
linkedin.com/in/yusuf-eastcott-6481,profile_url,yusuf eastcott,Yusuf Eastcott,linkedin.com/in/yusuf-eastcott-6481,Xanthe Labs,VP Engineering,Dana Whitfield,1,1,False,0
linkedin.com/in/yusuf-egerton-2856,profile_url,yusuf egerton,Yusuf Egerton,linkedin.com/in/yusuf-egerton-2856,Zenner Foods,VP Enterprise Architecture,Marcus Aldridge,1,1,False,0
linkedin.com/in/yusuf-egerton-thackeray-1423,profile_url,yusuf egerton thackeray,Yusuf Egerton-Thackeray,linkedin.com/in/yusuf-egerton-thackeray-1423,Vespermill Analytics,SVP Digital,Tomás Beckett,1,1,False,0
linkedin.com/in/yusuf-fairweather-5797,profile_url,yusuf fairweather,Yusuf Fairweather,linkedin.com/in/yusuf-fairweather-5797,Fairbourne Fitness,Director of Software Engineering,Marcus Aldridge,1,1,False,0
linkedin.com/in/yusuf-fairweather-dobrescu-5268,profile_url,yusuf fairweather dobrescu,Yusuf Fairweather-Dobrescu,linkedin.com/in/yusuf-fairweather-dobrescu-5268,Ambrose Trading,Chief Information Officer,Tomás Beckett,1,1,False,0
linkedin.com/in/yusuf-fairweather-nakashima-8023,profile_url,yusuf fairweather nakashima,Yusuf Fairweather-Nakashima,linkedin.com/in/yusuf-fairweather-nakashima-8023,Zenner Foods,"Senior Manager, Engineering",Tomás Beckett,1,1,False,0
linkedin.com/in/yusuf-falkenrath-8693,profile_url,yusuf falkenrath,Yusuf Falkenrath,linkedin.com/in/yusuf-falkenrath-8693,Inglenook Bakery,Staff Engineer,Dana Whitfield,1,1,False,0
linkedin.com/in/yusuf-ferreira-6403,profile_url,yusuf ferreira,Yusuf Ferreira,linkedin.com/in/yusuf-ferreira-6403,Fairbourne Fitness,Head of Innovation,Marcus Aldridge,1,1,False,0
linkedin.com/in/yusuf-fontaine-1623,profile_url,yusuf fontaine,Yusuf Fontaine,linkedin.com/in/yusuf-fontaine-1623,Yardley Print,Director of IT,Marcus Aldridge,1,1,False,0
linkedin.com/in/yusuf-fontaine-okonkwo-6762,profile_url,yusuf fontaine okonkwo,Yusuf Fontaine-Okonkwo,linkedin.com/in/yusuf-fontaine-okonkwo-6762,Xanthe Labs,Head of Innovation,Elena Duvall,1,1,False,0
name:yusuf gluckstein,name_only,yusuf gluckstein,Yusuf Glückstein,,Pale Harbour Studio,Engineering Manager,Marcus Aldridge,1,1,False,1
name:yusuf gluckstein hojgaard,name_only,yusuf gluckstein hojgaard,Yusuf Glückstein-Højgaard,,Yardley Print,Platform Lead,Tomás Beckett,1,1,False,1
linkedin.com/in/yusuf-grimsby-7165,profile_url,yusuf grimsby,Yusuf Grimsby,linkedin.com/in/yusuf-grimsby-7165,Ambrose Trading,VP Enterprise Architecture,Priya Raghunathan,1,1,False,0
linkedin.com/in/yusuf-halloran-3963,profile_url,yusuf halloran,Yusuf Halloran,linkedin.com/in/yusuf-halloran-3963,Bellchamber Media,Program Manager,Marcus Aldridge,1,1,False,0
linkedin.com/in/yusuf-hartigan-6800,profile_url,yusuf hartigan,Yusuf Hartigan,linkedin.com/in/yusuf-hartigan-6800,Fairbourne Fitness,Director of IT,Tomás Beckett,1,1,False,0
linkedin.com/in/yusuf-havercamp-4933,profile_url,yusuf havercamp,Yusuf Havercamp,linkedin.com/in/yusuf-havercamp-4933,Whitlock Staffing,Chief Digital Officer,Dana Whitfield,1,1,False,0
linkedin.com/in/yusuf-hojgaard-5497,profile_url,yusuf hojgaard,Yusuf Højgaard,linkedin.com/in/yusuf-hojgaard-5497,Corbridge Realty,Director of IT,Dana Whitfield,1,1,False,0
linkedin.com/in/yusuf-ibarra-6226,profile_url,yusuf ibarra,Yusuf Ibarra,linkedin.com/in/yusuf-ibarra-6226,Tannerly Design,Staff Engineer,Priya Raghunathan,1,1,False,0
linkedin.com/in/yusuf-ingleby-4921,profile_url,yusuf ingleby,Yusuf Ingleby,linkedin.com/in/yusuf-ingleby-4921,Whitlock Staffing,Staff Engineer,Priya Raghunathan,1,1,False,0
linkedin.com/in/yusuf-isenberg-9912,profile_url,yusuf isenberg,Yusuf Isenberg,linkedin.com/in/yusuf-isenberg-9912,Rooksby Legal,Engineering Manager,Dana Whitfield,1,1,False,0
linkedin.com/in/yusuf-jarrold-1241,profile_url,yusuf jarrold,Yusuf Jarrold,linkedin.com/in/yusuf-jarrold-1241,Garrowby Books,Engineering Manager,Dana Whitfield,1,1,False,0
linkedin.com/in/yusuf-kettleborough-3033,profile_url,yusuf kettleborough,Yusuf Kettleborough,linkedin.com/in/yusuf-kettleborough-3033,Elmsworth Tutors,Staff Engineer,Dana Whitfield,1,1,False,0
linkedin.com/in/yusuf-kirkbride-4617,profile_url,yusuf kirkbride,Yusuf Kirkbride,linkedin.com/in/yusuf-kirkbride-4617,Tannerly Design,Chief Data Officer,Marcus Aldridge,1,1,False,0
linkedin.com/in/yusuf-lindqvist-8055,profile_url,yusuf lindqvist,Yusuf Lindqvist,linkedin.com/in/yusuf-lindqvist-8055,Xanthe Labs,Product Director,Marcus Aldridge,1,1,False,0
linkedin.com/in/yusuf-lindqvist-wolstenholme-8402,profile_url,yusuf lindqvist wolstenholme,Yusuf Lindqvist-Wolstenholme,linkedin.com/in/yusuf-lindqvist-wolstenholme-8402,Bellchamber Media,VP Data & Analytics,Owen Trask,1,1,False,0
linkedin.com/in/yusuf-lomsadze-5409,profile_url,yusuf lomsadze,Yusuf Lomsadze,linkedin.com/in/yusuf-lomsadze-5409,Fairbourne Fitness,Head of Innovation,Priya Raghunathan,1,1,False,0
linkedin.com/in/yusuf-lomsadze-ferreira-9663,profile_url,yusuf lomsadze ferreira,Yusuf Lomsadze-Ferreira,linkedin.com/in/yusuf-lomsadze-ferreira-9663,Tannerly Design,VP Data & Analytics,Elena Duvall,1,1,False,0
linkedin.com/in/yusuf-marchetti-1980,profile_url,yusuf marchetti,Yusuf Marchetti,linkedin.com/in/yusuf-marchetti-1980,Underwood & Vale,Principal Architect,Tomás Beckett,1,1,False,0
linkedin.com/in/yusuf-merriweather-6023,profile_url,yusuf merriweather,Yusuf Merriweather,linkedin.com/in/yusuf-merriweather-6023,Rooksby Legal,Product Director,Marcus Aldridge,1,1,False,0
linkedin.com/in/yusuf-merriweather-hojgaard-3248,profile_url,yusuf merriweather hojgaard,Yusuf Merriweather-Højgaard,linkedin.com/in/yusuf-merriweather-hojgaard-3248,Whitlock Staffing,Head of Platform Engineering,Owen Trask,1,1,False,0
linkedin.com/in/yusuf-mkhize-1123,profile_url,yusuf mkhize,Yusuf Mkhize,linkedin.com/in/yusuf-mkhize-1123,Highmoor Cycles,Platform Lead,Dana Whitfield,1,1,False,0
linkedin.com/in/yusuf-nakashima-3365,profile_url,yusuf nakashima,Yusuf Nakashima,linkedin.com/in/yusuf-nakashima-3365,Inglenook Bakery,Head of Developer Productivity,Marcus Aldridge,1,1,False,0
name:yusuf nakashima ibarra,name_only,yusuf nakashima ibarra,Yusuf Nakashima-Ibarra,,Tannerly Design,Staff Engineer,Tomás Beckett,1,1,False,1
linkedin.com/in/yusuf-norrington-5448,profile_url,yusuf norrington,Yusuf Norrington,linkedin.com/in/yusuf-norrington-5448,Underwood & Vale,Head of Automation,Marcus Aldridge,1,1,False,0
linkedin.com/in/yusuf-okonkwo-8033,profile_url,yusuf okonkwo,Yusuf Okonkwo,linkedin.com/in/yusuf-okonkwo-8033,Xanthe Labs,SVP Digital,Marcus Aldridge,1,1,False,0
linkedin.com/in/yusuf-oldfield-4065,profile_url,yusuf oldfield,Yusuf Oldfield,linkedin.com/in/yusuf-oldfield-4065,Falkirk Shipping,Product Director,Marcus Aldridge; Priya Raghunathan,2,1,False,0
linkedin.com/in/yusuf-oyelaran-8347,profile_url,yusuf oyelaran,Yusuf Oyelaran,linkedin.com/in/yusuf-oyelaran-8347,Pale Harbour Studio,Chief Technology Officer,Tomás Beckett,1,1,False,0
linkedin.com/in/yusuf-oyelaran-havercamp-7199,profile_url,yusuf oyelaran havercamp,Yusuf Oyelaran-Havercamp,linkedin.com/in/yusuf-oyelaran-havercamp-7199,Tannerly Design,Chief Information Officer,Elena Duvall,1,1,False,0
linkedin.com/in/yusuf-oyelaran-thackeray-4645,profile_url,yusuf oyelaran thackeray,Yusuf Oyelaran-Thackeray,linkedin.com/in/yusuf-oyelaran-thackeray-4645,Underwood & Vale,Program Manager,Owen Trask,1,1,False,0
name:yusuf oyelaran underhill,name_only,yusuf oyelaran underhill,Yusuf Oyelaran-Underhill,,Corbridge Realty,Director of IT,Owen Trask,1,1,False,1
linkedin.com/in/yusuf-prendergast-1065,profile_url,yusuf prendergast,Yusuf Prendergast,linkedin.com/in/yusuf-prendergast-1065,Garrowby Books,Head of Innovation,Priya Raghunathan,1,1,False,0
linkedin.com/in/yusuf-prendergast-zubkov-7296,profile_url,yusuf prendergast zubkov,Yusuf Prendergast-Zubkov,linkedin.com/in/yusuf-prendergast-zubkov-7296,Garrowby Books,Program Manager,Tomás Beckett,1,1,False,0
linkedin.com/in/yusuf-quillane-7394,profile_url,yusuf quillane,Yusuf Quillane,linkedin.com/in/yusuf-quillane-7394,Rooksby Legal,"Senior Manager, Engineering",Priya Raghunathan,1,1,False,0
linkedin.com/in/yusuf-rushworth-1129,profile_url,yusuf rushworth,Yusuf Rushworth,linkedin.com/in/yusuf-rushworth-1129,Tannerly Design,SVP Digital,Marcus Aldridge,1,1,False,0
linkedin.com/in/yusuf-salcedo-3570,profile_url,yusuf salcedo,Yusuf Salcedo,linkedin.com/in/yusuf-salcedo-3570,Ambrose Trading,"Senior Manager, Engineering",Priya Raghunathan,1,1,False,0
linkedin.com/in/yusuf-sandoval-1306,profile_url,yusuf sandoval,Yusuf Sandoval,linkedin.com/in/yusuf-sandoval-1306,Rooksby Legal,Chief Data Officer,Marcus Aldridge,1,1,False,0
linkedin.com/in/yusuf-thackeray-2690,profile_url,yusuf thackeray,Yusuf Thackeray,linkedin.com/in/yusuf-thackeray-2690,Fairbourne Fitness,Director of IT,Dana Whitfield,1,1,False,0
linkedin.com/in/yusuf-underhill-7493,profile_url,yusuf underhill,Yusuf Underhill,linkedin.com/in/yusuf-underhill-7493,Tannerly Design,Chief Information Officer,Marcus Aldridge,1,1,False,0
linkedin.com/in/yusuf-vandermolen-2182,profile_url,yusuf vandermolen,Yusuf Vandermolen,linkedin.com/in/yusuf-vandermolen-2182,Bellchamber Media,Product Director,Marcus Aldridge,1,1,False,0
linkedin.com/in/yusuf-vasquez-3177,profile_url,yusuf vasquez,Yusuf Vasquez,linkedin.com/in/yusuf-vasquez-3177,Strathmore Rail,Director of Software Engineering,Elena Duvall; Marcus Aldridge,2,1,False,0
linkedin.com/in/yusuf-vasquez-nakashima-2145,profile_url,yusuf vasquez nakashima,Yusuf Vasquez-Nakashima,linkedin.com/in/yusuf-vasquez-nakashima-2145,Ondermark Consulting,Product Director,Owen Trask,1,1,False,0
linkedin.com/in/yusuf-wexford-1766,profile_url,yusuf wexford,Yusuf Wexford,linkedin.com/in/yusuf-wexford-1766,Dunmowe Travel,Director of IT,Marcus Aldridge,1,1,False,0
linkedin.com/in/yusuf-wolstenholme-5343,profile_url,yusuf wolstenholme,Yusuf Wolstenholme,linkedin.com/in/yusuf-wolstenholme-5343,Bexley Bioworks,Chief Information Officer,Priya Raghunathan; Tomás Beckett,2,1,False,0
linkedin.com/in/yusuf-yarrow-6080,profile_url,yusuf yarrow,Yusuf Yarrow,linkedin.com/in/yusuf-yarrow-6080,Tannerly Design,Staff Engineer,Dana Whitfield,1,1,False,0
linkedin.com/in/yusuf-zettergren-2583,profile_url,yusuf zettergren,Yusuf Zettergren,linkedin.com/in/yusuf-zettergren-2583,Ambrose Trading,Program Manager,Priya Raghunathan,1,1,False,0
linkedin.com/in/yusuf-zettergren-kettleborough-3743,profile_url,yusuf zettergren kettleborough,Yusuf Zettergren-Kettleborough,linkedin.com/in/yusuf-zettergren-kettleborough-3743,Underwood & Vale,Engineering Manager,Tomás Beckett,1,1,False,0
linkedin.com/in/yusuf-zettergren-lindqvist-2165,profile_url,yusuf zettergren lindqvist,Yusuf Zettergren-Lindqvist,linkedin.com/in/yusuf-zettergren-lindqvist-2165,Bellchamber Media,Director of IT,Owen Trask,1,1,False,0
linkedin.com/in/yusuf-zubkov-5382,profile_url,yusuf zubkov,Yusuf Zubkov,linkedin.com/in/yusuf-zubkov-5382,Underwood & Vale,Director of IT,Dana Whitfield,1,1,False,0
linkedin.com/in/zaid-achterberg-6970,profile_url,zaid achterberg,Zaid Achterberg,linkedin.com/in/zaid-achterberg-6970,Quintrell Advisory,"Senior Manager, Engineering",Tomás Beckett,1,1,False,0
linkedin.com/in/zaid-achterberg-ashdown-9781,profile_url,zaid achterberg ashdown,Zaid Achterberg-Ashdown,linkedin.com/in/zaid-achterberg-ashdown-9781,Yardley Print,Product Director,Owen Trask,1,1,False,0
name:zaid ashdown,name_only,zaid ashdown,Zaid Ashdown,,Ondermark Consulting,Director of IT,Tomás Beckett,1,1,False,1
linkedin.com/in/zaid-balogun-5235,profile_url,zaid balogun,Zaid Balogun,linkedin.com/in/zaid-balogun-5235,Whitlock Staffing,Platform Lead,Dana Whitfield,1,1,False,0
linkedin.com/in/zaid-bellinger-3862,profile_url,zaid bellinger,Zaid Bellinger,linkedin.com/in/zaid-bellinger-3862,Garrowby Books,Staff Engineer,Tomás Beckett,1,1,False,0
linkedin.com/in/zaid-brenneman-7482,profile_url,zaid brenneman,Zaid Brenneman,linkedin.com/in/zaid-brenneman-7482,Fairbourne Fitness,Platform Lead,Priya Raghunathan,1,1,False,0
linkedin.com/in/zaid-brenneman-quillane-7926,profile_url,zaid brenneman quillane,Zaid Brenneman-Quillane,linkedin.com/in/zaid-brenneman-quillane-7926,Highmoor Cycles,Engineering Manager,Elena Duvall,1,1,False,0
linkedin.com/in/zaid-cardoso-3436,profile_url,zaid cardoso,Zaid Cardoso,linkedin.com/in/zaid-cardoso-3436,Underwood & Vale,Platform Lead,Marcus Aldridge,1,1,False,0
linkedin.com/in/zaid-cathcart-4365,profile_url,zaid cathcart,Zaid Cathcart,linkedin.com/in/zaid-cathcart-4365,Fairbourne Fitness,Program Manager,Priya Raghunathan,1,1,False,0
linkedin.com/in/zaid-crowther-3167,profile_url,zaid crowther,Zaid Crowther,linkedin.com/in/zaid-crowther-3167,Ambrose Trading,Director of IT,Priya Raghunathan,1,1,False,0
linkedin.com/in/zaid-dellinger-4004,profile_url,zaid dellinger,Zaid Dellinger,linkedin.com/in/zaid-dellinger-4004,Highmoor Cycles,"Senior Manager, Engineering",Tomás Beckett,1,1,False,0
linkedin.com/in/zaid-dobrescu-7018,profile_url,zaid dobrescu,Zaid Dobrescu,linkedin.com/in/zaid-dobrescu-7018,Tannerly Design,Program Manager,Dana Whitfield,1,1,False,0
linkedin.com/in/zaid-drummond-8456,profile_url,zaid drummond,Zaid Drummond,linkedin.com/in/zaid-drummond-8456,Bellchamber Media,Director of IT,Priya Raghunathan,1,1,False,0
linkedin.com/in/zaid-eastcott-8601,profile_url,zaid eastcott,Zaid Eastcott,linkedin.com/in/zaid-eastcott-8601,Vespermill Analytics,Chief Technology Officer,Tomás Beckett,1,1,False,0
linkedin.com/in/zaid-egerton-3404,profile_url,zaid egerton,Zaid Egerton,linkedin.com/in/zaid-egerton-3404,Yardley Print,Chief Information Officer,Tomás Beckett,1,1,False,0
linkedin.com/in/zaid-fairweather-6540,profile_url,zaid fairweather,Zaid Fairweather,linkedin.com/in/zaid-fairweather-6540,Underwood & Vale,Chief Operating Officer,Marcus Aldridge,1,1,False,0
linkedin.com/in/zaid-falkenrath-9441,profile_url,zaid falkenrath,Zaid Falkenrath,linkedin.com/in/zaid-falkenrath-9441,Highmoor Cycles,Product Director,Dana Whitfield,1,1,False,0
linkedin.com/in/zaid-ferreira-3830,profile_url,zaid ferreira,Zaid Ferreira,linkedin.com/in/zaid-ferreira-3830,Corbridge Realty,Engineering Manager,Dana Whitfield,1,1,False,0
linkedin.com/in/zaid-ferreira-ibarra-2157,profile_url,zaid ferreira ibarra,Zaid Ferreira-Ibarra,linkedin.com/in/zaid-ferreira-ibarra-2157,Tannerly Design,Head of Developer Productivity,Owen Trask,1,1,False,0
linkedin.com/in/zaid-fontaine-2809,profile_url,zaid fontaine,Zaid Fontaine,linkedin.com/in/zaid-fontaine-2809,Nortonbury Logistics,Chief Operating Officer,Dana Whitfield; Priya Raghunathan,2,1,False,0
linkedin.com/in/zaid-gluckstein-7196,profile_url,zaid gluckstein,Zaid Glückstein,linkedin.com/in/zaid-gluckstein-7196,Yardley Print,Program Manager,Dana Whitfield,1,1,False,0
name:zaid grimsby,name_only,zaid grimsby,Zaid Grimsby,,Whitlock Staffing,Program Manager,Dana Whitfield,1,1,False,1
linkedin.com/in/zaid-halloran-1395,profile_url,zaid halloran,Zaid Halloran,linkedin.com/in/zaid-halloran-1395,Bellchamber Media,VP Data & Analytics,Dana Whitfield,1,1,False,0
linkedin.com/in/zaid-hartigan-7742,profile_url,zaid hartigan,Zaid Hartigan,linkedin.com/in/zaid-hartigan-7742,Rooksby Legal,Platform Lead,Dana Whitfield,1,1,False,0
linkedin.com/in/zaid-havercamp-7099,profile_url,zaid havercamp,Zaid Havercamp,linkedin.com/in/zaid-havercamp-7099,Vespermill Analytics,Head of Innovation,Marcus Aldridge,1,1,False,0
linkedin.com/in/zaid-hojgaard-7753,profile_url,zaid hojgaard,Zaid Højgaard,linkedin.com/in/zaid-hojgaard-7753,Dunmowe Travel,Head of Innovation,Tomás Beckett,1,1,False,0
linkedin.com/in/zaid-ibarra-5747,profile_url,zaid ibarra,Zaid Ibarra,linkedin.com/in/zaid-ibarra-5747,Rooksby Legal,Head of Innovation,Marcus Aldridge,1,1,False,0
name:zaid ibarra isenberg,name_only,zaid ibarra isenberg,Zaid Ibarra-Isenberg,,Dunmowe Travel,SVP Digital,Owen Trask,1,1,False,1
linkedin.com/in/zaid-ingleby-7838,profile_url,zaid ingleby,Zaid Ingleby,linkedin.com/in/zaid-ingleby-7838,Xanthe Labs,Director of IT,Priya Raghunathan,1,1,False,0
linkedin.com/in/zaid-ingleby-ibarra-6155,profile_url,zaid ingleby ibarra,Zaid Ingleby-Ibarra,linkedin.com/in/zaid-ingleby-ibarra-6155,Rooksby Legal,Director of IT,Owen Trask,1,1,False,0
name:zaid isenberg,name_only,zaid isenberg,Zaid Isenberg,,Tannerly Design,Head of Innovation,Priya Raghunathan,1,1,False,1
linkedin.com/in/zaid-jarrold-6097,profile_url,zaid jarrold,Zaid Jarrold,linkedin.com/in/zaid-jarrold-6097,Quintrell Advisory,Engineering Manager,Marcus Aldridge,1,1,False,0
linkedin.com/in/zaid-kettleborough-6140,profile_url,zaid kettleborough,Zaid Kettleborough,linkedin.com/in/zaid-kettleborough-6140,Garrowby Books,"Senior Manager, Engineering",Marcus Aldridge,1,1,False,0
linkedin.com/in/zaid-kirkbride-6327,profile_url,zaid kirkbride,Zaid Kirkbride,linkedin.com/in/zaid-kirkbride-6327,Pale Harbour Studio,Chief Operating Officer,Marcus Aldridge,1,1,False,0
linkedin.com/in/zaid-lindqvist-1636,profile_url,zaid lindqvist,Zaid Lindqvist,linkedin.com/in/zaid-lindqvist-1636,Bellchamber Media,Engineering Manager,Tomás Beckett,1,1,False,0
name:zaid lomsadze,name_only,zaid lomsadze,Zaid Lomsadze,,Ondermark Consulting,Chief Data Officer,Tomás Beckett,1,1,False,1
linkedin.com/in/zaid-marchetti-8377,profile_url,zaid marchetti,Zaid Marchetti,linkedin.com/in/zaid-marchetti-8377,Ondermark Consulting,Platform Lead,Marcus Aldridge,1,1,False,0
linkedin.com/in/zaid-merriweather-4797,profile_url,zaid merriweather,Zaid Merriweather,linkedin.com/in/zaid-merriweather-4797,Inglenook Bakery,Head of Innovation,Priya Raghunathan,1,1,False,0
linkedin.com/in/zaid-mkhize-9564,profile_url,zaid mkhize,Zaid Mkhize,linkedin.com/in/zaid-mkhize-9564,Garrowby Books,Platform Lead,Dana Whitfield,1,1,False,0
linkedin.com/in/zaid-mkhize-balogun-2324,profile_url,zaid mkhize balogun,Zaid Mkhize-Balogun,linkedin.com/in/zaid-mkhize-balogun-2324,Garrowby Books,Product Director,Tomás Beckett,1,1,False,0
linkedin.com/in/zaid-nakashima-9545,profile_url,zaid nakashima,Zaid Nakashima,linkedin.com/in/zaid-nakashima-9545,Zenner Foods,VP Data & Analytics,Dana Whitfield,1,1,False,0
linkedin.com/in/zaid-norrington-2481,profile_url,zaid norrington,Zaid Norrington,linkedin.com/in/zaid-norrington-2481,Vespermill Analytics,Chief Technology Officer,Tomás Beckett,1,1,False,0
linkedin.com/in/zaid-okonkwo-4297,profile_url,zaid okonkwo,Zaid Okonkwo,linkedin.com/in/zaid-okonkwo-4297,Pale Harbour Studio,VP Enterprise Architecture,Priya Raghunathan,1,1,False,0
linkedin.com/in/zaid-oldfield-1636,profile_url,zaid oldfield,Zaid Oldfield,linkedin.com/in/zaid-oldfield-1636,Elmsworth Tutors,Head of Innovation,Tomás Beckett,1,1,False,0
linkedin.com/in/zaid-oyelaran-6288,profile_url,zaid oyelaran,Zaid Oyelaran,linkedin.com/in/zaid-oyelaran-6288,Dunmowe Travel,Staff Engineer,Marcus Aldridge,1,1,False,0
linkedin.com/in/zaid-petrossian-2942,profile_url,zaid petrossian,Zaid Petrossian,linkedin.com/in/zaid-petrossian-2942,Ambrose Trading,Head of Automation,Dana Whitfield,1,1,False,0
linkedin.com/in/zaid-prendergast-5088,profile_url,zaid prendergast,Zaid Prendergast,linkedin.com/in/zaid-prendergast-5088,Tannerly Design,Head of Platform Engineering,Tomás Beckett,1,1,False,0
linkedin.com/in/zaid-prendergast-bellinger-4896,profile_url,zaid prendergast bellinger,Zaid Prendergast-Bellinger,linkedin.com/in/zaid-prendergast-bellinger-4896,Ondermark Consulting,Chief Operating Officer,Tomás Beckett,1,1,False,0
linkedin.com/in/zaid-quillane-7673,profile_url,zaid quillane,Zaid Quillane,linkedin.com/in/zaid-quillane-7673,Rooksby Legal,Product Director,Dana Whitfield,1,1,False,0
linkedin.com/in/zaid-rushworth-2927,profile_url,zaid rushworth,Zaid Rushworth,linkedin.com/in/zaid-rushworth-2927,Pale Harbour Studio,VP Enterprise Architecture,Tomás Beckett,1,1,False,0
linkedin.com/in/zaid-salcedo-3827,profile_url,zaid salcedo,Zaid Salcedo,linkedin.com/in/zaid-salcedo-3827,Yardley Print,Director of IT,Dana Whitfield,1,1,False,0
linkedin.com/in/zaid-sandoval-3321,profile_url,zaid sandoval,Zaid Sandoval,linkedin.com/in/zaid-sandoval-3321,Ambrose Trading,Head of Innovation,Dana Whitfield,1,1,False,0
linkedin.com/in/zaid-thackeray-9676,profile_url,zaid thackeray,Zaid Thackeray,linkedin.com/in/zaid-thackeray-9676,Vespermill Analytics,Director of Software Engineering,Dana Whitfield,1,1,False,0
linkedin.com/in/zaid-underhill-7438,profile_url,zaid underhill,Zaid Underhill,linkedin.com/in/zaid-underhill-7438,Ondermark Consulting,Principal Architect,Marcus Aldridge,1,1,False,0
linkedin.com/in/zaid-vandermolen-5903,profile_url,zaid vandermolen,Zaid Vandermolen,linkedin.com/in/zaid-vandermolen-5903,Xanthe Labs,Platform Lead,Marcus Aldridge,1,1,False,0
linkedin.com/in/zaid-vasquez-4950,profile_url,zaid vasquez,Zaid Vasquez,linkedin.com/in/zaid-vasquez-4950,Yardley Print,"Senior Manager, Engineering",Tomás Beckett,1,1,False,0
linkedin.com/in/zaid-vasquez-bellinger-7307,profile_url,zaid vasquez bellinger,Zaid Vasquez-Bellinger,linkedin.com/in/zaid-vasquez-bellinger-7307,Highmoor Cycles,VP Data & Analytics,Tomás Beckett,1,1,False,0
linkedin.com/in/zaid-vasquez-marchetti-5991,profile_url,zaid vasquez marchetti,Zaid Vasquez-Marchetti,linkedin.com/in/zaid-vasquez-marchetti-5991,Corbridge Realty,VP Enterprise Architecture,Tomás Beckett,1,1,False,0
linkedin.com/in/zaid-wexford-3187,profile_url,zaid wexford,Zaid Wexford,linkedin.com/in/zaid-wexford-3187,Zenner Foods,Platform Lead,Marcus Aldridge,1,1,False,0
linkedin.com/in/zaid-wolstenholme-8083,profile_url,zaid wolstenholme,Zaid Wolstenholme,linkedin.com/in/zaid-wolstenholme-8083,Vespermill Analytics,Principal Architect,Dana Whitfield,1,1,False,0
linkedin.com/in/zaid-wolstenholme-lomsadze-3873,profile_url,zaid wolstenholme lomsadze,Zaid Wolstenholme-Lomsadze,linkedin.com/in/zaid-wolstenholme-lomsadze-3873,Elmsworth Tutors,Chief Digital Officer,Elena Duvall,1,1,False,0
linkedin.com/in/zaid-wolstenholme-zettergren-5386,profile_url,zaid wolstenholme zettergren,Zaid Wolstenholme-Zettergren,linkedin.com/in/zaid-wolstenholme-zettergren-5386,Inglenook Bakery,Chief Data Officer,Elena Duvall,1,1,False,0
linkedin.com/in/zaid-yarrow-2865,profile_url,zaid yarrow,Zaid Yarrow,linkedin.com/in/zaid-yarrow-2865,Zenner Foods,Chief Operating Officer,Marcus Aldridge,1,1,False,0
linkedin.com/in/zaid-zettergren-4981,profile_url,zaid zettergren,Zaid Zettergren,linkedin.com/in/zaid-zettergren-4981,Xanthe Labs,Program Manager,Marcus Aldridge,1,1,False,0
linkedin.com/in/zaid-zubkov-3823,profile_url,zaid zubkov,Zaid Zubkov,linkedin.com/in/zaid-zubkov-3823,Zenner Foods,Engineering Manager,Marcus Aldridge,1,1,False,0
